id,category,priority,description,solution,prompt
TICKET-0001,Demande d'information,Normale,Demande d'aide pour utiliser le système.,Fourniture de la documentation appropriée et explication détaillée.,"Catégorie: Demande d'information
Priorité: Normale
Description: Demande d'aide pour utiliser le système.
Solution: Fourniture de la documentation appropriée et explication détaillée.
Statut: Résolu"
TICKET-0002,Accès refusé,Basse,Impossible d'accéder à l'application - Permissions insuffisantes.,Vérification des permissions utilisateur et mise à jour des droits d'accès.,"Catégorie: Accès refusé
Priorité: Basse
Description: Impossible d'accéder à l'application - Permissions insuffisantes.
Solution: Vérification des permissions utilisateur et mise à jour des droits d'accès.
Statut: Résolu"
TICKET-0003,Problème technique,Normale,L'utilisateur 3 rencontre un dysfonctionnement avec l'interface.,Vérification des logs système et redémarrage du service concerné.,"Catégorie: Problème technique
Priorité: Normale
Description: L'utilisateur 3 rencontre un dysfonctionnement avec l'interface.
Solution: Vérification des logs système et redémarrage du service concerné.
Statut: Résolu"
TICKET-0004,Récupération de mot de passe,Basse,Problème de catégorie Récupération de mot de passe pour l'utilisateur 4.,Solution en cours d'élaboration.,"Catégorie: Récupération de mot de passe
Priorité: Basse
Description: Problème de catégorie Récupération de mot de passe pour l'utilisateur 4.
Solution: Solution en cours d'élaboration.
Statut: Résolu"
TICKET-0005,Erreur de connexion,Normale,Échec de connexion au serveur web - Timeout après 42 secondes.,Test de connectivité réseau et reconfiguration des paramètres.,"Catégorie: Erreur de connexion
Priorité: Normale
Description: Échec de connexion au serveur web - Timeout après 42 secondes.
Solution: Test de connectivité réseau et reconfiguration des paramètres.
Statut: Résolu"
TICKET-0006,Demande d'information,Critique,Demande d'aide pour configurer le système.,Fourniture de la documentation appropriée et explication détaillée.,"Catégorie: Demande d'information
Priorité: Critique
Description: Demande d'aide pour configurer le système.
Solution: Fourniture de la documentation appropriée et explication détaillée.
Statut: Résolu"
TICKET-0007,Formation utilisateur,Haute,Problème de catégorie Formation utilisateur pour l'utilisateur 7.,Organisation de session de formation et création de guides.,"Catégorie: Formation utilisateur
Priorité: Haute
Description: Problème de catégorie Formation utilisateur pour l'utilisateur 7.
Solution: Organisation de session de formation et création de guides.
Statut: Résolu"
TICKET-0008,Accès refusé,Basse,Impossible d'accéder à l'application - Permissions insuffisantes.,Vérification des permissions utilisateur et mise à jour des droits d'accès.,"Catégorie: Accès refusé
Priorité: Basse
Description: Impossible d'accéder à l'application - Permissions insuffisantes.
Solution: Vérification des permissions utilisateur et mise à jour des droits d'accès.
Statut: Résolu"
TICKET-0009,Performance lente,Basse,Temps de réponse très élevé lors de la recherche - 17 secondes.,Optimisation des requêtes et vérification de la charge serveur.,"Catégorie: Performance lente
Priorité: Basse
Description: Temps de réponse très élevé lors de la recherche - 17 secondes.
Solution: Optimisation des requêtes et vérification de la charge serveur.
Statut: Résolu"
TICKET-0010,Demande d'information,Haute,Demande d'aide pour utiliser la fonctionnalité.,Fourniture de la documentation appropriée et explication détaillée.,"Catégorie: Demande d'information
Priorité: Haute
Description: Demande d'aide pour utiliser la fonctionnalité.
Solution: Fourniture de la documentation appropriée et explication détaillée.
Statut: Résolu"
TICKET-0011,Bug logiciel,Basse,Erreur détectée lors de la connexion - Code erreur: 789.,"Identification du bug, correction dans le code et déploiement du patch.","Catégorie: Bug logiciel
Priorité: Basse
Description: Erreur détectée lors de la connexion - Code erreur: 789.
Solution: Identification du bug, correction dans le code et déploiement du patch.
Statut: Résolu"
TICKET-0012,Formation utilisateur,Critique,Problème de catégorie Formation utilisateur pour l'utilisateur 12.,Organisation de session de formation et création de guides.,"Catégorie: Formation utilisateur
Priorité: Critique
Description: Problème de catégorie Formation utilisateur pour l'utilisateur 12.
Solution: Organisation de session de formation et création de guides.
Statut: Résolu"
TICKET-0013,Formation utilisateur,Haute,Problème de catégorie Formation utilisateur pour l'utilisateur 13.,Organisation de session de formation et création de guides.,"Catégorie: Formation utilisateur
Priorité: Haute
Description: Problème de catégorie Formation utilisateur pour l'utilisateur 13.
Solution: Organisation de session de formation et création de guides.
Statut: Résolu"
TICKET-0014,Bug logiciel,Basse,Erreur détectée lors de la connexion - Code erreur: 346.,"Identification du bug, correction dans le code et déploiement du patch.","Catégorie: Bug logiciel
Priorité: Basse
Description: Erreur détectée lors de la connexion - Code erreur: 346.
Solution: Identification du bug, correction dans le code et déploiement du patch.
Statut: Résolu"
TICKET-0015,Formation utilisateur,Haute,Problème de catégorie Formation utilisateur pour l'utilisateur 15.,Organisation de session de formation et création de guides.,"Catégorie: Formation utilisateur
Priorité: Haute
Description: Problème de catégorie Formation utilisateur pour l'utilisateur 15.
Solution: Organisation de session de formation et création de guides.
Statut: Résolu"
TICKET-0016,Bug logiciel,Basse,Erreur détectée lors de la sauvegarde - Code erreur: 577.,"Identification du bug, correction dans le code et déploiement du patch.","Catégorie: Bug logiciel
Priorité: Basse
Description: Erreur détectée lors de la sauvegarde - Code erreur: 577.
Solution: Identification du bug, correction dans le code et déploiement du patch.
Statut: Résolu"
TICKET-0017,Demande d'information,Normale,Demande d'aide pour configurer la fonctionnalité.,Fourniture de la documentation appropriée et explication détaillée.,"Catégorie: Demande d'information
Priorité: Normale
Description: Demande d'aide pour configurer la fonctionnalité.
Solution: Fourniture de la documentation appropriée et explication détaillée.
Statut: Résolu"
TICKET-0018,Bug logiciel,Critique,Erreur détectée lors de la sauvegarde - Code erreur: 751.,"Identification du bug, correction dans le code et déploiement du patch.","Catégorie: Bug logiciel
Priorité: Critique
Description: Erreur détectée lors de la sauvegarde - Code erreur: 751.
Solution: Identification du bug, correction dans le code et déploiement du patch.
Statut: Résolu"
TICKET-0019,Demande d'information,Normale,Demande d'aide pour utiliser le système.,Fourniture de la documentation appropriée et explication détaillée.,"Catégorie: Demande d'information
Priorité: Normale
Description: Demande d'aide pour utiliser le système.
Solution: Fourniture de la documentation appropriée et explication détaillée.
Statut: Résolu"
TICKET-0020,Problème technique,Haute,L'utilisateur 20 rencontre un dysfonctionnement avec l'application.,Vérification des logs système et redémarrage du service concerné.,"Catégorie: Problème technique
Priorité: Haute
Description: L'utilisateur 20 rencontre un dysfonctionnement avec l'application.
Solution: Vérification des logs système et redémarrage du service concerné.
Statut: Résolu"
TICKET-0021,Problème technique,Critique,L'utilisateur 21 rencontre un dysfonctionnement avec l'application.,Vérification des logs système et redémarrage du service concerné.,"Catégorie: Problème technique
Priorité: Critique
Description: L'utilisateur 21 rencontre un dysfonctionnement avec l'application.
Solution: Vérification des logs système et redémarrage du service concerné.
Statut: Résolu"
TICKET-0022,Formation utilisateur,Haute,Problème de catégorie Formation utilisateur pour l'utilisateur 22.,Organisation de session de formation et création de guides.,"Catégorie: Formation utilisateur
Priorité: Haute
Description: Problème de catégorie Formation utilisateur pour l'utilisateur 22.
Solution: Organisation de session de formation et création de guides.
Statut: Résolu"
TICKET-0023,Problème technique,Basse,L'utilisateur 23 rencontre un dysfonctionnement avec le système.,Vérification des logs système et redémarrage du service concerné.,"Catégorie: Problème technique
Priorité: Basse
Description: L'utilisateur 23 rencontre un dysfonctionnement avec le système.
Solution: Vérification des logs système et redémarrage du service concerné.
Statut: Résolu"
TICKET-0024,Demande d'information,Basse,Demande d'aide pour utiliser l'application.,Fourniture de la documentation appropriée et explication détaillée.,"Catégorie: Demande d'information
Priorité: Basse
Description: Demande d'aide pour utiliser l'application.
Solution: Fourniture de la documentation appropriée et explication détaillée.
Statut: Résolu"
TICKET-0025,Demande d'information,Haute,Demande d'aide pour configurer l'application.,Fourniture de la documentation appropriée et explication détaillée.,"Catégorie: Demande d'information
Priorité: Haute
Description: Demande d'aide pour configurer l'application.
Solution: Fourniture de la documentation appropriée et explication détaillée.
Statut: Résolu"
TICKET-0026,Bug logiciel,Haute,Erreur détectée lors de l'utilisation - Code erreur: 352.,"Identification du bug, correction dans le code et déploiement du patch.","Catégorie: Bug logiciel
Priorité: Haute
Description: Erreur détectée lors de l'utilisation - Code erreur: 352.
Solution: Identification du bug, correction dans le code et déploiement du patch.
Statut: Résolu"
TICKET-0027,Récupération de mot de passe,Critique,Problème de catégorie Récupération de mot de passe pour l'utilisateur 27.,Solution en cours d'élaboration.,"Catégorie: Récupération de mot de passe
Priorité: Critique
Description: Problème de catégorie Récupération de mot de passe pour l'utilisateur 27.
Solution: Solution en cours d'élaboration.
Statut: Résolu"
TICKET-0028,Bug logiciel,Normale,Erreur détectée lors de l'utilisation - Code erreur: 667.,"Identification du bug, correction dans le code et déploiement du patch.","Catégorie: Bug logiciel
Priorité: Normale
Description: Erreur détectée lors de l'utilisation - Code erreur: 667.
Solution: Identification du bug, correction dans le code et déploiement du patch.
Statut: Résolu"
TICKET-0029,Demande d'information,Haute,Demande d'aide pour utiliser la fonctionnalité.,Fourniture de la documentation appropriée et explication détaillée.,"Catégorie: Demande d'information
Priorité: Haute
Description: Demande d'aide pour utiliser la fonctionnalité.
Solution: Fourniture de la documentation appropriée et explication détaillée.
Statut: Résolu"
TICKET-0030,Accès refusé,Haute,Impossible d'accéder à la base de données - Permissions insuffisantes.,Vérification des permissions utilisateur et mise à jour des droits d'accès.,"Catégorie: Accès refusé
Priorité: Haute
Description: Impossible d'accéder à la base de données - Permissions insuffisantes.
Solution: Vérification des permissions utilisateur et mise à jour des droits d'accès.
Statut: Résolu"
TICKET-0031,Erreur de connexion,Normale,Échec de connexion au serveur database - Timeout après 110 secondes.,Test de connectivité réseau et reconfiguration des paramètres.,"Catégorie: Erreur de connexion
Priorité: Normale
Description: Échec de connexion au serveur database - Timeout après 110 secondes.
Solution: Test de connectivité réseau et reconfiguration des paramètres.
Statut: Résolu"
TICKET-0032,Formation utilisateur,Normale,Problème de catégorie Formation utilisateur pour l'utilisateur 32.,Organisation de session de formation et création de guides.,"Catégorie: Formation utilisateur
Priorité: Normale
Description: Problème de catégorie Formation utilisateur pour l'utilisateur 32.
Solution: Organisation de session de formation et création de guides.
Statut: Résolu"
TICKET-0033,Performance lente,Critique,Temps de réponse très élevé lors de la recherche - 15 secondes.,Optimisation des requêtes et vérification de la charge serveur.,"Catégorie: Performance lente
Priorité: Critique
Description: Temps de réponse très élevé lors de la recherche - 15 secondes.
Solution: Optimisation des requêtes et vérification de la charge serveur.
Statut: Résolu"
TICKET-0034,Récupération de mot de passe,Critique,Problème de catégorie Récupération de mot de passe pour l'utilisateur 34.,Solution en cours d'élaboration.,"Catégorie: Récupération de mot de passe
Priorité: Critique
Description: Problème de catégorie Récupération de mot de passe pour l'utilisateur 34.
Solution: Solution en cours d'élaboration.
Statut: Résolu"
TICKET-0035,Mise à jour requise,Haute,Problème de catégorie Mise à jour requise pour l'utilisateur 35.,Planification et exécution de la mise à jour système.,"Catégorie: Mise à jour requise
Priorité: Haute
Description: Problème de catégorie Mise à jour requise pour l'utilisateur 35.
Solution: Planification et exécution de la mise à jour système.
Statut: Résolu"
TICKET-0036,Accès refusé,Basse,Impossible d'accéder à la base de données - Permissions insuffisantes.,Vérification des permissions utilisateur et mise à jour des droits d'accès.,"Catégorie: Accès refusé
Priorité: Basse
Description: Impossible d'accéder à la base de données - Permissions insuffisantes.
Solution: Vérification des permissions utilisateur et mise à jour des droits d'accès.
Statut: Résolu"
TICKET-0037,Demande d'information,Basse,Demande d'aide pour comprendre le système.,Fourniture de la documentation appropriée et explication détaillée.,"Catégorie: Demande d'information
Priorité: Basse
Description: Demande d'aide pour comprendre le système.
Solution: Fourniture de la documentation appropriée et explication détaillée.
Statut: Résolu"
TICKET-0038,Demande d'information,Basse,Demande d'aide pour comprendre la fonctionnalité.,Fourniture de la documentation appropriée et explication détaillée.,"Catégorie: Demande d'information
Priorité: Basse
Description: Demande d'aide pour comprendre la fonctionnalité.
Solution: Fourniture de la documentation appropriée et explication détaillée.
Statut: Résolu"
TICKET-0039,Accès refusé,Haute,Impossible d'accéder à le serveur - Permissions insuffisantes.,Vérification des permissions utilisateur et mise à jour des droits d'accès.,"Catégorie: Accès refusé
Priorité: Haute
Description: Impossible d'accéder à le serveur - Permissions insuffisantes.
Solution: Vérification des permissions utilisateur et mise à jour des droits d'accès.
Statut: Résolu"
TICKET-0040,Récupération de mot de passe,Normale,Problème de catégorie Récupération de mot de passe pour l'utilisateur 40.,Solution en cours d'élaboration.,"Catégorie: Récupération de mot de passe
Priorité: Normale
Description: Problème de catégorie Récupération de mot de passe pour l'utilisateur 40.
Solution: Solution en cours d'élaboration.
Statut: Résolu"
TICKET-0041,Formation utilisateur,Critique,Problème de catégorie Formation utilisateur pour l'utilisateur 41.,Organisation de session de formation et création de guides.,"Catégorie: Formation utilisateur
Priorité: Critique
Description: Problème de catégorie Formation utilisateur pour l'utilisateur 41.
Solution: Organisation de session de formation et création de guides.
Statut: Résolu"
TICKET-0042,Performance lente,Haute,Temps de réponse très élevé lors de la recherche - 14 secondes.,Optimisation des requêtes et vérification de la charge serveur.,"Catégorie: Performance lente
Priorité: Haute
Description: Temps de réponse très élevé lors de la recherche - 14 secondes.
Solution: Optimisation des requêtes et vérification de la charge serveur.
Statut: Résolu"
TICKET-0043,Erreur de connexion,Normale,Échec de connexion au serveur email - Timeout après 98 secondes.,Test de connectivité réseau et reconfiguration des paramètres.,"Catégorie: Erreur de connexion
Priorité: Normale
Description: Échec de connexion au serveur email - Timeout après 98 secondes.
Solution: Test de connectivité réseau et reconfiguration des paramètres.
Statut: Résolu"
TICKET-0044,Performance lente,Haute,Temps de réponse très élevé lors de l'affichage - 24 secondes.,Optimisation des requêtes et vérification de la charge serveur.,"Catégorie: Performance lente
Priorité: Haute
Description: Temps de réponse très élevé lors de l'affichage - 24 secondes.
Solution: Optimisation des requêtes et vérification de la charge serveur.
Statut: Résolu"
TICKET-0045,Bug logiciel,Normale,Erreur détectée lors de l'utilisation - Code erreur: 517.,"Identification du bug, correction dans le code et déploiement du patch.","Catégorie: Bug logiciel
Priorité: Normale
Description: Erreur détectée lors de l'utilisation - Code erreur: 517.
Solution: Identification du bug, correction dans le code et déploiement du patch.
Statut: Résolu"
TICKET-0046,Demande d'information,Critique,Demande d'aide pour utiliser la fonctionnalité.,Fourniture de la documentation appropriée et explication détaillée.,"Catégorie: Demande d'information
Priorité: Critique
Description: Demande d'aide pour utiliser la fonctionnalité.
Solution: Fourniture de la documentation appropriée et explication détaillée.
Statut: Résolu"
TICKET-0047,Performance lente,Haute,Temps de réponse très élevé lors de la recherche - 13 secondes.,Optimisation des requêtes et vérification de la charge serveur.,"Catégorie: Performance lente
Priorité: Haute
Description: Temps de réponse très élevé lors de la recherche - 13 secondes.
Solution: Optimisation des requêtes et vérification de la charge serveur.
Statut: Résolu"
TICKET-0048,Formation utilisateur,Critique,Problème de catégorie Formation utilisateur pour l'utilisateur 48.,Organisation de session de formation et création de guides.,"Catégorie: Formation utilisateur
Priorité: Critique
Description: Problème de catégorie Formation utilisateur pour l'utilisateur 48.
Solution: Organisation de session de formation et création de guides.
Statut: Résolu"
TICKET-0049,Formation utilisateur,Basse,Problème de catégorie Formation utilisateur pour l'utilisateur 49.,Organisation de session de formation et création de guides.,"Catégorie: Formation utilisateur
Priorité: Basse
Description: Problème de catégorie Formation utilisateur pour l'utilisateur 49.
Solution: Organisation de session de formation et création de guides.
Statut: Résolu"
TICKET-0050,Problème technique,Basse,L'utilisateur 50 rencontre un dysfonctionnement avec l'application.,Vérification des logs système et redémarrage du service concerné.,"Catégorie: Problème technique
Priorité: Basse
Description: L'utilisateur 50 rencontre un dysfonctionnement avec l'application.
Solution: Vérification des logs système et redémarrage du service concerné.
Statut: Résolu"
TICKET-0051,Erreur de connexion,Basse,Échec de connexion au serveur web - Timeout après 81 secondes.,Test de connectivité réseau et reconfiguration des paramètres.,"Catégorie: Erreur de connexion
Priorité: Basse
Description: Échec de connexion au serveur web - Timeout après 81 secondes.
Solution: Test de connectivité réseau et reconfiguration des paramètres.
Statut: Résolu"
TICKET-0052,Mise à jour requise,Haute,Problème de catégorie Mise à jour requise pour l'utilisateur 52.,Planification et exécution de la mise à jour système.,"Catégorie: Mise à jour requise
Priorité: Haute
Description: Problème de catégorie Mise à jour requise pour l'utilisateur 52.
Solution: Planification et exécution de la mise à jour système.
Statut: Résolu"
TICKET-0053,Problème technique,Critique,L'utilisateur 53 rencontre un dysfonctionnement avec le système.,Vérification des logs système et redémarrage du service concerné.,"Catégorie: Problème technique
Priorité: Critique
Description: L'utilisateur 53 rencontre un dysfonctionnement avec le système.
Solution: Vérification des logs système et redémarrage du service concerné.
Statut: Résolu"
TICKET-0054,Demande d'information,Critique,Demande d'aide pour comprendre le système.,Fourniture de la documentation appropriée et explication détaillée.,"Catégorie: Demande d'information
Priorité: Critique
Description: Demande d'aide pour comprendre le système.
Solution: Fourniture de la documentation appropriée et explication détaillée.
Statut: Résolu"
TICKET-0055,Formation utilisateur,Critique,Problème de catégorie Formation utilisateur pour l'utilisateur 55.,Organisation de session de formation et création de guides.,"Catégorie: Formation utilisateur
Priorité: Critique
Description: Problème de catégorie Formation utilisateur pour l'utilisateur 55.
Solution: Organisation de session de formation et création de guides.
Statut: Résolu"
TICKET-0056,Performance lente,Normale,Temps de réponse très élevé lors de la recherche - 5 secondes.,Optimisation des requêtes et vérification de la charge serveur.,"Catégorie: Performance lente
Priorité: Normale
Description: Temps de réponse très élevé lors de la recherche - 5 secondes.
Solution: Optimisation des requêtes et vérification de la charge serveur.
Statut: Résolu"
TICKET-0057,Demande d'information,Haute,Demande d'aide pour comprendre la fonctionnalité.,Fourniture de la documentation appropriée et explication détaillée.,"Catégorie: Demande d'information
Priorité: Haute
Description: Demande d'aide pour comprendre la fonctionnalité.
Solution: Fourniture de la documentation appropriée et explication détaillée.
Statut: Résolu"
TICKET-0058,Erreur de connexion,Critique,Échec de connexion au serveur web - Timeout après 86 secondes.,Test de connectivité réseau et reconfiguration des paramètres.,"Catégorie: Erreur de connexion
Priorité: Critique
Description: Échec de connexion au serveur web - Timeout après 86 secondes.
Solution: Test de connectivité réseau et reconfiguration des paramètres.
Statut: Résolu"
TICKET-0059,Problème technique,Basse,L'utilisateur 59 rencontre un dysfonctionnement avec le système.,Vérification des logs système et redémarrage du service concerné.,"Catégorie: Problème technique
Priorité: Basse
Description: L'utilisateur 59 rencontre un dysfonctionnement avec le système.
Solution: Vérification des logs système et redémarrage du service concerné.
Statut: Résolu"
TICKET-0060,Erreur de connexion,Critique,Échec de connexion au serveur web - Timeout après 118 secondes.,Test de connectivité réseau et reconfiguration des paramètres.,"Catégorie: Erreur de connexion
Priorité: Critique
Description: Échec de connexion au serveur web - Timeout après 118 secondes.
Solution: Test de connectivité réseau et reconfiguration des paramètres.
Statut: Résolu"
TICKET-0061,Bug logiciel,Normale,Erreur détectée lors de la connexion - Code erreur: 191.,"Identification du bug, correction dans le code et déploiement du patch.","Catégorie: Bug logiciel
Priorité: Normale
Description: Erreur détectée lors de la connexion - Code erreur: 191.
Solution: Identification du bug, correction dans le code et déploiement du patch.
Statut: Résolu"
TICKET-0062,Récupération de mot de passe,Haute,Problème de catégorie Récupération de mot de passe pour l'utilisateur 62.,Solution en cours d'élaboration.,"Catégorie: Récupération de mot de passe
Priorité: Haute
Description: Problème de catégorie Récupération de mot de passe pour l'utilisateur 62.
Solution: Solution en cours d'élaboration.
Statut: Résolu"
TICKET-0063,Accès refusé,Normale,Impossible d'accéder à l'application - Permissions insuffisantes.,Vérification des permissions utilisateur et mise à jour des droits d'accès.,"Catégorie: Accès refusé
Priorité: Normale
Description: Impossible d'accéder à l'application - Permissions insuffisantes.
Solution: Vérification des permissions utilisateur et mise à jour des droits d'accès.
Statut: Résolu"
TICKET-0064,Formation utilisateur,Basse,Problème de catégorie Formation utilisateur pour l'utilisateur 64.,Organisation de session de formation et création de guides.,"Catégorie: Formation utilisateur
Priorité: Basse
Description: Problème de catégorie Formation utilisateur pour l'utilisateur 64.
Solution: Organisation de session de formation et création de guides.
Statut: Résolu"
TICKET-0065,Erreur de connexion,Normale,Échec de connexion au serveur web - Timeout après 103 secondes.,Test de connectivité réseau et reconfiguration des paramètres.,"Catégorie: Erreur de connexion
Priorité: Normale
Description: Échec de connexion au serveur web - Timeout après 103 secondes.
Solution: Test de connectivité réseau et reconfiguration des paramètres.
Statut: Résolu"
TICKET-0066,Performance lente,Critique,Temps de réponse très élevé lors de l'affichage - 13 secondes.,Optimisation des requêtes et vérification de la charge serveur.,"Catégorie: Performance lente
Priorité: Critique
Description: Temps de réponse très élevé lors de l'affichage - 13 secondes.
Solution: Optimisation des requêtes et vérification de la charge serveur.
Statut: Résolu"
TICKET-0067,Bug logiciel,Normale,Erreur détectée lors de la sauvegarde - Code erreur: 876.,"Identification du bug, correction dans le code et déploiement du patch.","Catégorie: Bug logiciel
Priorité: Normale
Description: Erreur détectée lors de la sauvegarde - Code erreur: 876.
Solution: Identification du bug, correction dans le code et déploiement du patch.
Statut: Résolu"
TICKET-0068,Problème technique,Haute,L'utilisateur 68 rencontre un dysfonctionnement avec l'interface.,Vérification des logs système et redémarrage du service concerné.,"Catégorie: Problème technique
Priorité: Haute
Description: L'utilisateur 68 rencontre un dysfonctionnement avec l'interface.
Solution: Vérification des logs système et redémarrage du service concerné.
Statut: Résolu"
TICKET-0069,Erreur de connexion,Basse,Échec de connexion au serveur database - Timeout après 83 secondes.,Test de connectivité réseau et reconfiguration des paramètres.,"Catégorie: Erreur de connexion
Priorité: Basse
Description: Échec de connexion au serveur database - Timeout après 83 secondes.
Solution: Test de connectivité réseau et reconfiguration des paramètres.
Statut: Résolu"
TICKET-0070,Formation utilisateur,Critique,Problème de catégorie Formation utilisateur pour l'utilisateur 70.,Organisation de session de formation et création de guides.,"Catégorie: Formation utilisateur
Priorité: Critique
Description: Problème de catégorie Formation utilisateur pour l'utilisateur 70.
Solution: Organisation de session de formation et création de guides.
Statut: Résolu"
TICKET-0071,Mise à jour requise,Critique,Problème de catégorie Mise à jour requise pour l'utilisateur 71.,Planification et exécution de la mise à jour système.,"Catégorie: Mise à jour requise
Priorité: Critique
Description: Problème de catégorie Mise à jour requise pour l'utilisateur 71.
Solution: Planification et exécution de la mise à jour système.
Statut: Résolu"
TICKET-0072,Mise à jour requise,Normale,Problème de catégorie Mise à jour requise pour l'utilisateur 72.,Planification et exécution de la mise à jour système.,"Catégorie: Mise à jour requise
Priorité: Normale
Description: Problème de catégorie Mise à jour requise pour l'utilisateur 72.
Solution: Planification et exécution de la mise à jour système.
Statut: Résolu"
TICKET-0073,Récupération de mot de passe,Haute,Problème de catégorie Récupération de mot de passe pour l'utilisateur 73.,Solution en cours d'élaboration.,"Catégorie: Récupération de mot de passe
Priorité: Haute
Description: Problème de catégorie Récupération de mot de passe pour l'utilisateur 73.
Solution: Solution en cours d'élaboration.
Statut: Résolu"
TICKET-0074,Accès refusé,Basse,Impossible d'accéder à l'application - Permissions insuffisantes.,Vérification des permissions utilisateur et mise à jour des droits d'accès.,"Catégorie: Accès refusé
Priorité: Basse
Description: Impossible d'accéder à l'application - Permissions insuffisantes.
Solution: Vérification des permissions utilisateur et mise à jour des droits d'accès.
Statut: Résolu"
TICKET-0075,Performance lente,Haute,Temps de réponse très élevé lors de la recherche - 10 secondes.,Optimisation des requêtes et vérification de la charge serveur.,"Catégorie: Performance lente
Priorité: Haute
Description: Temps de réponse très élevé lors de la recherche - 10 secondes.
Solution: Optimisation des requêtes et vérification de la charge serveur.
Statut: Résolu"
TICKET-0076,Bug logiciel,Basse,Erreur détectée lors de l'utilisation - Code erreur: 595.,"Identification du bug, correction dans le code et déploiement du patch.","Catégorie: Bug logiciel
Priorité: Basse
Description: Erreur détectée lors de l'utilisation - Code erreur: 595.
Solution: Identification du bug, correction dans le code et déploiement du patch.
Statut: Résolu"
TICKET-0077,Problème technique,Basse,L'utilisateur 77 rencontre un dysfonctionnement avec l'application.,Vérification des logs système et redémarrage du service concerné.,"Catégorie: Problème technique
Priorité: Basse
Description: L'utilisateur 77 rencontre un dysfonctionnement avec l'application.
Solution: Vérification des logs système et redémarrage du service concerné.
Statut: Résolu"
TICKET-0078,Mise à jour requise,Normale,Problème de catégorie Mise à jour requise pour l'utilisateur 78.,Planification et exécution de la mise à jour système.,"Catégorie: Mise à jour requise
Priorité: Normale
Description: Problème de catégorie Mise à jour requise pour l'utilisateur 78.
Solution: Planification et exécution de la mise à jour système.
Statut: Résolu"
TICKET-0079,Performance lente,Normale,Temps de réponse très élevé lors de la connexion - 27 secondes.,Optimisation des requêtes et vérification de la charge serveur.,"Catégorie: Performance lente
Priorité: Normale
Description: Temps de réponse très élevé lors de la connexion - 27 secondes.
Solution: Optimisation des requêtes et vérification de la charge serveur.
Statut: Résolu"
TICKET-0080,Récupération de mot de passe,Normale,Problème de catégorie Récupération de mot de passe pour l'utilisateur 80.,Solution en cours d'élaboration.,"Catégorie: Récupération de mot de passe
Priorité: Normale
Description: Problème de catégorie Récupération de mot de passe pour l'utilisateur 80.
Solution: Solution en cours d'élaboration.
Statut: Résolu"
TICKET-0081,Formation utilisateur,Haute,Problème de catégorie Formation utilisateur pour l'utilisateur 81.,Organisation de session de formation et création de guides.,"Catégorie: Formation utilisateur
Priorité: Haute
Description: Problème de catégorie Formation utilisateur pour l'utilisateur 81.
Solution: Organisation de session de formation et création de guides.
Statut: Résolu"
TICKET-0082,Performance lente,Critique,Temps de réponse très élevé lors de la recherche - 9 secondes.,Optimisation des requêtes et vérification de la charge serveur.,"Catégorie: Performance lente
Priorité: Critique
Description: Temps de réponse très élevé lors de la recherche - 9 secondes.
Solution: Optimisation des requêtes et vérification de la charge serveur.
Statut: Résolu"
TICKET-0083,Performance lente,Basse,Temps de réponse très élevé lors de l'affichage - 17 secondes.,Optimisation des requêtes et vérification de la charge serveur.,"Catégorie: Performance lente
Priorité: Basse
Description: Temps de réponse très élevé lors de l'affichage - 17 secondes.
Solution: Optimisation des requêtes et vérification de la charge serveur.
Statut: Résolu"
TICKET-0084,Mise à jour requise,Haute,Problème de catégorie Mise à jour requise pour l'utilisateur 84.,Planification et exécution de la mise à jour système.,"Catégorie: Mise à jour requise
Priorité: Haute
Description: Problème de catégorie Mise à jour requise pour l'utilisateur 84.
Solution: Planification et exécution de la mise à jour système.
Statut: Résolu"
TICKET-0085,Récupération de mot de passe,Normale,Problème de catégorie Récupération de mot de passe pour l'utilisateur 85.,Solution en cours d'élaboration.,"Catégorie: Récupération de mot de passe
Priorité: Normale
Description: Problème de catégorie Récupération de mot de passe pour l'utilisateur 85.
Solution: Solution en cours d'élaboration.
Statut: Résolu"
TICKET-0086,Erreur de connexion,Haute,Échec de connexion au serveur web - Timeout après 87 secondes.,Test de connectivité réseau et reconfiguration des paramètres.,"Catégorie: Erreur de connexion
Priorité: Haute
Description: Échec de connexion au serveur web - Timeout après 87 secondes.
Solution: Test de connectivité réseau et reconfiguration des paramètres.
Statut: Résolu"
TICKET-0087,Problème technique,Haute,L'utilisateur 87 rencontre un dysfonctionnement avec l'application.,Vérification des logs système et redémarrage du service concerné.,"Catégorie: Problème technique
Priorité: Haute
Description: L'utilisateur 87 rencontre un dysfonctionnement avec l'application.
Solution: Vérification des logs système et redémarrage du service concerné.
Statut: Résolu"
TICKET-0088,Erreur de connexion,Haute,Échec de connexion au serveur database - Timeout après 108 secondes.,Test de connectivité réseau et reconfiguration des paramètres.,"Catégorie: Erreur de connexion
Priorité: Haute
Description: Échec de connexion au serveur database - Timeout après 108 secondes.
Solution: Test de connectivité réseau et reconfiguration des paramètres.
Statut: Résolu"
TICKET-0089,Problème technique,Normale,L'utilisateur 89 rencontre un dysfonctionnement avec l'application.,Vérification des logs système et redémarrage du service concerné.,"Catégorie: Problème technique
Priorité: Normale
Description: L'utilisateur 89 rencontre un dysfonctionnement avec l'application.
Solution: Vérification des logs système et redémarrage du service concerné.
Statut: Résolu"
TICKET-0090,Demande d'information,Basse,Demande d'aide pour comprendre la fonctionnalité.,Fourniture de la documentation appropriée et explication détaillée.,"Catégorie: Demande d'information
Priorité: Basse
Description: Demande d'aide pour comprendre la fonctionnalité.
Solution: Fourniture de la documentation appropriée et explication détaillée.
Statut: Résolu"
TICKET-0091,Bug logiciel,Critique,Erreur détectée lors de la connexion - Code erreur: 826.,"Identification du bug, correction dans le code et déploiement du patch.","Catégorie: Bug logiciel
Priorité: Critique
Description: Erreur détectée lors de la connexion - Code erreur: 826.
Solution: Identification du bug, correction dans le code et déploiement du patch.
Statut: Résolu"
TICKET-0092,Mise à jour requise,Critique,Problème de catégorie Mise à jour requise pour l'utilisateur 92.,Planification et exécution de la mise à jour système.,"Catégorie: Mise à jour requise
Priorité: Critique
Description: Problème de catégorie Mise à jour requise pour l'utilisateur 92.
Solution: Planification et exécution de la mise à jour système.
Statut: Résolu"
TICKET-0093,Performance lente,Normale,Temps de réponse très élevé lors de l'affichage - 29 secondes.,Optimisation des requêtes et vérification de la charge serveur.,"Catégorie: Performance lente
Priorité: Normale
Description: Temps de réponse très élevé lors de l'affichage - 29 secondes.
Solution: Optimisation des requêtes et vérification de la charge serveur.
Statut: Résolu"
TICKET-0094,Bug logiciel,Critique,Erreur détectée lors de la connexion - Code erreur: 857.,"Identification du bug, correction dans le code et déploiement du patch.","Catégorie: Bug logiciel
Priorité: Critique
Description: Erreur détectée lors de la connexion - Code erreur: 857.
Solution: Identification du bug, correction dans le code et déploiement du patch.
Statut: Résolu"
TICKET-0095,Erreur de connexion,Critique,Échec de connexion au serveur web - Timeout après 81 secondes.,Test de connectivité réseau et reconfiguration des paramètres.,"Catégorie: Erreur de connexion
Priorité: Critique
Description: Échec de connexion au serveur web - Timeout après 81 secondes.
Solution: Test de connectivité réseau et reconfiguration des paramètres.
Statut: Résolu"
TICKET-0096,Formation utilisateur,Normale,Problème de catégorie Formation utilisateur pour l'utilisateur 96.,Organisation de session de formation et création de guides.,"Catégorie: Formation utilisateur
Priorité: Normale
Description: Problème de catégorie Formation utilisateur pour l'utilisateur 96.
Solution: Organisation de session de formation et création de guides.
Statut: Résolu"
TICKET-0097,Problème technique,Normale,L'utilisateur 97 rencontre un dysfonctionnement avec le système.,Vérification des logs système et redémarrage du service concerné.,"Catégorie: Problème technique
Priorité: Normale
Description: L'utilisateur 97 rencontre un dysfonctionnement avec le système.
Solution: Vérification des logs système et redémarrage du service concerné.
Statut: Résolu"
TICKET-0098,Récupération de mot de passe,Haute,Problème de catégorie Récupération de mot de passe pour l'utilisateur 98.,Solution en cours d'élaboration.,"Catégorie: Récupération de mot de passe
Priorité: Haute
Description: Problème de catégorie Récupération de mot de passe pour l'utilisateur 98.
Solution: Solution en cours d'élaboration.
Statut: Résolu"
TICKET-0099,Erreur de connexion,Normale,Échec de connexion au serveur web - Timeout après 70 secondes.,Test de connectivité réseau et reconfiguration des paramètres.,"Catégorie: Erreur de connexion
Priorité: Normale
Description: Échec de connexion au serveur web - Timeout après 70 secondes.
Solution: Test de connectivité réseau et reconfiguration des paramètres.
Statut: Résolu"
TICKET-0100,Demande d'information,Normale,Demande d'aide pour comprendre le système.,Fourniture de la documentation appropriée et explication détaillée.,"Catégorie: Demande d'information
Priorité: Normale
Description: Demande d'aide pour comprendre le système.
Solution: Fourniture de la documentation appropriée et explication détaillée.
Statut: Résolu"
TICKET-0101,Erreur de connexion,Critique,Échec de connexion au serveur database - Timeout après 51 secondes.,Test de connectivité réseau et reconfiguration des paramètres.,"Catégorie: Erreur de connexion
Priorité: Critique
Description: Échec de connexion au serveur database - Timeout après 51 secondes.
Solution: Test de connectivité réseau et reconfiguration des paramètres.
Statut: Résolu"
TICKET-0102,Bug logiciel,Normale,Erreur détectée lors de la connexion - Code erreur: 650.,"Identification du bug, correction dans le code et déploiement du patch.","Catégorie: Bug logiciel
Priorité: Normale
Description: Erreur détectée lors de la connexion - Code erreur: 650.
Solution: Identification du bug, correction dans le code et déploiement du patch.
Statut: Résolu"
TICKET-0103,Formation utilisateur,Normale,Problème de catégorie Formation utilisateur pour l'utilisateur 103.,Organisation de session de formation et création de guides.,"Catégorie: Formation utilisateur
Priorité: Normale
Description: Problème de catégorie Formation utilisateur pour l'utilisateur 103.
Solution: Organisation de session de formation et création de guides.
Statut: Résolu"
TICKET-0104,Bug logiciel,Critique,Erreur détectée lors de la connexion - Code erreur: 114.,"Identification du bug, correction dans le code et déploiement du patch.","Catégorie: Bug logiciel
Priorité: Critique
Description: Erreur détectée lors de la connexion - Code erreur: 114.
Solution: Identification du bug, correction dans le code et déploiement du patch.
Statut: Résolu"
TICKET-0105,Accès refusé,Basse,Impossible d'accéder à l'application - Permissions insuffisantes.,Vérification des permissions utilisateur et mise à jour des droits d'accès.,"Catégorie: Accès refusé
Priorité: Basse
Description: Impossible d'accéder à l'application - Permissions insuffisantes.
Solution: Vérification des permissions utilisateur et mise à jour des droits d'accès.
Statut: Résolu"
TICKET-0106,Erreur de connexion,Haute,Échec de connexion au serveur database - Timeout après 62 secondes.,Test de connectivité réseau et reconfiguration des paramètres.,"Catégorie: Erreur de connexion
Priorité: Haute
Description: Échec de connexion au serveur database - Timeout après 62 secondes.
Solution: Test de connectivité réseau et reconfiguration des paramètres.
Statut: Résolu"
TICKET-0107,Formation utilisateur,Normale,Problème de catégorie Formation utilisateur pour l'utilisateur 107.,Organisation de session de formation et création de guides.,"Catégorie: Formation utilisateur
Priorité: Normale
Description: Problème de catégorie Formation utilisateur pour l'utilisateur 107.
Solution: Organisation de session de formation et création de guides.
Statut: Résolu"
TICKET-0108,Formation utilisateur,Basse,Problème de catégorie Formation utilisateur pour l'utilisateur 108.,Organisation de session de formation et création de guides.,"Catégorie: Formation utilisateur
Priorité: Basse
Description: Problème de catégorie Formation utilisateur pour l'utilisateur 108.
Solution: Organisation de session de formation et création de guides.
Statut: Résolu"
TICKET-0109,Bug logiciel,Haute,Erreur détectée lors de l'utilisation - Code erreur: 854.,"Identification du bug, correction dans le code et déploiement du patch.","Catégorie: Bug logiciel
Priorité: Haute
Description: Erreur détectée lors de l'utilisation - Code erreur: 854.
Solution: Identification du bug, correction dans le code et déploiement du patch.
Statut: Résolu"
TICKET-0110,Problème technique,Basse,L'utilisateur 110 rencontre un dysfonctionnement avec l'application.,Vérification des logs système et redémarrage du service concerné.,"Catégorie: Problème technique
Priorité: Basse
Description: L'utilisateur 110 rencontre un dysfonctionnement avec l'application.
Solution: Vérification des logs système et redémarrage du service concerné.
Statut: Résolu"
TICKET-0111,Erreur de connexion,Normale,Échec de connexion au serveur web - Timeout après 30 secondes.,Test de connectivité réseau et reconfiguration des paramètres.,"Catégorie: Erreur de connexion
Priorité: Normale
Description: Échec de connexion au serveur web - Timeout après 30 secondes.
Solution: Test de connectivité réseau et reconfiguration des paramètres.
Statut: Résolu"
TICKET-0112,Performance lente,Haute,Temps de réponse très élevé lors de la recherche - 29 secondes.,Optimisation des requêtes et vérification de la charge serveur.,"Catégorie: Performance lente
Priorité: Haute
Description: Temps de réponse très élevé lors de la recherche - 29 secondes.
Solution: Optimisation des requêtes et vérification de la charge serveur.
Statut: Résolu"
TICKET-0113,Bug logiciel,Critique,Erreur détectée lors de la sauvegarde - Code erreur: 953.,"Identification du bug, correction dans le code et déploiement du patch.","Catégorie: Bug logiciel
Priorité: Critique
Description: Erreur détectée lors de la sauvegarde - Code erreur: 953.
Solution: Identification du bug, correction dans le code et déploiement du patch.
Statut: Résolu"
TICKET-0114,Problème technique,Critique,L'utilisateur 114 rencontre un dysfonctionnement avec l'interface.,Vérification des logs système et redémarrage du service concerné.,"Catégorie: Problème technique
Priorité: Critique
Description: L'utilisateur 114 rencontre un dysfonctionnement avec l'interface.
Solution: Vérification des logs système et redémarrage du service concerné.
Statut: Résolu"
TICKET-0115,Demande d'information,Basse,Demande d'aide pour utiliser la fonctionnalité.,Fourniture de la documentation appropriée et explication détaillée.,"Catégorie: Demande d'information
Priorité: Basse
Description: Demande d'aide pour utiliser la fonctionnalité.
Solution: Fourniture de la documentation appropriée et explication détaillée.
Statut: Résolu"
TICKET-0116,Formation utilisateur,Normale,Problème de catégorie Formation utilisateur pour l'utilisateur 116.,Organisation de session de formation et création de guides.,"Catégorie: Formation utilisateur
Priorité: Normale
Description: Problème de catégorie Formation utilisateur pour l'utilisateur 116.
Solution: Organisation de session de formation et création de guides.
Statut: Résolu"
TICKET-0117,Accès refusé,Normale,Impossible d'accéder à l'application - Permissions insuffisantes.,Vérification des permissions utilisateur et mise à jour des droits d'accès.,"Catégorie: Accès refusé
Priorité: Normale
Description: Impossible d'accéder à l'application - Permissions insuffisantes.
Solution: Vérification des permissions utilisateur et mise à jour des droits d'accès.
Statut: Résolu"
TICKET-0118,Problème technique,Normale,L'utilisateur 118 rencontre un dysfonctionnement avec le système.,Vérification des logs système et redémarrage du service concerné.,"Catégorie: Problème technique
Priorité: Normale
Description: L'utilisateur 118 rencontre un dysfonctionnement avec le système.
Solution: Vérification des logs système et redémarrage du service concerné.
Statut: Résolu"
TICKET-0119,Problème technique,Critique,L'utilisateur 119 rencontre un dysfonctionnement avec le système.,Vérification des logs système et redémarrage du service concerné.,"Catégorie: Problème technique
Priorité: Critique
Description: L'utilisateur 119 rencontre un dysfonctionnement avec le système.
Solution: Vérification des logs système et redémarrage du service concerné.
Statut: Résolu"
TICKET-0120,Erreur de connexion,Basse,Échec de connexion au serveur database - Timeout après 59 secondes.,Test de connectivité réseau et reconfiguration des paramètres.,"Catégorie: Erreur de connexion
Priorité: Basse
Description: Échec de connexion au serveur database - Timeout après 59 secondes.
Solution: Test de connectivité réseau et reconfiguration des paramètres.
Statut: Résolu"
TICKET-0121,Demande d'information,Normale,Demande d'aide pour utiliser l'application.,Fourniture de la documentation appropriée et explication détaillée.,"Catégorie: Demande d'information
Priorité: Normale
Description: Demande d'aide pour utiliser l'application.
Solution: Fourniture de la documentation appropriée et explication détaillée.
Statut: Résolu"
TICKET-0122,Bug logiciel,Haute,Erreur détectée lors de l'utilisation - Code erreur: 680.,"Identification du bug, correction dans le code et déploiement du patch.","Catégorie: Bug logiciel
Priorité: Haute
Description: Erreur détectée lors de l'utilisation - Code erreur: 680.
Solution: Identification du bug, correction dans le code et déploiement du patch.
Statut: Résolu"
TICKET-0123,Récupération de mot de passe,Critique,Problème de catégorie Récupération de mot de passe pour l'utilisateur 123.,Solution en cours d'élaboration.,"Catégorie: Récupération de mot de passe
Priorité: Critique
Description: Problème de catégorie Récupération de mot de passe pour l'utilisateur 123.
Solution: Solution en cours d'élaboration.
Statut: Résolu"
TICKET-0124,Accès refusé,Normale,Impossible d'accéder à l'application - Permissions insuffisantes.,Vérification des permissions utilisateur et mise à jour des droits d'accès.,"Catégorie: Accès refusé
Priorité: Normale
Description: Impossible d'accéder à l'application - Permissions insuffisantes.
Solution: Vérification des permissions utilisateur et mise à jour des droits d'accès.
Statut: Résolu"
TICKET-0125,Bug logiciel,Critique,Erreur détectée lors de la sauvegarde - Code erreur: 764.,"Identification du bug, correction dans le code et déploiement du patch.","Catégorie: Bug logiciel
Priorité: Critique
Description: Erreur détectée lors de la sauvegarde - Code erreur: 764.
Solution: Identification du bug, correction dans le code et déploiement du patch.
Statut: Résolu"
TICKET-0126,Demande d'information,Normale,Demande d'aide pour configurer l'application.,Fourniture de la documentation appropriée et explication détaillée.,"Catégorie: Demande d'information
Priorité: Normale
Description: Demande d'aide pour configurer l'application.
Solution: Fourniture de la documentation appropriée et explication détaillée.
Statut: Résolu"
TICKET-0127,Demande d'information,Haute,Demande d'aide pour comprendre la fonctionnalité.,Fourniture de la documentation appropriée et explication détaillée.,"Catégorie: Demande d'information
Priorité: Haute
Description: Demande d'aide pour comprendre la fonctionnalité.
Solution: Fourniture de la documentation appropriée et explication détaillée.
Statut: Résolu"
TICKET-0128,Mise à jour requise,Basse,Problème de catégorie Mise à jour requise pour l'utilisateur 128.,Planification et exécution de la mise à jour système.,"Catégorie: Mise à jour requise
Priorité: Basse
Description: Problème de catégorie Mise à jour requise pour l'utilisateur 128.
Solution: Planification et exécution de la mise à jour système.
Statut: Résolu"
TICKET-0129,Mise à jour requise,Haute,Problème de catégorie Mise à jour requise pour l'utilisateur 129.,Planification et exécution de la mise à jour système.,"Catégorie: Mise à jour requise
Priorité: Haute
Description: Problème de catégorie Mise à jour requise pour l'utilisateur 129.
Solution: Planification et exécution de la mise à jour système.
Statut: Résolu"
TICKET-0130,Performance lente,Basse,Temps de réponse très élevé lors de la recherche - 5 secondes.,Optimisation des requêtes et vérification de la charge serveur.,"Catégorie: Performance lente
Priorité: Basse
Description: Temps de réponse très élevé lors de la recherche - 5 secondes.
Solution: Optimisation des requêtes et vérification de la charge serveur.
Statut: Résolu"
TICKET-0131,Performance lente,Basse,Temps de réponse très élevé lors de la connexion - 9 secondes.,Optimisation des requêtes et vérification de la charge serveur.,"Catégorie: Performance lente
Priorité: Basse
Description: Temps de réponse très élevé lors de la connexion - 9 secondes.
Solution: Optimisation des requêtes et vérification de la charge serveur.
Statut: Résolu"
TICKET-0132,Récupération de mot de passe,Haute,Problème de catégorie Récupération de mot de passe pour l'utilisateur 132.,Solution en cours d'élaboration.,"Catégorie: Récupération de mot de passe
Priorité: Haute
Description: Problème de catégorie Récupération de mot de passe pour l'utilisateur 132.
Solution: Solution en cours d'élaboration.
Statut: Résolu"
TICKET-0133,Problème technique,Critique,L'utilisateur 133 rencontre un dysfonctionnement avec le système.,Vérification des logs système et redémarrage du service concerné.,"Catégorie: Problème technique
Priorité: Critique
Description: L'utilisateur 133 rencontre un dysfonctionnement avec le système.
Solution: Vérification des logs système et redémarrage du service concerné.
Statut: Résolu"
TICKET-0134,Performance lente,Basse,Temps de réponse très élevé lors de la connexion - 8 secondes.,Optimisation des requêtes et vérification de la charge serveur.,"Catégorie: Performance lente
Priorité: Basse
Description: Temps de réponse très élevé lors de la connexion - 8 secondes.
Solution: Optimisation des requêtes et vérification de la charge serveur.
Statut: Résolu"
TICKET-0135,Formation utilisateur,Critique,Problème de catégorie Formation utilisateur pour l'utilisateur 135.,Organisation de session de formation et création de guides.,"Catégorie: Formation utilisateur
Priorité: Critique
Description: Problème de catégorie Formation utilisateur pour l'utilisateur 135.
Solution: Organisation de session de formation et création de guides.
Statut: Résolu"
TICKET-0136,Demande d'information,Haute,Demande d'aide pour configurer l'application.,Fourniture de la documentation appropriée et explication détaillée.,"Catégorie: Demande d'information
Priorité: Haute
Description: Demande d'aide pour configurer l'application.
Solution: Fourniture de la documentation appropriée et explication détaillée.
Statut: Résolu"
TICKET-0137,Mise à jour requise,Critique,Problème de catégorie Mise à jour requise pour l'utilisateur 137.,Planification et exécution de la mise à jour système.,"Catégorie: Mise à jour requise
Priorité: Critique
Description: Problème de catégorie Mise à jour requise pour l'utilisateur 137.
Solution: Planification et exécution de la mise à jour système.
Statut: Résolu"
TICKET-0138,Bug logiciel,Haute,Erreur détectée lors de la sauvegarde - Code erreur: 851.,"Identification du bug, correction dans le code et déploiement du patch.","Catégorie: Bug logiciel
Priorité: Haute
Description: Erreur détectée lors de la sauvegarde - Code erreur: 851.
Solution: Identification du bug, correction dans le code et déploiement du patch.
Statut: Résolu"
TICKET-0139,Performance lente,Critique,Temps de réponse très élevé lors de la connexion - 29 secondes.,Optimisation des requêtes et vérification de la charge serveur.,"Catégorie: Performance lente
Priorité: Critique
Description: Temps de réponse très élevé lors de la connexion - 29 secondes.
Solution: Optimisation des requêtes et vérification de la charge serveur.
Statut: Résolu"
TICKET-0140,Performance lente,Haute,Temps de réponse très élevé lors de la recherche - 8 secondes.,Optimisation des requêtes et vérification de la charge serveur.,"Catégorie: Performance lente
Priorité: Haute
Description: Temps de réponse très élevé lors de la recherche - 8 secondes.
Solution: Optimisation des requêtes et vérification de la charge serveur.
Statut: Résolu"
TICKET-0141,Demande d'information,Critique,Demande d'aide pour comprendre le système.,Fourniture de la documentation appropriée et explication détaillée.,"Catégorie: Demande d'information
Priorité: Critique
Description: Demande d'aide pour comprendre le système.
Solution: Fourniture de la documentation appropriée et explication détaillée.
Statut: Résolu"
TICKET-0142,Problème technique,Critique,L'utilisateur 142 rencontre un dysfonctionnement avec l'application.,Vérification des logs système et redémarrage du service concerné.,"Catégorie: Problème technique
Priorité: Critique
Description: L'utilisateur 142 rencontre un dysfonctionnement avec l'application.
Solution: Vérification des logs système et redémarrage du service concerné.
Statut: Résolu"
TICKET-0143,Récupération de mot de passe,Critique,Problème de catégorie Récupération de mot de passe pour l'utilisateur 143.,Solution en cours d'élaboration.,"Catégorie: Récupération de mot de passe
Priorité: Critique
Description: Problème de catégorie Récupération de mot de passe pour l'utilisateur 143.
Solution: Solution en cours d'élaboration.
Statut: Résolu"
TICKET-0144,Erreur de connexion,Normale,Échec de connexion au serveur email - Timeout après 78 secondes.,Test de connectivité réseau et reconfiguration des paramètres.,"Catégorie: Erreur de connexion
Priorité: Normale
Description: Échec de connexion au serveur email - Timeout après 78 secondes.
Solution: Test de connectivité réseau et reconfiguration des paramètres.
Statut: Résolu"
TICKET-0145,Performance lente,Critique,Temps de réponse très élevé lors de l'affichage - 5 secondes.,Optimisation des requêtes et vérification de la charge serveur.,"Catégorie: Performance lente
Priorité: Critique
Description: Temps de réponse très élevé lors de l'affichage - 5 secondes.
Solution: Optimisation des requêtes et vérification de la charge serveur.
Statut: Résolu"
TICKET-0146,Mise à jour requise,Haute,Problème de catégorie Mise à jour requise pour l'utilisateur 146.,Planification et exécution de la mise à jour système.,"Catégorie: Mise à jour requise
Priorité: Haute
Description: Problème de catégorie Mise à jour requise pour l'utilisateur 146.
Solution: Planification et exécution de la mise à jour système.
Statut: Résolu"
TICKET-0147,Formation utilisateur,Basse,Problème de catégorie Formation utilisateur pour l'utilisateur 147.,Organisation de session de formation et création de guides.,"Catégorie: Formation utilisateur
Priorité: Basse
Description: Problème de catégorie Formation utilisateur pour l'utilisateur 147.
Solution: Organisation de session de formation et création de guides.
Statut: Résolu"
TICKET-0148,Récupération de mot de passe,Haute,Problème de catégorie Récupération de mot de passe pour l'utilisateur 148.,Solution en cours d'élaboration.,"Catégorie: Récupération de mot de passe
Priorité: Haute
Description: Problème de catégorie Récupération de mot de passe pour l'utilisateur 148.
Solution: Solution en cours d'élaboration.
Statut: Résolu"
TICKET-0149,Mise à jour requise,Normale,Problème de catégorie Mise à jour requise pour l'utilisateur 149.,Planification et exécution de la mise à jour système.,"Catégorie: Mise à jour requise
Priorité: Normale
Description: Problème de catégorie Mise à jour requise pour l'utilisateur 149.
Solution: Planification et exécution de la mise à jour système.
Statut: Résolu"
TICKET-0150,Bug logiciel,Haute,Erreur détectée lors de la sauvegarde - Code erreur: 824.,"Identification du bug, correction dans le code et déploiement du patch.","Catégorie: Bug logiciel
Priorité: Haute
Description: Erreur détectée lors de la sauvegarde - Code erreur: 824.
Solution: Identification du bug, correction dans le code et déploiement du patch.
Statut: Résolu"
TICKET-0151,Performance lente,Haute,Temps de réponse très élevé lors de la connexion - 25 secondes.,Optimisation des requêtes et vérification de la charge serveur.,"Catégorie: Performance lente
Priorité: Haute
Description: Temps de réponse très élevé lors de la connexion - 25 secondes.
Solution: Optimisation des requêtes et vérification de la charge serveur.
Statut: Résolu"
TICKET-0152,Problème technique,Normale,L'utilisateur 152 rencontre un dysfonctionnement avec l'application.,Vérification des logs système et redémarrage du service concerné.,"Catégorie: Problème technique
Priorité: Normale
Description: L'utilisateur 152 rencontre un dysfonctionnement avec l'application.
Solution: Vérification des logs système et redémarrage du service concerné.
Statut: Résolu"
TICKET-0153,Accès refusé,Basse,Impossible d'accéder à l'application - Permissions insuffisantes.,Vérification des permissions utilisateur et mise à jour des droits d'accès.,"Catégorie: Accès refusé
Priorité: Basse
Description: Impossible d'accéder à l'application - Permissions insuffisantes.
Solution: Vérification des permissions utilisateur et mise à jour des droits d'accès.
Statut: Résolu"
TICKET-0154,Problème technique,Basse,L'utilisateur 154 rencontre un dysfonctionnement avec l'application.,Vérification des logs système et redémarrage du service concerné.,"Catégorie: Problème technique
Priorité: Basse
Description: L'utilisateur 154 rencontre un dysfonctionnement avec l'application.
Solution: Vérification des logs système et redémarrage du service concerné.
Statut: Résolu"
TICKET-0155,Erreur de connexion,Basse,Échec de connexion au serveur database - Timeout après 35 secondes.,Test de connectivité réseau et reconfiguration des paramètres.,"Catégorie: Erreur de connexion
Priorité: Basse
Description: Échec de connexion au serveur database - Timeout après 35 secondes.
Solution: Test de connectivité réseau et reconfiguration des paramètres.
Statut: Résolu"
TICKET-0156,Problème technique,Haute,L'utilisateur 156 rencontre un dysfonctionnement avec l'interface.,Vérification des logs système et redémarrage du service concerné.,"Catégorie: Problème technique
Priorité: Haute
Description: L'utilisateur 156 rencontre un dysfonctionnement avec l'interface.
Solution: Vérification des logs système et redémarrage du service concerné.
Statut: Résolu"
TICKET-0157,Demande d'information,Basse,Demande d'aide pour utiliser le système.,Fourniture de la documentation appropriée et explication détaillée.,"Catégorie: Demande d'information
Priorité: Basse
Description: Demande d'aide pour utiliser le système.
Solution: Fourniture de la documentation appropriée et explication détaillée.
Statut: Résolu"
TICKET-0158,Mise à jour requise,Basse,Problème de catégorie Mise à jour requise pour l'utilisateur 158.,Planification et exécution de la mise à jour système.,"Catégorie: Mise à jour requise
Priorité: Basse
Description: Problème de catégorie Mise à jour requise pour l'utilisateur 158.
Solution: Planification et exécution de la mise à jour système.
Statut: Résolu"
TICKET-0159,Mise à jour requise,Critique,Problème de catégorie Mise à jour requise pour l'utilisateur 159.,Planification et exécution de la mise à jour système.,"Catégorie: Mise à jour requise
Priorité: Critique
Description: Problème de catégorie Mise à jour requise pour l'utilisateur 159.
Solution: Planification et exécution de la mise à jour système.
Statut: Résolu"
TICKET-0160,Erreur de connexion,Haute,Échec de connexion au serveur email - Timeout après 115 secondes.,Test de connectivité réseau et reconfiguration des paramètres.,"Catégorie: Erreur de connexion
Priorité: Haute
Description: Échec de connexion au serveur email - Timeout après 115 secondes.
Solution: Test de connectivité réseau et reconfiguration des paramètres.
Statut: Résolu"
TICKET-0161,Bug logiciel,Normale,Erreur détectée lors de l'utilisation - Code erreur: 977.,"Identification du bug, correction dans le code et déploiement du patch.","Catégorie: Bug logiciel
Priorité: Normale
Description: Erreur détectée lors de l'utilisation - Code erreur: 977.
Solution: Identification du bug, correction dans le code et déploiement du patch.
Statut: Résolu"
TICKET-0162,Erreur de connexion,Haute,Échec de connexion au serveur email - Timeout après 83 secondes.,Test de connectivité réseau et reconfiguration des paramètres.,"Catégorie: Erreur de connexion
Priorité: Haute
Description: Échec de connexion au serveur email - Timeout après 83 secondes.
Solution: Test de connectivité réseau et reconfiguration des paramètres.
Statut: Résolu"
TICKET-0163,Formation utilisateur,Critique,Problème de catégorie Formation utilisateur pour l'utilisateur 163.,Organisation de session de formation et création de guides.,"Catégorie: Formation utilisateur
Priorité: Critique
Description: Problème de catégorie Formation utilisateur pour l'utilisateur 163.
Solution: Organisation de session de formation et création de guides.
Statut: Résolu"
TICKET-0164,Performance lente,Critique,Temps de réponse très élevé lors de la recherche - 17 secondes.,Optimisation des requêtes et vérification de la charge serveur.,"Catégorie: Performance lente
Priorité: Critique
Description: Temps de réponse très élevé lors de la recherche - 17 secondes.
Solution: Optimisation des requêtes et vérification de la charge serveur.
Statut: Résolu"
TICKET-0165,Mise à jour requise,Basse,Problème de catégorie Mise à jour requise pour l'utilisateur 165.,Planification et exécution de la mise à jour système.,"Catégorie: Mise à jour requise
Priorité: Basse
Description: Problème de catégorie Mise à jour requise pour l'utilisateur 165.
Solution: Planification et exécution de la mise à jour système.
Statut: Résolu"
TICKET-0166,Problème technique,Normale,L'utilisateur 166 rencontre un dysfonctionnement avec l'interface.,Vérification des logs système et redémarrage du service concerné.,"Catégorie: Problème technique
Priorité: Normale
Description: L'utilisateur 166 rencontre un dysfonctionnement avec l'interface.
Solution: Vérification des logs système et redémarrage du service concerné.
Statut: Résolu"
TICKET-0167,Problème technique,Critique,L'utilisateur 167 rencontre un dysfonctionnement avec l'interface.,Vérification des logs système et redémarrage du service concerné.,"Catégorie: Problème technique
Priorité: Critique
Description: L'utilisateur 167 rencontre un dysfonctionnement avec l'interface.
Solution: Vérification des logs système et redémarrage du service concerné.
Statut: Résolu"
TICKET-0168,Formation utilisateur,Basse,Problème de catégorie Formation utilisateur pour l'utilisateur 168.,Organisation de session de formation et création de guides.,"Catégorie: Formation utilisateur
Priorité: Basse
Description: Problème de catégorie Formation utilisateur pour l'utilisateur 168.
Solution: Organisation de session de formation et création de guides.
Statut: Résolu"
TICKET-0169,Formation utilisateur,Haute,Problème de catégorie Formation utilisateur pour l'utilisateur 169.,Organisation de session de formation et création de guides.,"Catégorie: Formation utilisateur
Priorité: Haute
Description: Problème de catégorie Formation utilisateur pour l'utilisateur 169.
Solution: Organisation de session de formation et création de guides.
Statut: Résolu"
TICKET-0170,Accès refusé,Critique,Impossible d'accéder à l'application - Permissions insuffisantes.,Vérification des permissions utilisateur et mise à jour des droits d'accès.,"Catégorie: Accès refusé
Priorité: Critique
Description: Impossible d'accéder à l'application - Permissions insuffisantes.
Solution: Vérification des permissions utilisateur et mise à jour des droits d'accès.
Statut: Résolu"
TICKET-0171,Mise à jour requise,Haute,Problème de catégorie Mise à jour requise pour l'utilisateur 171.,Planification et exécution de la mise à jour système.,"Catégorie: Mise à jour requise
Priorité: Haute
Description: Problème de catégorie Mise à jour requise pour l'utilisateur 171.
Solution: Planification et exécution de la mise à jour système.
Statut: Résolu"
TICKET-0172,Performance lente,Haute,Temps de réponse très élevé lors de l'affichage - 22 secondes.,Optimisation des requêtes et vérification de la charge serveur.,"Catégorie: Performance lente
Priorité: Haute
Description: Temps de réponse très élevé lors de l'affichage - 22 secondes.
Solution: Optimisation des requêtes et vérification de la charge serveur.
Statut: Résolu"
TICKET-0173,Formation utilisateur,Haute,Problème de catégorie Formation utilisateur pour l'utilisateur 173.,Organisation de session de formation et création de guides.,"Catégorie: Formation utilisateur
Priorité: Haute
Description: Problème de catégorie Formation utilisateur pour l'utilisateur 173.
Solution: Organisation de session de formation et création de guides.
Statut: Résolu"
TICKET-0174,Récupération de mot de passe,Basse,Problème de catégorie Récupération de mot de passe pour l'utilisateur 174.,Solution en cours d'élaboration.,"Catégorie: Récupération de mot de passe
Priorité: Basse
Description: Problème de catégorie Récupération de mot de passe pour l'utilisateur 174.
Solution: Solution en cours d'élaboration.
Statut: Résolu"
TICKET-0175,Bug logiciel,Basse,Erreur détectée lors de la connexion - Code erreur: 119.,"Identification du bug, correction dans le code et déploiement du patch.","Catégorie: Bug logiciel
Priorité: Basse
Description: Erreur détectée lors de la connexion - Code erreur: 119.
Solution: Identification du bug, correction dans le code et déploiement du patch.
Statut: Résolu"
TICKET-0176,Performance lente,Normale,Temps de réponse très élevé lors de la recherche - 21 secondes.,Optimisation des requêtes et vérification de la charge serveur.,"Catégorie: Performance lente
Priorité: Normale
Description: Temps de réponse très élevé lors de la recherche - 21 secondes.
Solution: Optimisation des requêtes et vérification de la charge serveur.
Statut: Résolu"
TICKET-0177,Demande d'information,Critique,Demande d'aide pour comprendre le système.,Fourniture de la documentation appropriée et explication détaillée.,"Catégorie: Demande d'information
Priorité: Critique
Description: Demande d'aide pour comprendre le système.
Solution: Fourniture de la documentation appropriée et explication détaillée.
Statut: Résolu"
TICKET-0178,Performance lente,Basse,Temps de réponse très élevé lors de l'affichage - 12 secondes.,Optimisation des requêtes et vérification de la charge serveur.,"Catégorie: Performance lente
Priorité: Basse
Description: Temps de réponse très élevé lors de l'affichage - 12 secondes.
Solution: Optimisation des requêtes et vérification de la charge serveur.
Statut: Résolu"
TICKET-0179,Formation utilisateur,Critique,Problème de catégorie Formation utilisateur pour l'utilisateur 179.,Organisation de session de formation et création de guides.,"Catégorie: Formation utilisateur
Priorité: Critique
Description: Problème de catégorie Formation utilisateur pour l'utilisateur 179.
Solution: Organisation de session de formation et création de guides.
Statut: Résolu"
TICKET-0180,Performance lente,Basse,Temps de réponse très élevé lors de l'affichage - 13 secondes.,Optimisation des requêtes et vérification de la charge serveur.,"Catégorie: Performance lente
Priorité: Basse
Description: Temps de réponse très élevé lors de l'affichage - 13 secondes.
Solution: Optimisation des requêtes et vérification de la charge serveur.
Statut: Résolu"
TICKET-0181,Demande d'information,Haute,Demande d'aide pour configurer l'application.,Fourniture de la documentation appropriée et explication détaillée.,"Catégorie: Demande d'information
Priorité: Haute
Description: Demande d'aide pour configurer l'application.
Solution: Fourniture de la documentation appropriée et explication détaillée.
Statut: Résolu"
TICKET-0182,Problème technique,Critique,L'utilisateur 182 rencontre un dysfonctionnement avec le système.,Vérification des logs système et redémarrage du service concerné.,"Catégorie: Problème technique
Priorité: Critique
Description: L'utilisateur 182 rencontre un dysfonctionnement avec le système.
Solution: Vérification des logs système et redémarrage du service concerné.
Statut: Résolu"
TICKET-0183,Erreur de connexion,Normale,Échec de connexion au serveur email - Timeout après 88 secondes.,Test de connectivité réseau et reconfiguration des paramètres.,"Catégorie: Erreur de connexion
Priorité: Normale
Description: Échec de connexion au serveur email - Timeout après 88 secondes.
Solution: Test de connectivité réseau et reconfiguration des paramètres.
Statut: Résolu"
TICKET-0184,Erreur de connexion,Normale,Échec de connexion au serveur email - Timeout après 66 secondes.,Test de connectivité réseau et reconfiguration des paramètres.,"Catégorie: Erreur de connexion
Priorité: Normale
Description: Échec de connexion au serveur email - Timeout après 66 secondes.
Solution: Test de connectivité réseau et reconfiguration des paramètres.
Statut: Résolu"
TICKET-0185,Formation utilisateur,Basse,Problème de catégorie Formation utilisateur pour l'utilisateur 185.,Organisation de session de formation et création de guides.,"Catégorie: Formation utilisateur
Priorité: Basse
Description: Problème de catégorie Formation utilisateur pour l'utilisateur 185.
Solution: Organisation de session de formation et création de guides.
Statut: Résolu"
TICKET-0186,Mise à jour requise,Haute,Problème de catégorie Mise à jour requise pour l'utilisateur 186.,Planification et exécution de la mise à jour système.,"Catégorie: Mise à jour requise
Priorité: Haute
Description: Problème de catégorie Mise à jour requise pour l'utilisateur 186.
Solution: Planification et exécution de la mise à jour système.
Statut: Résolu"
TICKET-0187,Erreur de connexion,Critique,Échec de connexion au serveur web - Timeout après 108 secondes.,Test de connectivité réseau et reconfiguration des paramètres.,"Catégorie: Erreur de connexion
Priorité: Critique
Description: Échec de connexion au serveur web - Timeout après 108 secondes.
Solution: Test de connectivité réseau et reconfiguration des paramètres.
Statut: Résolu"
TICKET-0188,Erreur de connexion,Normale,Échec de connexion au serveur database - Timeout après 86 secondes.,Test de connectivité réseau et reconfiguration des paramètres.,"Catégorie: Erreur de connexion
Priorité: Normale
Description: Échec de connexion au serveur database - Timeout après 86 secondes.
Solution: Test de connectivité réseau et reconfiguration des paramètres.
Statut: Résolu"
TICKET-0189,Mise à jour requise,Basse,Problème de catégorie Mise à jour requise pour l'utilisateur 189.,Planification et exécution de la mise à jour système.,"Catégorie: Mise à jour requise
Priorité: Basse
Description: Problème de catégorie Mise à jour requise pour l'utilisateur 189.
Solution: Planification et exécution de la mise à jour système.
Statut: Résolu"
TICKET-0190,Erreur de connexion,Haute,Échec de connexion au serveur web - Timeout après 117 secondes.,Test de connectivité réseau et reconfiguration des paramètres.,"Catégorie: Erreur de connexion
Priorité: Haute
Description: Échec de connexion au serveur web - Timeout après 117 secondes.
Solution: Test de connectivité réseau et reconfiguration des paramètres.
Statut: Résolu"
TICKET-0191,Erreur de connexion,Normale,Échec de connexion au serveur database - Timeout après 98 secondes.,Test de connectivité réseau et reconfiguration des paramètres.,"Catégorie: Erreur de connexion
Priorité: Normale
Description: Échec de connexion au serveur database - Timeout après 98 secondes.
Solution: Test de connectivité réseau et reconfiguration des paramètres.
Statut: Résolu"
TICKET-0192,Accès refusé,Critique,Impossible d'accéder à l'application - Permissions insuffisantes.,Vérification des permissions utilisateur et mise à jour des droits d'accès.,"Catégorie: Accès refusé
Priorité: Critique
Description: Impossible d'accéder à l'application - Permissions insuffisantes.
Solution: Vérification des permissions utilisateur et mise à jour des droits d'accès.
Statut: Résolu"
TICKET-0193,Performance lente,Critique,Temps de réponse très élevé lors de la recherche - 9 secondes.,Optimisation des requêtes et vérification de la charge serveur.,"Catégorie: Performance lente
Priorité: Critique
Description: Temps de réponse très élevé lors de la recherche - 9 secondes.
Solution: Optimisation des requêtes et vérification de la charge serveur.
Statut: Résolu"
TICKET-0194,Problème technique,Normale,L'utilisateur 194 rencontre un dysfonctionnement avec l'interface.,Vérification des logs système et redémarrage du service concerné.,"Catégorie: Problème technique
Priorité: Normale
Description: L'utilisateur 194 rencontre un dysfonctionnement avec l'interface.
Solution: Vérification des logs système et redémarrage du service concerné.
Statut: Résolu"
TICKET-0195,Performance lente,Critique,Temps de réponse très élevé lors de l'affichage - 12 secondes.,Optimisation des requêtes et vérification de la charge serveur.,"Catégorie: Performance lente
Priorité: Critique
Description: Temps de réponse très élevé lors de l'affichage - 12 secondes.
Solution: Optimisation des requêtes et vérification de la charge serveur.
Statut: Résolu"
TICKET-0196,Formation utilisateur,Basse,Problème de catégorie Formation utilisateur pour l'utilisateur 196.,Organisation de session de formation et création de guides.,"Catégorie: Formation utilisateur
Priorité: Basse
Description: Problème de catégorie Formation utilisateur pour l'utilisateur 196.
Solution: Organisation de session de formation et création de guides.
Statut: Résolu"
TICKET-0197,Performance lente,Haute,Temps de réponse très élevé lors de la recherche - 10 secondes.,Optimisation des requêtes et vérification de la charge serveur.,"Catégorie: Performance lente
Priorité: Haute
Description: Temps de réponse très élevé lors de la recherche - 10 secondes.
Solution: Optimisation des requêtes et vérification de la charge serveur.
Statut: Résolu"
TICKET-0198,Erreur de connexion,Normale,Échec de connexion au serveur database - Timeout après 78 secondes.,Test de connectivité réseau et reconfiguration des paramètres.,"Catégorie: Erreur de connexion
Priorité: Normale
Description: Échec de connexion au serveur database - Timeout après 78 secondes.
Solution: Test de connectivité réseau et reconfiguration des paramètres.
Statut: Résolu"
TICKET-0199,Performance lente,Critique,Temps de réponse très élevé lors de la recherche - 7 secondes.,Optimisation des requêtes et vérification de la charge serveur.,"Catégorie: Performance lente
Priorité: Critique
Description: Temps de réponse très élevé lors de la recherche - 7 secondes.
Solution: Optimisation des requêtes et vérification de la charge serveur.
Statut: Résolu"
TICKET-0200,Formation utilisateur,Haute,Problème de catégorie Formation utilisateur pour l'utilisateur 200.,Organisation de session de formation et création de guides.,"Catégorie: Formation utilisateur
Priorité: Haute
Description: Problème de catégorie Formation utilisateur pour l'utilisateur 200.
Solution: Organisation de session de formation et création de guides.
Statut: Résolu"
TICKET-0201,Problème technique,Haute,L'utilisateur 201 rencontre un dysfonctionnement avec le système.,Vérification des logs système et redémarrage du service concerné.,"Catégorie: Problème technique
Priorité: Haute
Description: L'utilisateur 201 rencontre un dysfonctionnement avec le système.
Solution: Vérification des logs système et redémarrage du service concerné.
Statut: Résolu"
TICKET-0202,Accès refusé,Critique,Impossible d'accéder à le serveur - Permissions insuffisantes.,Vérification des permissions utilisateur et mise à jour des droits d'accès.,"Catégorie: Accès refusé
Priorité: Critique
Description: Impossible d'accéder à le serveur - Permissions insuffisantes.
Solution: Vérification des permissions utilisateur et mise à jour des droits d'accès.
Statut: Résolu"
TICKET-0203,Mise à jour requise,Haute,Problème de catégorie Mise à jour requise pour l'utilisateur 203.,Planification et exécution de la mise à jour système.,"Catégorie: Mise à jour requise
Priorité: Haute
Description: Problème de catégorie Mise à jour requise pour l'utilisateur 203.
Solution: Planification et exécution de la mise à jour système.
Statut: Résolu"
TICKET-0204,Erreur de connexion,Basse,Échec de connexion au serveur email - Timeout après 52 secondes.,Test de connectivité réseau et reconfiguration des paramètres.,"Catégorie: Erreur de connexion
Priorité: Basse
Description: Échec de connexion au serveur email - Timeout après 52 secondes.
Solution: Test de connectivité réseau et reconfiguration des paramètres.
Statut: Résolu"
TICKET-0205,Demande d'information,Basse,Demande d'aide pour configurer l'application.,Fourniture de la documentation appropriée et explication détaillée.,"Catégorie: Demande d'information
Priorité: Basse
Description: Demande d'aide pour configurer l'application.
Solution: Fourniture de la documentation appropriée et explication détaillée.
Statut: Résolu"
TICKET-0206,Formation utilisateur,Basse,Problème de catégorie Formation utilisateur pour l'utilisateur 206.,Organisation de session de formation et création de guides.,"Catégorie: Formation utilisateur
Priorité: Basse
Description: Problème de catégorie Formation utilisateur pour l'utilisateur 206.
Solution: Organisation de session de formation et création de guides.
Statut: Résolu"
TICKET-0207,Mise à jour requise,Critique,Problème de catégorie Mise à jour requise pour l'utilisateur 207.,Planification et exécution de la mise à jour système.,"Catégorie: Mise à jour requise
Priorité: Critique
Description: Problème de catégorie Mise à jour requise pour l'utilisateur 207.
Solution: Planification et exécution de la mise à jour système.
Statut: Résolu"
TICKET-0208,Performance lente,Haute,Temps de réponse très élevé lors de la connexion - 19 secondes.,Optimisation des requêtes et vérification de la charge serveur.,"Catégorie: Performance lente
Priorité: Haute
Description: Temps de réponse très élevé lors de la connexion - 19 secondes.
Solution: Optimisation des requêtes et vérification de la charge serveur.
Statut: Résolu"
TICKET-0209,Performance lente,Haute,Temps de réponse très élevé lors de la connexion - 18 secondes.,Optimisation des requêtes et vérification de la charge serveur.,"Catégorie: Performance lente
Priorité: Haute
Description: Temps de réponse très élevé lors de la connexion - 18 secondes.
Solution: Optimisation des requêtes et vérification de la charge serveur.
Statut: Résolu"
TICKET-0210,Bug logiciel,Basse,Erreur détectée lors de l'utilisation - Code erreur: 479.,"Identification du bug, correction dans le code et déploiement du patch.","Catégorie: Bug logiciel
Priorité: Basse
Description: Erreur détectée lors de l'utilisation - Code erreur: 479.
Solution: Identification du bug, correction dans le code et déploiement du patch.
Statut: Résolu"
TICKET-0211,Bug logiciel,Haute,Erreur détectée lors de l'utilisation - Code erreur: 984.,"Identification du bug, correction dans le code et déploiement du patch.","Catégorie: Bug logiciel
Priorité: Haute
Description: Erreur détectée lors de l'utilisation - Code erreur: 984.
Solution: Identification du bug, correction dans le code et déploiement du patch.
Statut: Résolu"
TICKET-0212,Problème technique,Haute,L'utilisateur 212 rencontre un dysfonctionnement avec l'interface.,Vérification des logs système et redémarrage du service concerné.,"Catégorie: Problème technique
Priorité: Haute
Description: L'utilisateur 212 rencontre un dysfonctionnement avec l'interface.
Solution: Vérification des logs système et redémarrage du service concerné.
Statut: Résolu"
TICKET-0213,Erreur de connexion,Basse,Échec de connexion au serveur email - Timeout après 90 secondes.,Test de connectivité réseau et reconfiguration des paramètres.,"Catégorie: Erreur de connexion
Priorité: Basse
Description: Échec de connexion au serveur email - Timeout après 90 secondes.
Solution: Test de connectivité réseau et reconfiguration des paramètres.
Statut: Résolu"
TICKET-0214,Récupération de mot de passe,Basse,Problème de catégorie Récupération de mot de passe pour l'utilisateur 214.,Solution en cours d'élaboration.,"Catégorie: Récupération de mot de passe
Priorité: Basse
Description: Problème de catégorie Récupération de mot de passe pour l'utilisateur 214.
Solution: Solution en cours d'élaboration.
Statut: Résolu"
TICKET-0215,Performance lente,Normale,Temps de réponse très élevé lors de l'affichage - 29 secondes.,Optimisation des requêtes et vérification de la charge serveur.,"Catégorie: Performance lente
Priorité: Normale
Description: Temps de réponse très élevé lors de l'affichage - 29 secondes.
Solution: Optimisation des requêtes et vérification de la charge serveur.
Statut: Résolu"
TICKET-0216,Performance lente,Haute,Temps de réponse très élevé lors de la connexion - 28 secondes.,Optimisation des requêtes et vérification de la charge serveur.,"Catégorie: Performance lente
Priorité: Haute
Description: Temps de réponse très élevé lors de la connexion - 28 secondes.
Solution: Optimisation des requêtes et vérification de la charge serveur.
Statut: Résolu"
TICKET-0217,Accès refusé,Haute,Impossible d'accéder à la base de données - Permissions insuffisantes.,Vérification des permissions utilisateur et mise à jour des droits d'accès.,"Catégorie: Accès refusé
Priorité: Haute
Description: Impossible d'accéder à la base de données - Permissions insuffisantes.
Solution: Vérification des permissions utilisateur et mise à jour des droits d'accès.
Statut: Résolu"
TICKET-0218,Formation utilisateur,Normale,Problème de catégorie Formation utilisateur pour l'utilisateur 218.,Organisation de session de formation et création de guides.,"Catégorie: Formation utilisateur
Priorité: Normale
Description: Problème de catégorie Formation utilisateur pour l'utilisateur 218.
Solution: Organisation de session de formation et création de guides.
Statut: Résolu"
TICKET-0219,Mise à jour requise,Critique,Problème de catégorie Mise à jour requise pour l'utilisateur 219.,Planification et exécution de la mise à jour système.,"Catégorie: Mise à jour requise
Priorité: Critique
Description: Problème de catégorie Mise à jour requise pour l'utilisateur 219.
Solution: Planification et exécution de la mise à jour système.
Statut: Résolu"
TICKET-0220,Problème technique,Critique,L'utilisateur 220 rencontre un dysfonctionnement avec l'interface.,Vérification des logs système et redémarrage du service concerné.,"Catégorie: Problème technique
Priorité: Critique
Description: L'utilisateur 220 rencontre un dysfonctionnement avec l'interface.
Solution: Vérification des logs système et redémarrage du service concerné.
Statut: Résolu"
TICKET-0221,Problème technique,Normale,L'utilisateur 221 rencontre un dysfonctionnement avec l'application.,Vérification des logs système et redémarrage du service concerné.,"Catégorie: Problème technique
Priorité: Normale
Description: L'utilisateur 221 rencontre un dysfonctionnement avec l'application.
Solution: Vérification des logs système et redémarrage du service concerné.
Statut: Résolu"
TICKET-0222,Erreur de connexion,Critique,Échec de connexion au serveur web - Timeout après 48 secondes.,Test de connectivité réseau et reconfiguration des paramètres.,"Catégorie: Erreur de connexion
Priorité: Critique
Description: Échec de connexion au serveur web - Timeout après 48 secondes.
Solution: Test de connectivité réseau et reconfiguration des paramètres.
Statut: Résolu"
TICKET-0223,Demande d'information,Normale,Demande d'aide pour utiliser l'application.,Fourniture de la documentation appropriée et explication détaillée.,"Catégorie: Demande d'information
Priorité: Normale
Description: Demande d'aide pour utiliser l'application.
Solution: Fourniture de la documentation appropriée et explication détaillée.
Statut: Résolu"
TICKET-0224,Mise à jour requise,Normale,Problème de catégorie Mise à jour requise pour l'utilisateur 224.,Planification et exécution de la mise à jour système.,"Catégorie: Mise à jour requise
Priorité: Normale
Description: Problème de catégorie Mise à jour requise pour l'utilisateur 224.
Solution: Planification et exécution de la mise à jour système.
Statut: Résolu"
TICKET-0225,Demande d'information,Critique,Demande d'aide pour comprendre la fonctionnalité.,Fourniture de la documentation appropriée et explication détaillée.,"Catégorie: Demande d'information
Priorité: Critique
Description: Demande d'aide pour comprendre la fonctionnalité.
Solution: Fourniture de la documentation appropriée et explication détaillée.
Statut: Résolu"
TICKET-0226,Accès refusé,Basse,Impossible d'accéder à la base de données - Permissions insuffisantes.,Vérification des permissions utilisateur et mise à jour des droits d'accès.,"Catégorie: Accès refusé
Priorité: Basse
Description: Impossible d'accéder à la base de données - Permissions insuffisantes.
Solution: Vérification des permissions utilisateur et mise à jour des droits d'accès.
Statut: Résolu"
TICKET-0227,Problème technique,Haute,L'utilisateur 227 rencontre un dysfonctionnement avec l'interface.,Vérification des logs système et redémarrage du service concerné.,"Catégorie: Problème technique
Priorité: Haute
Description: L'utilisateur 227 rencontre un dysfonctionnement avec l'interface.
Solution: Vérification des logs système et redémarrage du service concerné.
Statut: Résolu"
TICKET-0228,Erreur de connexion,Normale,Échec de connexion au serveur database - Timeout après 107 secondes.,Test de connectivité réseau et reconfiguration des paramètres.,"Catégorie: Erreur de connexion
Priorité: Normale
Description: Échec de connexion au serveur database - Timeout après 107 secondes.
Solution: Test de connectivité réseau et reconfiguration des paramètres.
Statut: Résolu"
TICKET-0229,Accès refusé,Basse,Impossible d'accéder à la base de données - Permissions insuffisantes.,Vérification des permissions utilisateur et mise à jour des droits d'accès.,"Catégorie: Accès refusé
Priorité: Basse
Description: Impossible d'accéder à la base de données - Permissions insuffisantes.
Solution: Vérification des permissions utilisateur et mise à jour des droits d'accès.
Statut: Résolu"
TICKET-0230,Formation utilisateur,Normale,Problème de catégorie Formation utilisateur pour l'utilisateur 230.,Organisation de session de formation et création de guides.,"Catégorie: Formation utilisateur
Priorité: Normale
Description: Problème de catégorie Formation utilisateur pour l'utilisateur 230.
Solution: Organisation de session de formation et création de guides.
Statut: Résolu"
TICKET-0231,Formation utilisateur,Haute,Problème de catégorie Formation utilisateur pour l'utilisateur 231.,Organisation de session de formation et création de guides.,"Catégorie: Formation utilisateur
Priorité: Haute
Description: Problème de catégorie Formation utilisateur pour l'utilisateur 231.
Solution: Organisation de session de formation et création de guides.
Statut: Résolu"
TICKET-0232,Demande d'information,Haute,Demande d'aide pour utiliser la fonctionnalité.,Fourniture de la documentation appropriée et explication détaillée.,"Catégorie: Demande d'information
Priorité: Haute
Description: Demande d'aide pour utiliser la fonctionnalité.
Solution: Fourniture de la documentation appropriée et explication détaillée.
Statut: Résolu"
TICKET-0233,Bug logiciel,Critique,Erreur détectée lors de la connexion - Code erreur: 115.,"Identification du bug, correction dans le code et déploiement du patch.","Catégorie: Bug logiciel
Priorité: Critique
Description: Erreur détectée lors de la connexion - Code erreur: 115.
Solution: Identification du bug, correction dans le code et déploiement du patch.
Statut: Résolu"
TICKET-0234,Mise à jour requise,Critique,Problème de catégorie Mise à jour requise pour l'utilisateur 234.,Planification et exécution de la mise à jour système.,"Catégorie: Mise à jour requise
Priorité: Critique
Description: Problème de catégorie Mise à jour requise pour l'utilisateur 234.
Solution: Planification et exécution de la mise à jour système.
Statut: Résolu"
TICKET-0235,Bug logiciel,Haute,Erreur détectée lors de l'utilisation - Code erreur: 936.,"Identification du bug, correction dans le code et déploiement du patch.","Catégorie: Bug logiciel
Priorité: Haute
Description: Erreur détectée lors de l'utilisation - Code erreur: 936.
Solution: Identification du bug, correction dans le code et déploiement du patch.
Statut: Résolu"
TICKET-0236,Formation utilisateur,Critique,Problème de catégorie Formation utilisateur pour l'utilisateur 236.,Organisation de session de formation et création de guides.,"Catégorie: Formation utilisateur
Priorité: Critique
Description: Problème de catégorie Formation utilisateur pour l'utilisateur 236.
Solution: Organisation de session de formation et création de guides.
Statut: Résolu"
TICKET-0237,Erreur de connexion,Normale,Échec de connexion au serveur web - Timeout après 82 secondes.,Test de connectivité réseau et reconfiguration des paramètres.,"Catégorie: Erreur de connexion
Priorité: Normale
Description: Échec de connexion au serveur web - Timeout après 82 secondes.
Solution: Test de connectivité réseau et reconfiguration des paramètres.
Statut: Résolu"
TICKET-0238,Mise à jour requise,Haute,Problème de catégorie Mise à jour requise pour l'utilisateur 238.,Planification et exécution de la mise à jour système.,"Catégorie: Mise à jour requise
Priorité: Haute
Description: Problème de catégorie Mise à jour requise pour l'utilisateur 238.
Solution: Planification et exécution de la mise à jour système.
Statut: Résolu"
TICKET-0239,Bug logiciel,Normale,Erreur détectée lors de l'utilisation - Code erreur: 666.,"Identification du bug, correction dans le code et déploiement du patch.","Catégorie: Bug logiciel
Priorité: Normale
Description: Erreur détectée lors de l'utilisation - Code erreur: 666.
Solution: Identification du bug, correction dans le code et déploiement du patch.
Statut: Résolu"
TICKET-0240,Mise à jour requise,Normale,Problème de catégorie Mise à jour requise pour l'utilisateur 240.,Planification et exécution de la mise à jour système.,"Catégorie: Mise à jour requise
Priorité: Normale
Description: Problème de catégorie Mise à jour requise pour l'utilisateur 240.
Solution: Planification et exécution de la mise à jour système.
Statut: Résolu"
TICKET-0241,Bug logiciel,Normale,Erreur détectée lors de l'utilisation - Code erreur: 839.,"Identification du bug, correction dans le code et déploiement du patch.","Catégorie: Bug logiciel
Priorité: Normale
Description: Erreur détectée lors de l'utilisation - Code erreur: 839.
Solution: Identification du bug, correction dans le code et déploiement du patch.
Statut: Résolu"
TICKET-0242,Demande d'information,Basse,Demande d'aide pour configurer l'application.,Fourniture de la documentation appropriée et explication détaillée.,"Catégorie: Demande d'information
Priorité: Basse
Description: Demande d'aide pour configurer l'application.
Solution: Fourniture de la documentation appropriée et explication détaillée.
Statut: Résolu"
TICKET-0243,Problème technique,Normale,L'utilisateur 243 rencontre un dysfonctionnement avec l'application.,Vérification des logs système et redémarrage du service concerné.,"Catégorie: Problème technique
Priorité: Normale
Description: L'utilisateur 243 rencontre un dysfonctionnement avec l'application.
Solution: Vérification des logs système et redémarrage du service concerné.
Statut: Résolu"
TICKET-0244,Récupération de mot de passe,Basse,Problème de catégorie Récupération de mot de passe pour l'utilisateur 244.,Solution en cours d'élaboration.,"Catégorie: Récupération de mot de passe
Priorité: Basse
Description: Problème de catégorie Récupération de mot de passe pour l'utilisateur 244.
Solution: Solution en cours d'élaboration.
Statut: Résolu"
TICKET-0245,Erreur de connexion,Haute,Échec de connexion au serveur email - Timeout après 84 secondes.,Test de connectivité réseau et reconfiguration des paramètres.,"Catégorie: Erreur de connexion
Priorité: Haute
Description: Échec de connexion au serveur email - Timeout après 84 secondes.
Solution: Test de connectivité réseau et reconfiguration des paramètres.
Statut: Résolu"
TICKET-0246,Récupération de mot de passe,Basse,Problème de catégorie Récupération de mot de passe pour l'utilisateur 246.,Solution en cours d'élaboration.,"Catégorie: Récupération de mot de passe
Priorité: Basse
Description: Problème de catégorie Récupération de mot de passe pour l'utilisateur 246.
Solution: Solution en cours d'élaboration.
Statut: Résolu"
TICKET-0247,Accès refusé,Normale,Impossible d'accéder à la base de données - Permissions insuffisantes.,Vérification des permissions utilisateur et mise à jour des droits d'accès.,"Catégorie: Accès refusé
Priorité: Normale
Description: Impossible d'accéder à la base de données - Permissions insuffisantes.
Solution: Vérification des permissions utilisateur et mise à jour des droits d'accès.
Statut: Résolu"
TICKET-0248,Erreur de connexion,Normale,Échec de connexion au serveur email - Timeout après 108 secondes.,Test de connectivité réseau et reconfiguration des paramètres.,"Catégorie: Erreur de connexion
Priorité: Normale
Description: Échec de connexion au serveur email - Timeout après 108 secondes.
Solution: Test de connectivité réseau et reconfiguration des paramètres.
Statut: Résolu"
TICKET-0249,Demande d'information,Haute,Demande d'aide pour utiliser la fonctionnalité.,Fourniture de la documentation appropriée et explication détaillée.,"Catégorie: Demande d'information
Priorité: Haute
Description: Demande d'aide pour utiliser la fonctionnalité.
Solution: Fourniture de la documentation appropriée et explication détaillée.
Statut: Résolu"
TICKET-0250,Accès refusé,Critique,Impossible d'accéder à l'application - Permissions insuffisantes.,Vérification des permissions utilisateur et mise à jour des droits d'accès.,"Catégorie: Accès refusé
Priorité: Critique
Description: Impossible d'accéder à l'application - Permissions insuffisantes.
Solution: Vérification des permissions utilisateur et mise à jour des droits d'accès.
Statut: Résolu"
TICKET-0251,Problème technique,Normale,L'utilisateur 251 rencontre un dysfonctionnement avec l'interface.,Vérification des logs système et redémarrage du service concerné.,"Catégorie: Problème technique
Priorité: Normale
Description: L'utilisateur 251 rencontre un dysfonctionnement avec l'interface.
Solution: Vérification des logs système et redémarrage du service concerné.
Statut: Résolu"
TICKET-0252,Récupération de mot de passe,Haute,Problème de catégorie Récupération de mot de passe pour l'utilisateur 252.,Solution en cours d'élaboration.,"Catégorie: Récupération de mot de passe
Priorité: Haute
Description: Problème de catégorie Récupération de mot de passe pour l'utilisateur 252.
Solution: Solution en cours d'élaboration.
Statut: Résolu"
TICKET-0253,Erreur de connexion,Basse,Échec de connexion au serveur email - Timeout après 73 secondes.,Test de connectivité réseau et reconfiguration des paramètres.,"Catégorie: Erreur de connexion
Priorité: Basse
Description: Échec de connexion au serveur email - Timeout après 73 secondes.
Solution: Test de connectivité réseau et reconfiguration des paramètres.
Statut: Résolu"
TICKET-0254,Formation utilisateur,Haute,Problème de catégorie Formation utilisateur pour l'utilisateur 254.,Organisation de session de formation et création de guides.,"Catégorie: Formation utilisateur
Priorité: Haute
Description: Problème de catégorie Formation utilisateur pour l'utilisateur 254.
Solution: Organisation de session de formation et création de guides.
Statut: Résolu"
TICKET-0255,Problème technique,Basse,L'utilisateur 255 rencontre un dysfonctionnement avec le système.,Vérification des logs système et redémarrage du service concerné.,"Catégorie: Problème technique
Priorité: Basse
Description: L'utilisateur 255 rencontre un dysfonctionnement avec le système.
Solution: Vérification des logs système et redémarrage du service concerné.
Statut: Résolu"
TICKET-0256,Problème technique,Basse,L'utilisateur 256 rencontre un dysfonctionnement avec le système.,Vérification des logs système et redémarrage du service concerné.,"Catégorie: Problème technique
Priorité: Basse
Description: L'utilisateur 256 rencontre un dysfonctionnement avec le système.
Solution: Vérification des logs système et redémarrage du service concerné.
Statut: Résolu"
TICKET-0257,Performance lente,Critique,Temps de réponse très élevé lors de la recherche - 26 secondes.,Optimisation des requêtes et vérification de la charge serveur.,"Catégorie: Performance lente
Priorité: Critique
Description: Temps de réponse très élevé lors de la recherche - 26 secondes.
Solution: Optimisation des requêtes et vérification de la charge serveur.
Statut: Résolu"
TICKET-0258,Formation utilisateur,Critique,Problème de catégorie Formation utilisateur pour l'utilisateur 258.,Organisation de session de formation et création de guides.,"Catégorie: Formation utilisateur
Priorité: Critique
Description: Problème de catégorie Formation utilisateur pour l'utilisateur 258.
Solution: Organisation de session de formation et création de guides.
Statut: Résolu"
TICKET-0259,Récupération de mot de passe,Critique,Problème de catégorie Récupération de mot de passe pour l'utilisateur 259.,Solution en cours d'élaboration.,"Catégorie: Récupération de mot de passe
Priorité: Critique
Description: Problème de catégorie Récupération de mot de passe pour l'utilisateur 259.
Solution: Solution en cours d'élaboration.
Statut: Résolu"
TICKET-0260,Problème technique,Critique,L'utilisateur 260 rencontre un dysfonctionnement avec l'interface.,Vérification des logs système et redémarrage du service concerné.,"Catégorie: Problème technique
Priorité: Critique
Description: L'utilisateur 260 rencontre un dysfonctionnement avec l'interface.
Solution: Vérification des logs système et redémarrage du service concerné.
Statut: Résolu"
TICKET-0261,Problème technique,Critique,L'utilisateur 261 rencontre un dysfonctionnement avec l'application.,Vérification des logs système et redémarrage du service concerné.,"Catégorie: Problème technique
Priorité: Critique
Description: L'utilisateur 261 rencontre un dysfonctionnement avec l'application.
Solution: Vérification des logs système et redémarrage du service concerné.
Statut: Résolu"
TICKET-0262,Formation utilisateur,Normale,Problème de catégorie Formation utilisateur pour l'utilisateur 262.,Organisation de session de formation et création de guides.,"Catégorie: Formation utilisateur
Priorité: Normale
Description: Problème de catégorie Formation utilisateur pour l'utilisateur 262.
Solution: Organisation de session de formation et création de guides.
Statut: Résolu"
TICKET-0263,Mise à jour requise,Basse,Problème de catégorie Mise à jour requise pour l'utilisateur 263.,Planification et exécution de la mise à jour système.,"Catégorie: Mise à jour requise
Priorité: Basse
Description: Problème de catégorie Mise à jour requise pour l'utilisateur 263.
Solution: Planification et exécution de la mise à jour système.
Statut: Résolu"
TICKET-0264,Demande d'information,Normale,Demande d'aide pour utiliser le système.,Fourniture de la documentation appropriée et explication détaillée.,"Catégorie: Demande d'information
Priorité: Normale
Description: Demande d'aide pour utiliser le système.
Solution: Fourniture de la documentation appropriée et explication détaillée.
Statut: Résolu"
TICKET-0265,Performance lente,Normale,Temps de réponse très élevé lors de l'affichage - 28 secondes.,Optimisation des requêtes et vérification de la charge serveur.,"Catégorie: Performance lente
Priorité: Normale
Description: Temps de réponse très élevé lors de l'affichage - 28 secondes.
Solution: Optimisation des requêtes et vérification de la charge serveur.
Statut: Résolu"
TICKET-0266,Demande d'information,Critique,Demande d'aide pour comprendre l'application.,Fourniture de la documentation appropriée et explication détaillée.,"Catégorie: Demande d'information
Priorité: Critique
Description: Demande d'aide pour comprendre l'application.
Solution: Fourniture de la documentation appropriée et explication détaillée.
Statut: Résolu"
TICKET-0267,Problème technique,Critique,L'utilisateur 267 rencontre un dysfonctionnement avec le système.,Vérification des logs système et redémarrage du service concerné.,"Catégorie: Problème technique
Priorité: Critique
Description: L'utilisateur 267 rencontre un dysfonctionnement avec le système.
Solution: Vérification des logs système et redémarrage du service concerné.
Statut: Résolu"
TICKET-0268,Problème technique,Critique,L'utilisateur 268 rencontre un dysfonctionnement avec l'application.,Vérification des logs système et redémarrage du service concerné.,"Catégorie: Problème technique
Priorité: Critique
Description: L'utilisateur 268 rencontre un dysfonctionnement avec l'application.
Solution: Vérification des logs système et redémarrage du service concerné.
Statut: Résolu"
TICKET-0269,Mise à jour requise,Critique,Problème de catégorie Mise à jour requise pour l'utilisateur 269.,Planification et exécution de la mise à jour système.,"Catégorie: Mise à jour requise
Priorité: Critique
Description: Problème de catégorie Mise à jour requise pour l'utilisateur 269.
Solution: Planification et exécution de la mise à jour système.
Statut: Résolu"
TICKET-0270,Problème technique,Normale,L'utilisateur 270 rencontre un dysfonctionnement avec l'interface.,Vérification des logs système et redémarrage du service concerné.,"Catégorie: Problème technique
Priorité: Normale
Description: L'utilisateur 270 rencontre un dysfonctionnement avec l'interface.
Solution: Vérification des logs système et redémarrage du service concerné.
Statut: Résolu"
TICKET-0271,Problème technique,Normale,L'utilisateur 271 rencontre un dysfonctionnement avec le système.,Vérification des logs système et redémarrage du service concerné.,"Catégorie: Problème technique
Priorité: Normale
Description: L'utilisateur 271 rencontre un dysfonctionnement avec le système.
Solution: Vérification des logs système et redémarrage du service concerné.
Statut: Résolu"
TICKET-0272,Accès refusé,Normale,Impossible d'accéder à le serveur - Permissions insuffisantes.,Vérification des permissions utilisateur et mise à jour des droits d'accès.,"Catégorie: Accès refusé
Priorité: Normale
Description: Impossible d'accéder à le serveur - Permissions insuffisantes.
Solution: Vérification des permissions utilisateur et mise à jour des droits d'accès.
Statut: Résolu"
TICKET-0273,Accès refusé,Critique,Impossible d'accéder à le serveur - Permissions insuffisantes.,Vérification des permissions utilisateur et mise à jour des droits d'accès.,"Catégorie: Accès refusé
Priorité: Critique
Description: Impossible d'accéder à le serveur - Permissions insuffisantes.
Solution: Vérification des permissions utilisateur et mise à jour des droits d'accès.
Statut: Résolu"
TICKET-0274,Erreur de connexion,Basse,Échec de connexion au serveur web - Timeout après 35 secondes.,Test de connectivité réseau et reconfiguration des paramètres.,"Catégorie: Erreur de connexion
Priorité: Basse
Description: Échec de connexion au serveur web - Timeout après 35 secondes.
Solution: Test de connectivité réseau et reconfiguration des paramètres.
Statut: Résolu"
TICKET-0275,Accès refusé,Haute,Impossible d'accéder à la base de données - Permissions insuffisantes.,Vérification des permissions utilisateur et mise à jour des droits d'accès.,"Catégorie: Accès refusé
Priorité: Haute
Description: Impossible d'accéder à la base de données - Permissions insuffisantes.
Solution: Vérification des permissions utilisateur et mise à jour des droits d'accès.
Statut: Résolu"
TICKET-0276,Erreur de connexion,Normale,Échec de connexion au serveur email - Timeout après 72 secondes.,Test de connectivité réseau et reconfiguration des paramètres.,"Catégorie: Erreur de connexion
Priorité: Normale
Description: Échec de connexion au serveur email - Timeout après 72 secondes.
Solution: Test de connectivité réseau et reconfiguration des paramètres.
Statut: Résolu"
TICKET-0277,Bug logiciel,Critique,Erreur détectée lors de l'utilisation - Code erreur: 809.,"Identification du bug, correction dans le code et déploiement du patch.","Catégorie: Bug logiciel
Priorité: Critique
Description: Erreur détectée lors de l'utilisation - Code erreur: 809.
Solution: Identification du bug, correction dans le code et déploiement du patch.
Statut: Résolu"
TICKET-0278,Formation utilisateur,Haute,Problème de catégorie Formation utilisateur pour l'utilisateur 278.,Organisation de session de formation et création de guides.,"Catégorie: Formation utilisateur
Priorité: Haute
Description: Problème de catégorie Formation utilisateur pour l'utilisateur 278.
Solution: Organisation de session de formation et création de guides.
Statut: Résolu"
TICKET-0279,Erreur de connexion,Basse,Échec de connexion au serveur web - Timeout après 113 secondes.,Test de connectivité réseau et reconfiguration des paramètres.,"Catégorie: Erreur de connexion
Priorité: Basse
Description: Échec de connexion au serveur web - Timeout après 113 secondes.
Solution: Test de connectivité réseau et reconfiguration des paramètres.
Statut: Résolu"
TICKET-0280,Récupération de mot de passe,Basse,Problème de catégorie Récupération de mot de passe pour l'utilisateur 280.,Solution en cours d'élaboration.,"Catégorie: Récupération de mot de passe
Priorité: Basse
Description: Problème de catégorie Récupération de mot de passe pour l'utilisateur 280.
Solution: Solution en cours d'élaboration.
Statut: Résolu"
TICKET-0281,Formation utilisateur,Haute,Problème de catégorie Formation utilisateur pour l'utilisateur 281.,Organisation de session de formation et création de guides.,"Catégorie: Formation utilisateur
Priorité: Haute
Description: Problème de catégorie Formation utilisateur pour l'utilisateur 281.
Solution: Organisation de session de formation et création de guides.
Statut: Résolu"
TICKET-0282,Performance lente,Normale,Temps de réponse très élevé lors de l'affichage - 28 secondes.,Optimisation des requêtes et vérification de la charge serveur.,"Catégorie: Performance lente
Priorité: Normale
Description: Temps de réponse très élevé lors de l'affichage - 28 secondes.
Solution: Optimisation des requêtes et vérification de la charge serveur.
Statut: Résolu"
TICKET-0283,Performance lente,Haute,Temps de réponse très élevé lors de la connexion - 18 secondes.,Optimisation des requêtes et vérification de la charge serveur.,"Catégorie: Performance lente
Priorité: Haute
Description: Temps de réponse très élevé lors de la connexion - 18 secondes.
Solution: Optimisation des requêtes et vérification de la charge serveur.
Statut: Résolu"
TICKET-0284,Performance lente,Normale,Temps de réponse très élevé lors de la recherche - 11 secondes.,Optimisation des requêtes et vérification de la charge serveur.,"Catégorie: Performance lente
Priorité: Normale
Description: Temps de réponse très élevé lors de la recherche - 11 secondes.
Solution: Optimisation des requêtes et vérification de la charge serveur.
Statut: Résolu"
TICKET-0285,Formation utilisateur,Basse,Problème de catégorie Formation utilisateur pour l'utilisateur 285.,Organisation de session de formation et création de guides.,"Catégorie: Formation utilisateur
Priorité: Basse
Description: Problème de catégorie Formation utilisateur pour l'utilisateur 285.
Solution: Organisation de session de formation et création de guides.
Statut: Résolu"
TICKET-0286,Accès refusé,Normale,Impossible d'accéder à la base de données - Permissions insuffisantes.,Vérification des permissions utilisateur et mise à jour des droits d'accès.,"Catégorie: Accès refusé
Priorité: Normale
Description: Impossible d'accéder à la base de données - Permissions insuffisantes.
Solution: Vérification des permissions utilisateur et mise à jour des droits d'accès.
Statut: Résolu"
TICKET-0287,Accès refusé,Basse,Impossible d'accéder à le serveur - Permissions insuffisantes.,Vérification des permissions utilisateur et mise à jour des droits d'accès.,"Catégorie: Accès refusé
Priorité: Basse
Description: Impossible d'accéder à le serveur - Permissions insuffisantes.
Solution: Vérification des permissions utilisateur et mise à jour des droits d'accès.
Statut: Résolu"
TICKET-0288,Mise à jour requise,Haute,Problème de catégorie Mise à jour requise pour l'utilisateur 288.,Planification et exécution de la mise à jour système.,"Catégorie: Mise à jour requise
Priorité: Haute
Description: Problème de catégorie Mise à jour requise pour l'utilisateur 288.
Solution: Planification et exécution de la mise à jour système.
Statut: Résolu"
TICKET-0289,Accès refusé,Normale,Impossible d'accéder à le serveur - Permissions insuffisantes.,Vérification des permissions utilisateur et mise à jour des droits d'accès.,"Catégorie: Accès refusé
Priorité: Normale
Description: Impossible d'accéder à le serveur - Permissions insuffisantes.
Solution: Vérification des permissions utilisateur et mise à jour des droits d'accès.
Statut: Résolu"
TICKET-0290,Accès refusé,Normale,Impossible d'accéder à le serveur - Permissions insuffisantes.,Vérification des permissions utilisateur et mise à jour des droits d'accès.,"Catégorie: Accès refusé
Priorité: Normale
Description: Impossible d'accéder à le serveur - Permissions insuffisantes.
Solution: Vérification des permissions utilisateur et mise à jour des droits d'accès.
Statut: Résolu"
TICKET-0291,Performance lente,Haute,Temps de réponse très élevé lors de la recherche - 5 secondes.,Optimisation des requêtes et vérification de la charge serveur.,"Catégorie: Performance lente
Priorité: Haute
Description: Temps de réponse très élevé lors de la recherche - 5 secondes.
Solution: Optimisation des requêtes et vérification de la charge serveur.
Statut: Résolu"
TICKET-0292,Mise à jour requise,Critique,Problème de catégorie Mise à jour requise pour l'utilisateur 292.,Planification et exécution de la mise à jour système.,"Catégorie: Mise à jour requise
Priorité: Critique
Description: Problème de catégorie Mise à jour requise pour l'utilisateur 292.
Solution: Planification et exécution de la mise à jour système.
Statut: Résolu"
TICKET-0293,Performance lente,Critique,Temps de réponse très élevé lors de la recherche - 16 secondes.,Optimisation des requêtes et vérification de la charge serveur.,"Catégorie: Performance lente
Priorité: Critique
Description: Temps de réponse très élevé lors de la recherche - 16 secondes.
Solution: Optimisation des requêtes et vérification de la charge serveur.
Statut: Résolu"
TICKET-0294,Formation utilisateur,Normale,Problème de catégorie Formation utilisateur pour l'utilisateur 294.,Organisation de session de formation et création de guides.,"Catégorie: Formation utilisateur
Priorité: Normale
Description: Problème de catégorie Formation utilisateur pour l'utilisateur 294.
Solution: Organisation de session de formation et création de guides.
Statut: Résolu"
TICKET-0295,Problème technique,Critique,L'utilisateur 295 rencontre un dysfonctionnement avec l'application.,Vérification des logs système et redémarrage du service concerné.,"Catégorie: Problème technique
Priorité: Critique
Description: L'utilisateur 295 rencontre un dysfonctionnement avec l'application.
Solution: Vérification des logs système et redémarrage du service concerné.
Statut: Résolu"
TICKET-0296,Problème technique,Critique,L'utilisateur 296 rencontre un dysfonctionnement avec l'application.,Vérification des logs système et redémarrage du service concerné.,"Catégorie: Problème technique
Priorité: Critique
Description: L'utilisateur 296 rencontre un dysfonctionnement avec l'application.
Solution: Vérification des logs système et redémarrage du service concerné.
Statut: Résolu"
TICKET-0297,Performance lente,Critique,Temps de réponse très élevé lors de la connexion - 26 secondes.,Optimisation des requêtes et vérification de la charge serveur.,"Catégorie: Performance lente
Priorité: Critique
Description: Temps de réponse très élevé lors de la connexion - 26 secondes.
Solution: Optimisation des requêtes et vérification de la charge serveur.
Statut: Résolu"
TICKET-0298,Erreur de connexion,Normale,Échec de connexion au serveur email - Timeout après 101 secondes.,Test de connectivité réseau et reconfiguration des paramètres.,"Catégorie: Erreur de connexion
Priorité: Normale
Description: Échec de connexion au serveur email - Timeout après 101 secondes.
Solution: Test de connectivité réseau et reconfiguration des paramètres.
Statut: Résolu"
TICKET-0299,Problème technique,Haute,L'utilisateur 299 rencontre un dysfonctionnement avec le système.,Vérification des logs système et redémarrage du service concerné.,"Catégorie: Problème technique
Priorité: Haute
Description: L'utilisateur 299 rencontre un dysfonctionnement avec le système.
Solution: Vérification des logs système et redémarrage du service concerné.
Statut: Résolu"
TICKET-0300,Erreur de connexion,Critique,Échec de connexion au serveur email - Timeout après 111 secondes.,Test de connectivité réseau et reconfiguration des paramètres.,"Catégorie: Erreur de connexion
Priorité: Critique
Description: Échec de connexion au serveur email - Timeout après 111 secondes.
Solution: Test de connectivité réseau et reconfiguration des paramètres.
Statut: Résolu"
TICKET-0301,Mise à jour requise,Critique,Problème de catégorie Mise à jour requise pour l'utilisateur 301.,Planification et exécution de la mise à jour système.,"Catégorie: Mise à jour requise
Priorité: Critique
Description: Problème de catégorie Mise à jour requise pour l'utilisateur 301.
Solution: Planification et exécution de la mise à jour système.
Statut: Résolu"
TICKET-0302,Performance lente,Haute,Temps de réponse très élevé lors de l'affichage - 7 secondes.,Optimisation des requêtes et vérification de la charge serveur.,"Catégorie: Performance lente
Priorité: Haute
Description: Temps de réponse très élevé lors de l'affichage - 7 secondes.
Solution: Optimisation des requêtes et vérification de la charge serveur.
Statut: Résolu"
TICKET-0303,Formation utilisateur,Critique,Problème de catégorie Formation utilisateur pour l'utilisateur 303.,Organisation de session de formation et création de guides.,"Catégorie: Formation utilisateur
Priorité: Critique
Description: Problème de catégorie Formation utilisateur pour l'utilisateur 303.
Solution: Organisation de session de formation et création de guides.
Statut: Résolu"
TICKET-0304,Récupération de mot de passe,Normale,Problème de catégorie Récupération de mot de passe pour l'utilisateur 304.,Solution en cours d'élaboration.,"Catégorie: Récupération de mot de passe
Priorité: Normale
Description: Problème de catégorie Récupération de mot de passe pour l'utilisateur 304.
Solution: Solution en cours d'élaboration.
Statut: Résolu"
TICKET-0305,Erreur de connexion,Normale,Échec de connexion au serveur database - Timeout après 75 secondes.,Test de connectivité réseau et reconfiguration des paramètres.,"Catégorie: Erreur de connexion
Priorité: Normale
Description: Échec de connexion au serveur database - Timeout après 75 secondes.
Solution: Test de connectivité réseau et reconfiguration des paramètres.
Statut: Résolu"
TICKET-0306,Demande d'information,Critique,Demande d'aide pour comprendre l'application.,Fourniture de la documentation appropriée et explication détaillée.,"Catégorie: Demande d'information
Priorité: Critique
Description: Demande d'aide pour comprendre l'application.
Solution: Fourniture de la documentation appropriée et explication détaillée.
Statut: Résolu"
TICKET-0307,Demande d'information,Haute,Demande d'aide pour utiliser l'application.,Fourniture de la documentation appropriée et explication détaillée.,"Catégorie: Demande d'information
Priorité: Haute
Description: Demande d'aide pour utiliser l'application.
Solution: Fourniture de la documentation appropriée et explication détaillée.
Statut: Résolu"
TICKET-0308,Performance lente,Basse,Temps de réponse très élevé lors de la connexion - 22 secondes.,Optimisation des requêtes et vérification de la charge serveur.,"Catégorie: Performance lente
Priorité: Basse
Description: Temps de réponse très élevé lors de la connexion - 22 secondes.
Solution: Optimisation des requêtes et vérification de la charge serveur.
Statut: Résolu"
TICKET-0309,Bug logiciel,Haute,Erreur détectée lors de la connexion - Code erreur: 210.,"Identification du bug, correction dans le code et déploiement du patch.","Catégorie: Bug logiciel
Priorité: Haute
Description: Erreur détectée lors de la connexion - Code erreur: 210.
Solution: Identification du bug, correction dans le code et déploiement du patch.
Statut: Résolu"
TICKET-0310,Mise à jour requise,Haute,Problème de catégorie Mise à jour requise pour l'utilisateur 310.,Planification et exécution de la mise à jour système.,"Catégorie: Mise à jour requise
Priorité: Haute
Description: Problème de catégorie Mise à jour requise pour l'utilisateur 310.
Solution: Planification et exécution de la mise à jour système.
Statut: Résolu"
TICKET-0311,Récupération de mot de passe,Critique,Problème de catégorie Récupération de mot de passe pour l'utilisateur 311.,Solution en cours d'élaboration.,"Catégorie: Récupération de mot de passe
Priorité: Critique
Description: Problème de catégorie Récupération de mot de passe pour l'utilisateur 311.
Solution: Solution en cours d'élaboration.
Statut: Résolu"
TICKET-0312,Accès refusé,Haute,Impossible d'accéder à le serveur - Permissions insuffisantes.,Vérification des permissions utilisateur et mise à jour des droits d'accès.,"Catégorie: Accès refusé
Priorité: Haute
Description: Impossible d'accéder à le serveur - Permissions insuffisantes.
Solution: Vérification des permissions utilisateur et mise à jour des droits d'accès.
Statut: Résolu"
TICKET-0313,Accès refusé,Basse,Impossible d'accéder à le serveur - Permissions insuffisantes.,Vérification des permissions utilisateur et mise à jour des droits d'accès.,"Catégorie: Accès refusé
Priorité: Basse
Description: Impossible d'accéder à le serveur - Permissions insuffisantes.
Solution: Vérification des permissions utilisateur et mise à jour des droits d'accès.
Statut: Résolu"
TICKET-0314,Problème technique,Haute,L'utilisateur 314 rencontre un dysfonctionnement avec le système.,Vérification des logs système et redémarrage du service concerné.,"Catégorie: Problème technique
Priorité: Haute
Description: L'utilisateur 314 rencontre un dysfonctionnement avec le système.
Solution: Vérification des logs système et redémarrage du service concerné.
Statut: Résolu"
TICKET-0315,Récupération de mot de passe,Normale,Problème de catégorie Récupération de mot de passe pour l'utilisateur 315.,Solution en cours d'élaboration.,"Catégorie: Récupération de mot de passe
Priorité: Normale
Description: Problème de catégorie Récupération de mot de passe pour l'utilisateur 315.
Solution: Solution en cours d'élaboration.
Statut: Résolu"
TICKET-0316,Demande d'information,Normale,Demande d'aide pour configurer l'application.,Fourniture de la documentation appropriée et explication détaillée.,"Catégorie: Demande d'information
Priorité: Normale
Description: Demande d'aide pour configurer l'application.
Solution: Fourniture de la documentation appropriée et explication détaillée.
Statut: Résolu"
TICKET-0317,Mise à jour requise,Haute,Problème de catégorie Mise à jour requise pour l'utilisateur 317.,Planification et exécution de la mise à jour système.,"Catégorie: Mise à jour requise
Priorité: Haute
Description: Problème de catégorie Mise à jour requise pour l'utilisateur 317.
Solution: Planification et exécution de la mise à jour système.
Statut: Résolu"
TICKET-0318,Formation utilisateur,Critique,Problème de catégorie Formation utilisateur pour l'utilisateur 318.,Organisation de session de formation et création de guides.,"Catégorie: Formation utilisateur
Priorité: Critique
Description: Problème de catégorie Formation utilisateur pour l'utilisateur 318.
Solution: Organisation de session de formation et création de guides.
Statut: Résolu"
TICKET-0319,Erreur de connexion,Critique,Échec de connexion au serveur database - Timeout après 66 secondes.,Test de connectivité réseau et reconfiguration des paramètres.,"Catégorie: Erreur de connexion
Priorité: Critique
Description: Échec de connexion au serveur database - Timeout après 66 secondes.
Solution: Test de connectivité réseau et reconfiguration des paramètres.
Statut: Résolu"
TICKET-0320,Problème technique,Basse,L'utilisateur 320 rencontre un dysfonctionnement avec l'interface.,Vérification des logs système et redémarrage du service concerné.,"Catégorie: Problème technique
Priorité: Basse
Description: L'utilisateur 320 rencontre un dysfonctionnement avec l'interface.
Solution: Vérification des logs système et redémarrage du service concerné.
Statut: Résolu"
TICKET-0321,Accès refusé,Normale,Impossible d'accéder à l'application - Permissions insuffisantes.,Vérification des permissions utilisateur et mise à jour des droits d'accès.,"Catégorie: Accès refusé
Priorité: Normale
Description: Impossible d'accéder à l'application - Permissions insuffisantes.
Solution: Vérification des permissions utilisateur et mise à jour des droits d'accès.
Statut: Résolu"
TICKET-0322,Bug logiciel,Normale,Erreur détectée lors de la connexion - Code erreur: 967.,"Identification du bug, correction dans le code et déploiement du patch.","Catégorie: Bug logiciel
Priorité: Normale
Description: Erreur détectée lors de la connexion - Code erreur: 967.
Solution: Identification du bug, correction dans le code et déploiement du patch.
Statut: Résolu"
TICKET-0323,Demande d'information,Normale,Demande d'aide pour comprendre l'application.,Fourniture de la documentation appropriée et explication détaillée.,"Catégorie: Demande d'information
Priorité: Normale
Description: Demande d'aide pour comprendre l'application.
Solution: Fourniture de la documentation appropriée et explication détaillée.
Statut: Résolu"
TICKET-0324,Erreur de connexion,Normale,Échec de connexion au serveur database - Timeout après 69 secondes.,Test de connectivité réseau et reconfiguration des paramètres.,"Catégorie: Erreur de connexion
Priorité: Normale
Description: Échec de connexion au serveur database - Timeout après 69 secondes.
Solution: Test de connectivité réseau et reconfiguration des paramètres.
Statut: Résolu"
TICKET-0325,Formation utilisateur,Normale,Problème de catégorie Formation utilisateur pour l'utilisateur 325.,Organisation de session de formation et création de guides.,"Catégorie: Formation utilisateur
Priorité: Normale
Description: Problème de catégorie Formation utilisateur pour l'utilisateur 325.
Solution: Organisation de session de formation et création de guides.
Statut: Résolu"
TICKET-0326,Mise à jour requise,Basse,Problème de catégorie Mise à jour requise pour l'utilisateur 326.,Planification et exécution de la mise à jour système.,"Catégorie: Mise à jour requise
Priorité: Basse
Description: Problème de catégorie Mise à jour requise pour l'utilisateur 326.
Solution: Planification et exécution de la mise à jour système.
Statut: Résolu"
TICKET-0327,Bug logiciel,Normale,Erreur détectée lors de l'utilisation - Code erreur: 489.,"Identification du bug, correction dans le code et déploiement du patch.","Catégorie: Bug logiciel
Priorité: Normale
Description: Erreur détectée lors de l'utilisation - Code erreur: 489.
Solution: Identification du bug, correction dans le code et déploiement du patch.
Statut: Résolu"
TICKET-0328,Erreur de connexion,Normale,Échec de connexion au serveur database - Timeout après 80 secondes.,Test de connectivité réseau et reconfiguration des paramètres.,"Catégorie: Erreur de connexion
Priorité: Normale
Description: Échec de connexion au serveur database - Timeout après 80 secondes.
Solution: Test de connectivité réseau et reconfiguration des paramètres.
Statut: Résolu"
TICKET-0329,Bug logiciel,Basse,Erreur détectée lors de l'utilisation - Code erreur: 471.,"Identification du bug, correction dans le code et déploiement du patch.","Catégorie: Bug logiciel
Priorité: Basse
Description: Erreur détectée lors de l'utilisation - Code erreur: 471.
Solution: Identification du bug, correction dans le code et déploiement du patch.
Statut: Résolu"
TICKET-0330,Erreur de connexion,Basse,Échec de connexion au serveur web - Timeout après 34 secondes.,Test de connectivité réseau et reconfiguration des paramètres.,"Catégorie: Erreur de connexion
Priorité: Basse
Description: Échec de connexion au serveur web - Timeout après 34 secondes.
Solution: Test de connectivité réseau et reconfiguration des paramètres.
Statut: Résolu"
TICKET-0331,Mise à jour requise,Basse,Problème de catégorie Mise à jour requise pour l'utilisateur 331.,Planification et exécution de la mise à jour système.,"Catégorie: Mise à jour requise
Priorité: Basse
Description: Problème de catégorie Mise à jour requise pour l'utilisateur 331.
Solution: Planification et exécution de la mise à jour système.
Statut: Résolu"
TICKET-0332,Demande d'information,Basse,Demande d'aide pour comprendre le système.,Fourniture de la documentation appropriée et explication détaillée.,"Catégorie: Demande d'information
Priorité: Basse
Description: Demande d'aide pour comprendre le système.
Solution: Fourniture de la documentation appropriée et explication détaillée.
Statut: Résolu"
TICKET-0333,Demande d'information,Critique,Demande d'aide pour utiliser la fonctionnalité.,Fourniture de la documentation appropriée et explication détaillée.,"Catégorie: Demande d'information
Priorité: Critique
Description: Demande d'aide pour utiliser la fonctionnalité.
Solution: Fourniture de la documentation appropriée et explication détaillée.
Statut: Résolu"
TICKET-0334,Accès refusé,Haute,Impossible d'accéder à l'application - Permissions insuffisantes.,Vérification des permissions utilisateur et mise à jour des droits d'accès.,"Catégorie: Accès refusé
Priorité: Haute
Description: Impossible d'accéder à l'application - Permissions insuffisantes.
Solution: Vérification des permissions utilisateur et mise à jour des droits d'accès.
Statut: Résolu"
TICKET-0335,Problème technique,Basse,L'utilisateur 335 rencontre un dysfonctionnement avec l'interface.,Vérification des logs système et redémarrage du service concerné.,"Catégorie: Problème technique
Priorité: Basse
Description: L'utilisateur 335 rencontre un dysfonctionnement avec l'interface.
Solution: Vérification des logs système et redémarrage du service concerné.
Statut: Résolu"
TICKET-0336,Problème technique,Haute,L'utilisateur 336 rencontre un dysfonctionnement avec le système.,Vérification des logs système et redémarrage du service concerné.,"Catégorie: Problème technique
Priorité: Haute
Description: L'utilisateur 336 rencontre un dysfonctionnement avec le système.
Solution: Vérification des logs système et redémarrage du service concerné.
Statut: Résolu"
TICKET-0337,Problème technique,Haute,L'utilisateur 337 rencontre un dysfonctionnement avec l'interface.,Vérification des logs système et redémarrage du service concerné.,"Catégorie: Problème technique
Priorité: Haute
Description: L'utilisateur 337 rencontre un dysfonctionnement avec l'interface.
Solution: Vérification des logs système et redémarrage du service concerné.
Statut: Résolu"
TICKET-0338,Demande d'information,Critique,Demande d'aide pour comprendre le système.,Fourniture de la documentation appropriée et explication détaillée.,"Catégorie: Demande d'information
Priorité: Critique
Description: Demande d'aide pour comprendre le système.
Solution: Fourniture de la documentation appropriée et explication détaillée.
Statut: Résolu"
TICKET-0339,Performance lente,Normale,Temps de réponse très élevé lors de la recherche - 17 secondes.,Optimisation des requêtes et vérification de la charge serveur.,"Catégorie: Performance lente
Priorité: Normale
Description: Temps de réponse très élevé lors de la recherche - 17 secondes.
Solution: Optimisation des requêtes et vérification de la charge serveur.
Statut: Résolu"
TICKET-0340,Problème technique,Basse,L'utilisateur 340 rencontre un dysfonctionnement avec l'application.,Vérification des logs système et redémarrage du service concerné.,"Catégorie: Problème technique
Priorité: Basse
Description: L'utilisateur 340 rencontre un dysfonctionnement avec l'application.
Solution: Vérification des logs système et redémarrage du service concerné.
Statut: Résolu"
TICKET-0341,Mise à jour requise,Critique,Problème de catégorie Mise à jour requise pour l'utilisateur 341.,Planification et exécution de la mise à jour système.,"Catégorie: Mise à jour requise
Priorité: Critique
Description: Problème de catégorie Mise à jour requise pour l'utilisateur 341.
Solution: Planification et exécution de la mise à jour système.
Statut: Résolu"
TICKET-0342,Bug logiciel,Critique,Erreur détectée lors de la connexion - Code erreur: 138.,"Identification du bug, correction dans le code et déploiement du patch.","Catégorie: Bug logiciel
Priorité: Critique
Description: Erreur détectée lors de la connexion - Code erreur: 138.
Solution: Identification du bug, correction dans le code et déploiement du patch.
Statut: Résolu"
TICKET-0343,Formation utilisateur,Basse,Problème de catégorie Formation utilisateur pour l'utilisateur 343.,Organisation de session de formation et création de guides.,"Catégorie: Formation utilisateur
Priorité: Basse
Description: Problème de catégorie Formation utilisateur pour l'utilisateur 343.
Solution: Organisation de session de formation et création de guides.
Statut: Résolu"
TICKET-0344,Bug logiciel,Critique,Erreur détectée lors de la sauvegarde - Code erreur: 287.,"Identification du bug, correction dans le code et déploiement du patch.","Catégorie: Bug logiciel
Priorité: Critique
Description: Erreur détectée lors de la sauvegarde - Code erreur: 287.
Solution: Identification du bug, correction dans le code et déploiement du patch.
Statut: Résolu"
TICKET-0345,Mise à jour requise,Normale,Problème de catégorie Mise à jour requise pour l'utilisateur 345.,Planification et exécution de la mise à jour système.,"Catégorie: Mise à jour requise
Priorité: Normale
Description: Problème de catégorie Mise à jour requise pour l'utilisateur 345.
Solution: Planification et exécution de la mise à jour système.
Statut: Résolu"
TICKET-0346,Récupération de mot de passe,Normale,Problème de catégorie Récupération de mot de passe pour l'utilisateur 346.,Solution en cours d'élaboration.,"Catégorie: Récupération de mot de passe
Priorité: Normale
Description: Problème de catégorie Récupération de mot de passe pour l'utilisateur 346.
Solution: Solution en cours d'élaboration.
Statut: Résolu"
TICKET-0347,Formation utilisateur,Critique,Problème de catégorie Formation utilisateur pour l'utilisateur 347.,Organisation de session de formation et création de guides.,"Catégorie: Formation utilisateur
Priorité: Critique
Description: Problème de catégorie Formation utilisateur pour l'utilisateur 347.
Solution: Organisation de session de formation et création de guides.
Statut: Résolu"
TICKET-0348,Performance lente,Critique,Temps de réponse très élevé lors de la connexion - 20 secondes.,Optimisation des requêtes et vérification de la charge serveur.,"Catégorie: Performance lente
Priorité: Critique
Description: Temps de réponse très élevé lors de la connexion - 20 secondes.
Solution: Optimisation des requêtes et vérification de la charge serveur.
Statut: Résolu"
TICKET-0349,Erreur de connexion,Haute,Échec de connexion au serveur database - Timeout après 67 secondes.,Test de connectivité réseau et reconfiguration des paramètres.,"Catégorie: Erreur de connexion
Priorité: Haute
Description: Échec de connexion au serveur database - Timeout après 67 secondes.
Solution: Test de connectivité réseau et reconfiguration des paramètres.
Statut: Résolu"
TICKET-0350,Formation utilisateur,Critique,Problème de catégorie Formation utilisateur pour l'utilisateur 350.,Organisation de session de formation et création de guides.,"Catégorie: Formation utilisateur
Priorité: Critique
Description: Problème de catégorie Formation utilisateur pour l'utilisateur 350.
Solution: Organisation de session de formation et création de guides.
Statut: Résolu"
TICKET-0351,Performance lente,Normale,Temps de réponse très élevé lors de la connexion - 18 secondes.,Optimisation des requêtes et vérification de la charge serveur.,"Catégorie: Performance lente
Priorité: Normale
Description: Temps de réponse très élevé lors de la connexion - 18 secondes.
Solution: Optimisation des requêtes et vérification de la charge serveur.
Statut: Résolu"
TICKET-0352,Problème technique,Basse,L'utilisateur 352 rencontre un dysfonctionnement avec l'interface.,Vérification des logs système et redémarrage du service concerné.,"Catégorie: Problème technique
Priorité: Basse
Description: L'utilisateur 352 rencontre un dysfonctionnement avec l'interface.
Solution: Vérification des logs système et redémarrage du service concerné.
Statut: Résolu"
TICKET-0353,Demande d'information,Haute,Demande d'aide pour utiliser la fonctionnalité.,Fourniture de la documentation appropriée et explication détaillée.,"Catégorie: Demande d'information
Priorité: Haute
Description: Demande d'aide pour utiliser la fonctionnalité.
Solution: Fourniture de la documentation appropriée et explication détaillée.
Statut: Résolu"
TICKET-0354,Bug logiciel,Normale,Erreur détectée lors de l'utilisation - Code erreur: 914.,"Identification du bug, correction dans le code et déploiement du patch.","Catégorie: Bug logiciel
Priorité: Normale
Description: Erreur détectée lors de l'utilisation - Code erreur: 914.
Solution: Identification du bug, correction dans le code et déploiement du patch.
Statut: Résolu"
TICKET-0355,Demande d'information,Critique,Demande d'aide pour utiliser la fonctionnalité.,Fourniture de la documentation appropriée et explication détaillée.,"Catégorie: Demande d'information
Priorité: Critique
Description: Demande d'aide pour utiliser la fonctionnalité.
Solution: Fourniture de la documentation appropriée et explication détaillée.
Statut: Résolu"
TICKET-0356,Performance lente,Normale,Temps de réponse très élevé lors de la recherche - 23 secondes.,Optimisation des requêtes et vérification de la charge serveur.,"Catégorie: Performance lente
Priorité: Normale
Description: Temps de réponse très élevé lors de la recherche - 23 secondes.
Solution: Optimisation des requêtes et vérification de la charge serveur.
Statut: Résolu"
TICKET-0357,Mise à jour requise,Normale,Problème de catégorie Mise à jour requise pour l'utilisateur 357.,Planification et exécution de la mise à jour système.,"Catégorie: Mise à jour requise
Priorité: Normale
Description: Problème de catégorie Mise à jour requise pour l'utilisateur 357.
Solution: Planification et exécution de la mise à jour système.
Statut: Résolu"
TICKET-0358,Mise à jour requise,Normale,Problème de catégorie Mise à jour requise pour l'utilisateur 358.,Planification et exécution de la mise à jour système.,"Catégorie: Mise à jour requise
Priorité: Normale
Description: Problème de catégorie Mise à jour requise pour l'utilisateur 358.
Solution: Planification et exécution de la mise à jour système.
Statut: Résolu"
TICKET-0359,Mise à jour requise,Normale,Problème de catégorie Mise à jour requise pour l'utilisateur 359.,Planification et exécution de la mise à jour système.,"Catégorie: Mise à jour requise
Priorité: Normale
Description: Problème de catégorie Mise à jour requise pour l'utilisateur 359.
Solution: Planification et exécution de la mise à jour système.
Statut: Résolu"
TICKET-0360,Récupération de mot de passe,Critique,Problème de catégorie Récupération de mot de passe pour l'utilisateur 360.,Solution en cours d'élaboration.,"Catégorie: Récupération de mot de passe
Priorité: Critique
Description: Problème de catégorie Récupération de mot de passe pour l'utilisateur 360.
Solution: Solution en cours d'élaboration.
Statut: Résolu"
TICKET-0361,Récupération de mot de passe,Basse,Problème de catégorie Récupération de mot de passe pour l'utilisateur 361.,Solution en cours d'élaboration.,"Catégorie: Récupération de mot de passe
Priorité: Basse
Description: Problème de catégorie Récupération de mot de passe pour l'utilisateur 361.
Solution: Solution en cours d'élaboration.
Statut: Résolu"
TICKET-0362,Récupération de mot de passe,Normale,Problème de catégorie Récupération de mot de passe pour l'utilisateur 362.,Solution en cours d'élaboration.,"Catégorie: Récupération de mot de passe
Priorité: Normale
Description: Problème de catégorie Récupération de mot de passe pour l'utilisateur 362.
Solution: Solution en cours d'élaboration.
Statut: Résolu"
TICKET-0363,Mise à jour requise,Critique,Problème de catégorie Mise à jour requise pour l'utilisateur 363.,Planification et exécution de la mise à jour système.,"Catégorie: Mise à jour requise
Priorité: Critique
Description: Problème de catégorie Mise à jour requise pour l'utilisateur 363.
Solution: Planification et exécution de la mise à jour système.
Statut: Résolu"
TICKET-0364,Performance lente,Basse,Temps de réponse très élevé lors de la connexion - 16 secondes.,Optimisation des requêtes et vérification de la charge serveur.,"Catégorie: Performance lente
Priorité: Basse
Description: Temps de réponse très élevé lors de la connexion - 16 secondes.
Solution: Optimisation des requêtes et vérification de la charge serveur.
Statut: Résolu"
TICKET-0365,Demande d'information,Basse,Demande d'aide pour comprendre la fonctionnalité.,Fourniture de la documentation appropriée et explication détaillée.,"Catégorie: Demande d'information
Priorité: Basse
Description: Demande d'aide pour comprendre la fonctionnalité.
Solution: Fourniture de la documentation appropriée et explication détaillée.
Statut: Résolu"
TICKET-0366,Mise à jour requise,Basse,Problème de catégorie Mise à jour requise pour l'utilisateur 366.,Planification et exécution de la mise à jour système.,"Catégorie: Mise à jour requise
Priorité: Basse
Description: Problème de catégorie Mise à jour requise pour l'utilisateur 366.
Solution: Planification et exécution de la mise à jour système.
Statut: Résolu"
TICKET-0367,Récupération de mot de passe,Normale,Problème de catégorie Récupération de mot de passe pour l'utilisateur 367.,Solution en cours d'élaboration.,"Catégorie: Récupération de mot de passe
Priorité: Normale
Description: Problème de catégorie Récupération de mot de passe pour l'utilisateur 367.
Solution: Solution en cours d'élaboration.
Statut: Résolu"
TICKET-0368,Erreur de connexion,Critique,Échec de connexion au serveur web - Timeout après 82 secondes.,Test de connectivité réseau et reconfiguration des paramètres.,"Catégorie: Erreur de connexion
Priorité: Critique
Description: Échec de connexion au serveur web - Timeout après 82 secondes.
Solution: Test de connectivité réseau et reconfiguration des paramètres.
Statut: Résolu"
TICKET-0369,Accès refusé,Haute,Impossible d'accéder à la base de données - Permissions insuffisantes.,Vérification des permissions utilisateur et mise à jour des droits d'accès.,"Catégorie: Accès refusé
Priorité: Haute
Description: Impossible d'accéder à la base de données - Permissions insuffisantes.
Solution: Vérification des permissions utilisateur et mise à jour des droits d'accès.
Statut: Résolu"
TICKET-0370,Erreur de connexion,Haute,Échec de connexion au serveur email - Timeout après 82 secondes.,Test de connectivité réseau et reconfiguration des paramètres.,"Catégorie: Erreur de connexion
Priorité: Haute
Description: Échec de connexion au serveur email - Timeout après 82 secondes.
Solution: Test de connectivité réseau et reconfiguration des paramètres.
Statut: Résolu"
TICKET-0371,Accès refusé,Haute,Impossible d'accéder à la base de données - Permissions insuffisantes.,Vérification des permissions utilisateur et mise à jour des droits d'accès.,"Catégorie: Accès refusé
Priorité: Haute
Description: Impossible d'accéder à la base de données - Permissions insuffisantes.
Solution: Vérification des permissions utilisateur et mise à jour des droits d'accès.
Statut: Résolu"
TICKET-0372,Performance lente,Basse,Temps de réponse très élevé lors de la recherche - 18 secondes.,Optimisation des requêtes et vérification de la charge serveur.,"Catégorie: Performance lente
Priorité: Basse
Description: Temps de réponse très élevé lors de la recherche - 18 secondes.
Solution: Optimisation des requêtes et vérification de la charge serveur.
Statut: Résolu"
TICKET-0373,Problème technique,Critique,L'utilisateur 373 rencontre un dysfonctionnement avec le système.,Vérification des logs système et redémarrage du service concerné.,"Catégorie: Problème technique
Priorité: Critique
Description: L'utilisateur 373 rencontre un dysfonctionnement avec le système.
Solution: Vérification des logs système et redémarrage du service concerné.
Statut: Résolu"
TICKET-0374,Erreur de connexion,Critique,Échec de connexion au serveur web - Timeout après 90 secondes.,Test de connectivité réseau et reconfiguration des paramètres.,"Catégorie: Erreur de connexion
Priorité: Critique
Description: Échec de connexion au serveur web - Timeout après 90 secondes.
Solution: Test de connectivité réseau et reconfiguration des paramètres.
Statut: Résolu"
TICKET-0375,Problème technique,Normale,L'utilisateur 375 rencontre un dysfonctionnement avec le système.,Vérification des logs système et redémarrage du service concerné.,"Catégorie: Problème technique
Priorité: Normale
Description: L'utilisateur 375 rencontre un dysfonctionnement avec le système.
Solution: Vérification des logs système et redémarrage du service concerné.
Statut: Résolu"
TICKET-0376,Performance lente,Critique,Temps de réponse très élevé lors de la connexion - 18 secondes.,Optimisation des requêtes et vérification de la charge serveur.,"Catégorie: Performance lente
Priorité: Critique
Description: Temps de réponse très élevé lors de la connexion - 18 secondes.
Solution: Optimisation des requêtes et vérification de la charge serveur.
Statut: Résolu"
TICKET-0377,Problème technique,Basse,L'utilisateur 377 rencontre un dysfonctionnement avec l'interface.,Vérification des logs système et redémarrage du service concerné.,"Catégorie: Problème technique
Priorité: Basse
Description: L'utilisateur 377 rencontre un dysfonctionnement avec l'interface.
Solution: Vérification des logs système et redémarrage du service concerné.
Statut: Résolu"
TICKET-0378,Formation utilisateur,Haute,Problème de catégorie Formation utilisateur pour l'utilisateur 378.,Organisation de session de formation et création de guides.,"Catégorie: Formation utilisateur
Priorité: Haute
Description: Problème de catégorie Formation utilisateur pour l'utilisateur 378.
Solution: Organisation de session de formation et création de guides.
Statut: Résolu"
TICKET-0379,Récupération de mot de passe,Critique,Problème de catégorie Récupération de mot de passe pour l'utilisateur 379.,Solution en cours d'élaboration.,"Catégorie: Récupération de mot de passe
Priorité: Critique
Description: Problème de catégorie Récupération de mot de passe pour l'utilisateur 379.
Solution: Solution en cours d'élaboration.
Statut: Résolu"
TICKET-0380,Problème technique,Critique,L'utilisateur 380 rencontre un dysfonctionnement avec l'interface.,Vérification des logs système et redémarrage du service concerné.,"Catégorie: Problème technique
Priorité: Critique
Description: L'utilisateur 380 rencontre un dysfonctionnement avec l'interface.
Solution: Vérification des logs système et redémarrage du service concerné.
Statut: Résolu"
TICKET-0381,Formation utilisateur,Normale,Problème de catégorie Formation utilisateur pour l'utilisateur 381.,Organisation de session de formation et création de guides.,"Catégorie: Formation utilisateur
Priorité: Normale
Description: Problème de catégorie Formation utilisateur pour l'utilisateur 381.
Solution: Organisation de session de formation et création de guides.
Statut: Résolu"
TICKET-0382,Accès refusé,Basse,Impossible d'accéder à le serveur - Permissions insuffisantes.,Vérification des permissions utilisateur et mise à jour des droits d'accès.,"Catégorie: Accès refusé
Priorité: Basse
Description: Impossible d'accéder à le serveur - Permissions insuffisantes.
Solution: Vérification des permissions utilisateur et mise à jour des droits d'accès.
Statut: Résolu"
TICKET-0383,Formation utilisateur,Basse,Problème de catégorie Formation utilisateur pour l'utilisateur 383.,Organisation de session de formation et création de guides.,"Catégorie: Formation utilisateur
Priorité: Basse
Description: Problème de catégorie Formation utilisateur pour l'utilisateur 383.
Solution: Organisation de session de formation et création de guides.
Statut: Résolu"
TICKET-0384,Formation utilisateur,Haute,Problème de catégorie Formation utilisateur pour l'utilisateur 384.,Organisation de session de formation et création de guides.,"Catégorie: Formation utilisateur
Priorité: Haute
Description: Problème de catégorie Formation utilisateur pour l'utilisateur 384.
Solution: Organisation de session de formation et création de guides.
Statut: Résolu"
TICKET-0385,Demande d'information,Basse,Demande d'aide pour configurer le système.,Fourniture de la documentation appropriée et explication détaillée.,"Catégorie: Demande d'information
Priorité: Basse
Description: Demande d'aide pour configurer le système.
Solution: Fourniture de la documentation appropriée et explication détaillée.
Statut: Résolu"
TICKET-0386,Mise à jour requise,Haute,Problème de catégorie Mise à jour requise pour l'utilisateur 386.,Planification et exécution de la mise à jour système.,"Catégorie: Mise à jour requise
Priorité: Haute
Description: Problème de catégorie Mise à jour requise pour l'utilisateur 386.
Solution: Planification et exécution de la mise à jour système.
Statut: Résolu"
TICKET-0387,Demande d'information,Normale,Demande d'aide pour comprendre l'application.,Fourniture de la documentation appropriée et explication détaillée.,"Catégorie: Demande d'information
Priorité: Normale
Description: Demande d'aide pour comprendre l'application.
Solution: Fourniture de la documentation appropriée et explication détaillée.
Statut: Résolu"
TICKET-0388,Formation utilisateur,Haute,Problème de catégorie Formation utilisateur pour l'utilisateur 388.,Organisation de session de formation et création de guides.,"Catégorie: Formation utilisateur
Priorité: Haute
Description: Problème de catégorie Formation utilisateur pour l'utilisateur 388.
Solution: Organisation de session de formation et création de guides.
Statut: Résolu"
TICKET-0389,Formation utilisateur,Critique,Problème de catégorie Formation utilisateur pour l'utilisateur 389.,Organisation de session de formation et création de guides.,"Catégorie: Formation utilisateur
Priorité: Critique
Description: Problème de catégorie Formation utilisateur pour l'utilisateur 389.
Solution: Organisation de session de formation et création de guides.
Statut: Résolu"
TICKET-0390,Demande d'information,Basse,Demande d'aide pour configurer le système.,Fourniture de la documentation appropriée et explication détaillée.,"Catégorie: Demande d'information
Priorité: Basse
Description: Demande d'aide pour configurer le système.
Solution: Fourniture de la documentation appropriée et explication détaillée.
Statut: Résolu"
TICKET-0391,Récupération de mot de passe,Haute,Problème de catégorie Récupération de mot de passe pour l'utilisateur 391.,Solution en cours d'élaboration.,"Catégorie: Récupération de mot de passe
Priorité: Haute
Description: Problème de catégorie Récupération de mot de passe pour l'utilisateur 391.
Solution: Solution en cours d'élaboration.
Statut: Résolu"
TICKET-0392,Mise à jour requise,Normale,Problème de catégorie Mise à jour requise pour l'utilisateur 392.,Planification et exécution de la mise à jour système.,"Catégorie: Mise à jour requise
Priorité: Normale
Description: Problème de catégorie Mise à jour requise pour l'utilisateur 392.
Solution: Planification et exécution de la mise à jour système.
Statut: Résolu"
TICKET-0393,Performance lente,Basse,Temps de réponse très élevé lors de la recherche - 30 secondes.,Optimisation des requêtes et vérification de la charge serveur.,"Catégorie: Performance lente
Priorité: Basse
Description: Temps de réponse très élevé lors de la recherche - 30 secondes.
Solution: Optimisation des requêtes et vérification de la charge serveur.
Statut: Résolu"
TICKET-0394,Récupération de mot de passe,Normale,Problème de catégorie Récupération de mot de passe pour l'utilisateur 394.,Solution en cours d'élaboration.,"Catégorie: Récupération de mot de passe
Priorité: Normale
Description: Problème de catégorie Récupération de mot de passe pour l'utilisateur 394.
Solution: Solution en cours d'élaboration.
Statut: Résolu"
TICKET-0395,Performance lente,Normale,Temps de réponse très élevé lors de l'affichage - 25 secondes.,Optimisation des requêtes et vérification de la charge serveur.,"Catégorie: Performance lente
Priorité: Normale
Description: Temps de réponse très élevé lors de l'affichage - 25 secondes.
Solution: Optimisation des requêtes et vérification de la charge serveur.
Statut: Résolu"
TICKET-0396,Erreur de connexion,Basse,Échec de connexion au serveur database - Timeout après 34 secondes.,Test de connectivité réseau et reconfiguration des paramètres.,"Catégorie: Erreur de connexion
Priorité: Basse
Description: Échec de connexion au serveur database - Timeout après 34 secondes.
Solution: Test de connectivité réseau et reconfiguration des paramètres.
Statut: Résolu"
TICKET-0397,Accès refusé,Basse,Impossible d'accéder à la base de données - Permissions insuffisantes.,Vérification des permissions utilisateur et mise à jour des droits d'accès.,"Catégorie: Accès refusé
Priorité: Basse
Description: Impossible d'accéder à la base de données - Permissions insuffisantes.
Solution: Vérification des permissions utilisateur et mise à jour des droits d'accès.
Statut: Résolu"
TICKET-0398,Mise à jour requise,Critique,Problème de catégorie Mise à jour requise pour l'utilisateur 398.,Planification et exécution de la mise à jour système.,"Catégorie: Mise à jour requise
Priorité: Critique
Description: Problème de catégorie Mise à jour requise pour l'utilisateur 398.
Solution: Planification et exécution de la mise à jour système.
Statut: Résolu"
TICKET-0399,Récupération de mot de passe,Basse,Problème de catégorie Récupération de mot de passe pour l'utilisateur 399.,Solution en cours d'élaboration.,"Catégorie: Récupération de mot de passe
Priorité: Basse
Description: Problème de catégorie Récupération de mot de passe pour l'utilisateur 399.
Solution: Solution en cours d'élaboration.
Statut: Résolu"
TICKET-0400,Formation utilisateur,Haute,Problème de catégorie Formation utilisateur pour l'utilisateur 400.,Organisation de session de formation et création de guides.,"Catégorie: Formation utilisateur
Priorité: Haute
Description: Problème de catégorie Formation utilisateur pour l'utilisateur 400.
Solution: Organisation de session de formation et création de guides.
Statut: Résolu"
TICKET-0401,Demande d'information,Normale,Demande d'aide pour configurer le système.,Fourniture de la documentation appropriée et explication détaillée.,"Catégorie: Demande d'information
Priorité: Normale
Description: Demande d'aide pour configurer le système.
Solution: Fourniture de la documentation appropriée et explication détaillée.
Statut: Résolu"
TICKET-0402,Bug logiciel,Basse,Erreur détectée lors de la connexion - Code erreur: 793.,"Identification du bug, correction dans le code et déploiement du patch.","Catégorie: Bug logiciel
Priorité: Basse
Description: Erreur détectée lors de la connexion - Code erreur: 793.
Solution: Identification du bug, correction dans le code et déploiement du patch.
Statut: Résolu"
TICKET-0403,Problème technique,Haute,L'utilisateur 403 rencontre un dysfonctionnement avec l'interface.,Vérification des logs système et redémarrage du service concerné.,"Catégorie: Problème technique
Priorité: Haute
Description: L'utilisateur 403 rencontre un dysfonctionnement avec l'interface.
Solution: Vérification des logs système et redémarrage du service concerné.
Statut: Résolu"
TICKET-0404,Accès refusé,Basse,Impossible d'accéder à la base de données - Permissions insuffisantes.,Vérification des permissions utilisateur et mise à jour des droits d'accès.,"Catégorie: Accès refusé
Priorité: Basse
Description: Impossible d'accéder à la base de données - Permissions insuffisantes.
Solution: Vérification des permissions utilisateur et mise à jour des droits d'accès.
Statut: Résolu"
TICKET-0405,Performance lente,Basse,Temps de réponse très élevé lors de la connexion - 28 secondes.,Optimisation des requêtes et vérification de la charge serveur.,"Catégorie: Performance lente
Priorité: Basse
Description: Temps de réponse très élevé lors de la connexion - 28 secondes.
Solution: Optimisation des requêtes et vérification de la charge serveur.
Statut: Résolu"
TICKET-0406,Erreur de connexion,Critique,Échec de connexion au serveur email - Timeout après 106 secondes.,Test de connectivité réseau et reconfiguration des paramètres.,"Catégorie: Erreur de connexion
Priorité: Critique
Description: Échec de connexion au serveur email - Timeout après 106 secondes.
Solution: Test de connectivité réseau et reconfiguration des paramètres.
Statut: Résolu"
TICKET-0407,Mise à jour requise,Haute,Problème de catégorie Mise à jour requise pour l'utilisateur 407.,Planification et exécution de la mise à jour système.,"Catégorie: Mise à jour requise
Priorité: Haute
Description: Problème de catégorie Mise à jour requise pour l'utilisateur 407.
Solution: Planification et exécution de la mise à jour système.
Statut: Résolu"
TICKET-0408,Problème technique,Normale,L'utilisateur 408 rencontre un dysfonctionnement avec l'application.,Vérification des logs système et redémarrage du service concerné.,"Catégorie: Problème technique
Priorité: Normale
Description: L'utilisateur 408 rencontre un dysfonctionnement avec l'application.
Solution: Vérification des logs système et redémarrage du service concerné.
Statut: Résolu"
TICKET-0409,Bug logiciel,Basse,Erreur détectée lors de l'utilisation - Code erreur: 329.,"Identification du bug, correction dans le code et déploiement du patch.","Catégorie: Bug logiciel
Priorité: Basse
Description: Erreur détectée lors de l'utilisation - Code erreur: 329.
Solution: Identification du bug, correction dans le code et déploiement du patch.
Statut: Résolu"
TICKET-0410,Problème technique,Normale,L'utilisateur 410 rencontre un dysfonctionnement avec l'application.,Vérification des logs système et redémarrage du service concerné.,"Catégorie: Problème technique
Priorité: Normale
Description: L'utilisateur 410 rencontre un dysfonctionnement avec l'application.
Solution: Vérification des logs système et redémarrage du service concerné.
Statut: Résolu"
TICKET-0411,Performance lente,Normale,Temps de réponse très élevé lors de la connexion - 14 secondes.,Optimisation des requêtes et vérification de la charge serveur.,"Catégorie: Performance lente
Priorité: Normale
Description: Temps de réponse très élevé lors de la connexion - 14 secondes.
Solution: Optimisation des requêtes et vérification de la charge serveur.
Statut: Résolu"
TICKET-0412,Demande d'information,Normale,Demande d'aide pour configurer la fonctionnalité.,Fourniture de la documentation appropriée et explication détaillée.,"Catégorie: Demande d'information
Priorité: Normale
Description: Demande d'aide pour configurer la fonctionnalité.
Solution: Fourniture de la documentation appropriée et explication détaillée.
Statut: Résolu"
TICKET-0413,Formation utilisateur,Haute,Problème de catégorie Formation utilisateur pour l'utilisateur 413.,Organisation de session de formation et création de guides.,"Catégorie: Formation utilisateur
Priorité: Haute
Description: Problème de catégorie Formation utilisateur pour l'utilisateur 413.
Solution: Organisation de session de formation et création de guides.
Statut: Résolu"
TICKET-0414,Formation utilisateur,Critique,Problème de catégorie Formation utilisateur pour l'utilisateur 414.,Organisation de session de formation et création de guides.,"Catégorie: Formation utilisateur
Priorité: Critique
Description: Problème de catégorie Formation utilisateur pour l'utilisateur 414.
Solution: Organisation de session de formation et création de guides.
Statut: Résolu"
TICKET-0415,Accès refusé,Normale,Impossible d'accéder à l'application - Permissions insuffisantes.,Vérification des permissions utilisateur et mise à jour des droits d'accès.,"Catégorie: Accès refusé
Priorité: Normale
Description: Impossible d'accéder à l'application - Permissions insuffisantes.
Solution: Vérification des permissions utilisateur et mise à jour des droits d'accès.
Statut: Résolu"
TICKET-0416,Récupération de mot de passe,Normale,Problème de catégorie Récupération de mot de passe pour l'utilisateur 416.,Solution en cours d'élaboration.,"Catégorie: Récupération de mot de passe
Priorité: Normale
Description: Problème de catégorie Récupération de mot de passe pour l'utilisateur 416.
Solution: Solution en cours d'élaboration.
Statut: Résolu"
TICKET-0417,Accès refusé,Critique,Impossible d'accéder à le serveur - Permissions insuffisantes.,Vérification des permissions utilisateur et mise à jour des droits d'accès.,"Catégorie: Accès refusé
Priorité: Critique
Description: Impossible d'accéder à le serveur - Permissions insuffisantes.
Solution: Vérification des permissions utilisateur et mise à jour des droits d'accès.
Statut: Résolu"
TICKET-0418,Demande d'information,Normale,Demande d'aide pour comprendre l'application.,Fourniture de la documentation appropriée et explication détaillée.,"Catégorie: Demande d'information
Priorité: Normale
Description: Demande d'aide pour comprendre l'application.
Solution: Fourniture de la documentation appropriée et explication détaillée.
Statut: Résolu"
TICKET-0419,Accès refusé,Haute,Impossible d'accéder à le serveur - Permissions insuffisantes.,Vérification des permissions utilisateur et mise à jour des droits d'accès.,"Catégorie: Accès refusé
Priorité: Haute
Description: Impossible d'accéder à le serveur - Permissions insuffisantes.
Solution: Vérification des permissions utilisateur et mise à jour des droits d'accès.
Statut: Résolu"
TICKET-0420,Bug logiciel,Basse,Erreur détectée lors de la connexion - Code erreur: 423.,"Identification du bug, correction dans le code et déploiement du patch.","Catégorie: Bug logiciel
Priorité: Basse
Description: Erreur détectée lors de la connexion - Code erreur: 423.
Solution: Identification du bug, correction dans le code et déploiement du patch.
Statut: Résolu"
TICKET-0421,Mise à jour requise,Basse,Problème de catégorie Mise à jour requise pour l'utilisateur 421.,Planification et exécution de la mise à jour système.,"Catégorie: Mise à jour requise
Priorité: Basse
Description: Problème de catégorie Mise à jour requise pour l'utilisateur 421.
Solution: Planification et exécution de la mise à jour système.
Statut: Résolu"
TICKET-0422,Performance lente,Basse,Temps de réponse très élevé lors de l'affichage - 27 secondes.,Optimisation des requêtes et vérification de la charge serveur.,"Catégorie: Performance lente
Priorité: Basse
Description: Temps de réponse très élevé lors de l'affichage - 27 secondes.
Solution: Optimisation des requêtes et vérification de la charge serveur.
Statut: Résolu"
TICKET-0423,Formation utilisateur,Critique,Problème de catégorie Formation utilisateur pour l'utilisateur 423.,Organisation de session de formation et création de guides.,"Catégorie: Formation utilisateur
Priorité: Critique
Description: Problème de catégorie Formation utilisateur pour l'utilisateur 423.
Solution: Organisation de session de formation et création de guides.
Statut: Résolu"
TICKET-0424,Problème technique,Critique,L'utilisateur 424 rencontre un dysfonctionnement avec l'application.,Vérification des logs système et redémarrage du service concerné.,"Catégorie: Problème technique
Priorité: Critique
Description: L'utilisateur 424 rencontre un dysfonctionnement avec l'application.
Solution: Vérification des logs système et redémarrage du service concerné.
Statut: Résolu"
TICKET-0425,Performance lente,Haute,Temps de réponse très élevé lors de l'affichage - 25 secondes.,Optimisation des requêtes et vérification de la charge serveur.,"Catégorie: Performance lente
Priorité: Haute
Description: Temps de réponse très élevé lors de l'affichage - 25 secondes.
Solution: Optimisation des requêtes et vérification de la charge serveur.
Statut: Résolu"
TICKET-0426,Bug logiciel,Basse,Erreur détectée lors de l'utilisation - Code erreur: 240.,"Identification du bug, correction dans le code et déploiement du patch.","Catégorie: Bug logiciel
Priorité: Basse
Description: Erreur détectée lors de l'utilisation - Code erreur: 240.
Solution: Identification du bug, correction dans le code et déploiement du patch.
Statut: Résolu"
TICKET-0427,Mise à jour requise,Critique,Problème de catégorie Mise à jour requise pour l'utilisateur 427.,Planification et exécution de la mise à jour système.,"Catégorie: Mise à jour requise
Priorité: Critique
Description: Problème de catégorie Mise à jour requise pour l'utilisateur 427.
Solution: Planification et exécution de la mise à jour système.
Statut: Résolu"
TICKET-0428,Problème technique,Haute,L'utilisateur 428 rencontre un dysfonctionnement avec l'application.,Vérification des logs système et redémarrage du service concerné.,"Catégorie: Problème technique
Priorité: Haute
Description: L'utilisateur 428 rencontre un dysfonctionnement avec l'application.
Solution: Vérification des logs système et redémarrage du service concerné.
Statut: Résolu"
TICKET-0429,Demande d'information,Basse,Demande d'aide pour utiliser l'application.,Fourniture de la documentation appropriée et explication détaillée.,"Catégorie: Demande d'information
Priorité: Basse
Description: Demande d'aide pour utiliser l'application.
Solution: Fourniture de la documentation appropriée et explication détaillée.
Statut: Résolu"
TICKET-0430,Problème technique,Haute,L'utilisateur 430 rencontre un dysfonctionnement avec le système.,Vérification des logs système et redémarrage du service concerné.,"Catégorie: Problème technique
Priorité: Haute
Description: L'utilisateur 430 rencontre un dysfonctionnement avec le système.
Solution: Vérification des logs système et redémarrage du service concerné.
Statut: Résolu"
TICKET-0431,Erreur de connexion,Haute,Échec de connexion au serveur web - Timeout après 50 secondes.,Test de connectivité réseau et reconfiguration des paramètres.,"Catégorie: Erreur de connexion
Priorité: Haute
Description: Échec de connexion au serveur web - Timeout après 50 secondes.
Solution: Test de connectivité réseau et reconfiguration des paramètres.
Statut: Résolu"
TICKET-0432,Performance lente,Normale,Temps de réponse très élevé lors de la recherche - 5 secondes.,Optimisation des requêtes et vérification de la charge serveur.,"Catégorie: Performance lente
Priorité: Normale
Description: Temps de réponse très élevé lors de la recherche - 5 secondes.
Solution: Optimisation des requêtes et vérification de la charge serveur.
Statut: Résolu"
TICKET-0433,Demande d'information,Normale,Demande d'aide pour configurer la fonctionnalité.,Fourniture de la documentation appropriée et explication détaillée.,"Catégorie: Demande d'information
Priorité: Normale
Description: Demande d'aide pour configurer la fonctionnalité.
Solution: Fourniture de la documentation appropriée et explication détaillée.
Statut: Résolu"
TICKET-0434,Erreur de connexion,Basse,Échec de connexion au serveur web - Timeout après 48 secondes.,Test de connectivité réseau et reconfiguration des paramètres.,"Catégorie: Erreur de connexion
Priorité: Basse
Description: Échec de connexion au serveur web - Timeout après 48 secondes.
Solution: Test de connectivité réseau et reconfiguration des paramètres.
Statut: Résolu"
TICKET-0435,Problème technique,Normale,L'utilisateur 435 rencontre un dysfonctionnement avec l'interface.,Vérification des logs système et redémarrage du service concerné.,"Catégorie: Problème technique
Priorité: Normale
Description: L'utilisateur 435 rencontre un dysfonctionnement avec l'interface.
Solution: Vérification des logs système et redémarrage du service concerné.
Statut: Résolu"
TICKET-0436,Accès refusé,Normale,Impossible d'accéder à le serveur - Permissions insuffisantes.,Vérification des permissions utilisateur et mise à jour des droits d'accès.,"Catégorie: Accès refusé
Priorité: Normale
Description: Impossible d'accéder à le serveur - Permissions insuffisantes.
Solution: Vérification des permissions utilisateur et mise à jour des droits d'accès.
Statut: Résolu"
TICKET-0437,Bug logiciel,Haute,Erreur détectée lors de l'utilisation - Code erreur: 176.,"Identification du bug, correction dans le code et déploiement du patch.","Catégorie: Bug logiciel
Priorité: Haute
Description: Erreur détectée lors de l'utilisation - Code erreur: 176.
Solution: Identification du bug, correction dans le code et déploiement du patch.
Statut: Résolu"
TICKET-0438,Formation utilisateur,Basse,Problème de catégorie Formation utilisateur pour l'utilisateur 438.,Organisation de session de formation et création de guides.,"Catégorie: Formation utilisateur
Priorité: Basse
Description: Problème de catégorie Formation utilisateur pour l'utilisateur 438.
Solution: Organisation de session de formation et création de guides.
Statut: Résolu"
TICKET-0439,Accès refusé,Critique,Impossible d'accéder à la base de données - Permissions insuffisantes.,Vérification des permissions utilisateur et mise à jour des droits d'accès.,"Catégorie: Accès refusé
Priorité: Critique
Description: Impossible d'accéder à la base de données - Permissions insuffisantes.
Solution: Vérification des permissions utilisateur et mise à jour des droits d'accès.
Statut: Résolu"
TICKET-0440,Mise à jour requise,Haute,Problème de catégorie Mise à jour requise pour l'utilisateur 440.,Planification et exécution de la mise à jour système.,"Catégorie: Mise à jour requise
Priorité: Haute
Description: Problème de catégorie Mise à jour requise pour l'utilisateur 440.
Solution: Planification et exécution de la mise à jour système.
Statut: Résolu"
TICKET-0441,Accès refusé,Haute,Impossible d'accéder à le serveur - Permissions insuffisantes.,Vérification des permissions utilisateur et mise à jour des droits d'accès.,"Catégorie: Accès refusé
Priorité: Haute
Description: Impossible d'accéder à le serveur - Permissions insuffisantes.
Solution: Vérification des permissions utilisateur et mise à jour des droits d'accès.
Statut: Résolu"
TICKET-0442,Mise à jour requise,Normale,Problème de catégorie Mise à jour requise pour l'utilisateur 442.,Planification et exécution de la mise à jour système.,"Catégorie: Mise à jour requise
Priorité: Normale
Description: Problème de catégorie Mise à jour requise pour l'utilisateur 442.
Solution: Planification et exécution de la mise à jour système.
Statut: Résolu"
TICKET-0443,Formation utilisateur,Normale,Problème de catégorie Formation utilisateur pour l'utilisateur 443.,Organisation de session de formation et création de guides.,"Catégorie: Formation utilisateur
Priorité: Normale
Description: Problème de catégorie Formation utilisateur pour l'utilisateur 443.
Solution: Organisation de session de formation et création de guides.
Statut: Résolu"
TICKET-0444,Mise à jour requise,Haute,Problème de catégorie Mise à jour requise pour l'utilisateur 444.,Planification et exécution de la mise à jour système.,"Catégorie: Mise à jour requise
Priorité: Haute
Description: Problème de catégorie Mise à jour requise pour l'utilisateur 444.
Solution: Planification et exécution de la mise à jour système.
Statut: Résolu"
TICKET-0445,Formation utilisateur,Basse,Problème de catégorie Formation utilisateur pour l'utilisateur 445.,Organisation de session de formation et création de guides.,"Catégorie: Formation utilisateur
Priorité: Basse
Description: Problème de catégorie Formation utilisateur pour l'utilisateur 445.
Solution: Organisation de session de formation et création de guides.
Statut: Résolu"
TICKET-0446,Bug logiciel,Haute,Erreur détectée lors de la connexion - Code erreur: 440.,"Identification du bug, correction dans le code et déploiement du patch.","Catégorie: Bug logiciel
Priorité: Haute
Description: Erreur détectée lors de la connexion - Code erreur: 440.
Solution: Identification du bug, correction dans le code et déploiement du patch.
Statut: Résolu"
TICKET-0447,Erreur de connexion,Basse,Échec de connexion au serveur database - Timeout après 40 secondes.,Test de connectivité réseau et reconfiguration des paramètres.,"Catégorie: Erreur de connexion
Priorité: Basse
Description: Échec de connexion au serveur database - Timeout après 40 secondes.
Solution: Test de connectivité réseau et reconfiguration des paramètres.
Statut: Résolu"
TICKET-0448,Erreur de connexion,Basse,Échec de connexion au serveur database - Timeout après 105 secondes.,Test de connectivité réseau et reconfiguration des paramètres.,"Catégorie: Erreur de connexion
Priorité: Basse
Description: Échec de connexion au serveur database - Timeout après 105 secondes.
Solution: Test de connectivité réseau et reconfiguration des paramètres.
Statut: Résolu"
TICKET-0449,Mise à jour requise,Critique,Problème de catégorie Mise à jour requise pour l'utilisateur 449.,Planification et exécution de la mise à jour système.,"Catégorie: Mise à jour requise
Priorité: Critique
Description: Problème de catégorie Mise à jour requise pour l'utilisateur 449.
Solution: Planification et exécution de la mise à jour système.
Statut: Résolu"
TICKET-0450,Demande d'information,Haute,Demande d'aide pour configurer la fonctionnalité.,Fourniture de la documentation appropriée et explication détaillée.,"Catégorie: Demande d'information
Priorité: Haute
Description: Demande d'aide pour configurer la fonctionnalité.
Solution: Fourniture de la documentation appropriée et explication détaillée.
Statut: Résolu"
TICKET-0451,Accès refusé,Haute,Impossible d'accéder à l'application - Permissions insuffisantes.,Vérification des permissions utilisateur et mise à jour des droits d'accès.,"Catégorie: Accès refusé
Priorité: Haute
Description: Impossible d'accéder à l'application - Permissions insuffisantes.
Solution: Vérification des permissions utilisateur et mise à jour des droits d'accès.
Statut: Résolu"
TICKET-0452,Formation utilisateur,Critique,Problème de catégorie Formation utilisateur pour l'utilisateur 452.,Organisation de session de formation et création de guides.,"Catégorie: Formation utilisateur
Priorité: Critique
Description: Problème de catégorie Formation utilisateur pour l'utilisateur 452.
Solution: Organisation de session de formation et création de guides.
Statut: Résolu"
TICKET-0453,Performance lente,Critique,Temps de réponse très élevé lors de la connexion - 13 secondes.,Optimisation des requêtes et vérification de la charge serveur.,"Catégorie: Performance lente
Priorité: Critique
Description: Temps de réponse très élevé lors de la connexion - 13 secondes.
Solution: Optimisation des requêtes et vérification de la charge serveur.
Statut: Résolu"
TICKET-0454,Formation utilisateur,Basse,Problème de catégorie Formation utilisateur pour l'utilisateur 454.,Organisation de session de formation et création de guides.,"Catégorie: Formation utilisateur
Priorité: Basse
Description: Problème de catégorie Formation utilisateur pour l'utilisateur 454.
Solution: Organisation de session de formation et création de guides.
Statut: Résolu"
TICKET-0455,Performance lente,Critique,Temps de réponse très élevé lors de la recherche - 8 secondes.,Optimisation des requêtes et vérification de la charge serveur.,"Catégorie: Performance lente
Priorité: Critique
Description: Temps de réponse très élevé lors de la recherche - 8 secondes.
Solution: Optimisation des requêtes et vérification de la charge serveur.
Statut: Résolu"
TICKET-0456,Problème technique,Basse,L'utilisateur 456 rencontre un dysfonctionnement avec l'application.,Vérification des logs système et redémarrage du service concerné.,"Catégorie: Problème technique
Priorité: Basse
Description: L'utilisateur 456 rencontre un dysfonctionnement avec l'application.
Solution: Vérification des logs système et redémarrage du service concerné.
Statut: Résolu"
TICKET-0457,Problème technique,Basse,L'utilisateur 457 rencontre un dysfonctionnement avec le système.,Vérification des logs système et redémarrage du service concerné.,"Catégorie: Problème technique
Priorité: Basse
Description: L'utilisateur 457 rencontre un dysfonctionnement avec le système.
Solution: Vérification des logs système et redémarrage du service concerné.
Statut: Résolu"
TICKET-0458,Problème technique,Haute,L'utilisateur 458 rencontre un dysfonctionnement avec l'application.,Vérification des logs système et redémarrage du service concerné.,"Catégorie: Problème technique
Priorité: Haute
Description: L'utilisateur 458 rencontre un dysfonctionnement avec l'application.
Solution: Vérification des logs système et redémarrage du service concerné.
Statut: Résolu"
TICKET-0459,Demande d'information,Critique,Demande d'aide pour utiliser la fonctionnalité.,Fourniture de la documentation appropriée et explication détaillée.,"Catégorie: Demande d'information
Priorité: Critique
Description: Demande d'aide pour utiliser la fonctionnalité.
Solution: Fourniture de la documentation appropriée et explication détaillée.
Statut: Résolu"
TICKET-0460,Bug logiciel,Normale,Erreur détectée lors de l'utilisation - Code erreur: 393.,"Identification du bug, correction dans le code et déploiement du patch.","Catégorie: Bug logiciel
Priorité: Normale
Description: Erreur détectée lors de l'utilisation - Code erreur: 393.
Solution: Identification du bug, correction dans le code et déploiement du patch.
Statut: Résolu"
TICKET-0461,Erreur de connexion,Critique,Échec de connexion au serveur database - Timeout après 54 secondes.,Test de connectivité réseau et reconfiguration des paramètres.,"Catégorie: Erreur de connexion
Priorité: Critique
Description: Échec de connexion au serveur database - Timeout après 54 secondes.
Solution: Test de connectivité réseau et reconfiguration des paramètres.
Statut: Résolu"
TICKET-0462,Récupération de mot de passe,Normale,Problème de catégorie Récupération de mot de passe pour l'utilisateur 462.,Solution en cours d'élaboration.,"Catégorie: Récupération de mot de passe
Priorité: Normale
Description: Problème de catégorie Récupération de mot de passe pour l'utilisateur 462.
Solution: Solution en cours d'élaboration.
Statut: Résolu"
TICKET-0463,Erreur de connexion,Normale,Échec de connexion au serveur email - Timeout après 34 secondes.,Test de connectivité réseau et reconfiguration des paramètres.,"Catégorie: Erreur de connexion
Priorité: Normale
Description: Échec de connexion au serveur email - Timeout après 34 secondes.
Solution: Test de connectivité réseau et reconfiguration des paramètres.
Statut: Résolu"
TICKET-0464,Problème technique,Critique,L'utilisateur 464 rencontre un dysfonctionnement avec l'application.,Vérification des logs système et redémarrage du service concerné.,"Catégorie: Problème technique
Priorité: Critique
Description: L'utilisateur 464 rencontre un dysfonctionnement avec l'application.
Solution: Vérification des logs système et redémarrage du service concerné.
Statut: Résolu"
TICKET-0465,Bug logiciel,Basse,Erreur détectée lors de la sauvegarde - Code erreur: 125.,"Identification du bug, correction dans le code et déploiement du patch.","Catégorie: Bug logiciel
Priorité: Basse
Description: Erreur détectée lors de la sauvegarde - Code erreur: 125.
Solution: Identification du bug, correction dans le code et déploiement du patch.
Statut: Résolu"
TICKET-0466,Formation utilisateur,Critique,Problème de catégorie Formation utilisateur pour l'utilisateur 466.,Organisation de session de formation et création de guides.,"Catégorie: Formation utilisateur
Priorité: Critique
Description: Problème de catégorie Formation utilisateur pour l'utilisateur 466.
Solution: Organisation de session de formation et création de guides.
Statut: Résolu"
TICKET-0467,Performance lente,Basse,Temps de réponse très élevé lors de la recherche - 9 secondes.,Optimisation des requêtes et vérification de la charge serveur.,"Catégorie: Performance lente
Priorité: Basse
Description: Temps de réponse très élevé lors de la recherche - 9 secondes.
Solution: Optimisation des requêtes et vérification de la charge serveur.
Statut: Résolu"
TICKET-0468,Problème technique,Basse,L'utilisateur 468 rencontre un dysfonctionnement avec le système.,Vérification des logs système et redémarrage du service concerné.,"Catégorie: Problème technique
Priorité: Basse
Description: L'utilisateur 468 rencontre un dysfonctionnement avec le système.
Solution: Vérification des logs système et redémarrage du service concerné.
Statut: Résolu"
TICKET-0469,Demande d'information,Basse,Demande d'aide pour configurer la fonctionnalité.,Fourniture de la documentation appropriée et explication détaillée.,"Catégorie: Demande d'information
Priorité: Basse
Description: Demande d'aide pour configurer la fonctionnalité.
Solution: Fourniture de la documentation appropriée et explication détaillée.
Statut: Résolu"
TICKET-0470,Mise à jour requise,Normale,Problème de catégorie Mise à jour requise pour l'utilisateur 470.,Planification et exécution de la mise à jour système.,"Catégorie: Mise à jour requise
Priorité: Normale
Description: Problème de catégorie Mise à jour requise pour l'utilisateur 470.
Solution: Planification et exécution de la mise à jour système.
Statut: Résolu"
TICKET-0471,Mise à jour requise,Normale,Problème de catégorie Mise à jour requise pour l'utilisateur 471.,Planification et exécution de la mise à jour système.,"Catégorie: Mise à jour requise
Priorité: Normale
Description: Problème de catégorie Mise à jour requise pour l'utilisateur 471.
Solution: Planification et exécution de la mise à jour système.
Statut: Résolu"
TICKET-0472,Bug logiciel,Critique,Erreur détectée lors de la connexion - Code erreur: 344.,"Identification du bug, correction dans le code et déploiement du patch.","Catégorie: Bug logiciel
Priorité: Critique
Description: Erreur détectée lors de la connexion - Code erreur: 344.
Solution: Identification du bug, correction dans le code et déploiement du patch.
Statut: Résolu"
TICKET-0473,Formation utilisateur,Critique,Problème de catégorie Formation utilisateur pour l'utilisateur 473.,Organisation de session de formation et création de guides.,"Catégorie: Formation utilisateur
Priorité: Critique
Description: Problème de catégorie Formation utilisateur pour l'utilisateur 473.
Solution: Organisation de session de formation et création de guides.
Statut: Résolu"
TICKET-0474,Demande d'information,Normale,Demande d'aide pour comprendre le système.,Fourniture de la documentation appropriée et explication détaillée.,"Catégorie: Demande d'information
Priorité: Normale
Description: Demande d'aide pour comprendre le système.
Solution: Fourniture de la documentation appropriée et explication détaillée.
Statut: Résolu"
TICKET-0475,Bug logiciel,Normale,Erreur détectée lors de l'utilisation - Code erreur: 714.,"Identification du bug, correction dans le code et déploiement du patch.","Catégorie: Bug logiciel
Priorité: Normale
Description: Erreur détectée lors de l'utilisation - Code erreur: 714.
Solution: Identification du bug, correction dans le code et déploiement du patch.
Statut: Résolu"
TICKET-0476,Demande d'information,Critique,Demande d'aide pour configurer la fonctionnalité.,Fourniture de la documentation appropriée et explication détaillée.,"Catégorie: Demande d'information
Priorité: Critique
Description: Demande d'aide pour configurer la fonctionnalité.
Solution: Fourniture de la documentation appropriée et explication détaillée.
Statut: Résolu"
TICKET-0477,Problème technique,Basse,L'utilisateur 477 rencontre un dysfonctionnement avec le système.,Vérification des logs système et redémarrage du service concerné.,"Catégorie: Problème technique
Priorité: Basse
Description: L'utilisateur 477 rencontre un dysfonctionnement avec le système.
Solution: Vérification des logs système et redémarrage du service concerné.
Statut: Résolu"
TICKET-0478,Formation utilisateur,Critique,Problème de catégorie Formation utilisateur pour l'utilisateur 478.,Organisation de session de formation et création de guides.,"Catégorie: Formation utilisateur
Priorité: Critique
Description: Problème de catégorie Formation utilisateur pour l'utilisateur 478.
Solution: Organisation de session de formation et création de guides.
Statut: Résolu"
TICKET-0479,Problème technique,Basse,L'utilisateur 479 rencontre un dysfonctionnement avec l'application.,Vérification des logs système et redémarrage du service concerné.,"Catégorie: Problème technique
Priorité: Basse
Description: L'utilisateur 479 rencontre un dysfonctionnement avec l'application.
Solution: Vérification des logs système et redémarrage du service concerné.
Statut: Résolu"
TICKET-0480,Récupération de mot de passe,Haute,Problème de catégorie Récupération de mot de passe pour l'utilisateur 480.,Solution en cours d'élaboration.,"Catégorie: Récupération de mot de passe
Priorité: Haute
Description: Problème de catégorie Récupération de mot de passe pour l'utilisateur 480.
Solution: Solution en cours d'élaboration.
Statut: Résolu"
TICKET-0481,Accès refusé,Normale,Impossible d'accéder à l'application - Permissions insuffisantes.,Vérification des permissions utilisateur et mise à jour des droits d'accès.,"Catégorie: Accès refusé
Priorité: Normale
Description: Impossible d'accéder à l'application - Permissions insuffisantes.
Solution: Vérification des permissions utilisateur et mise à jour des droits d'accès.
Statut: Résolu"
TICKET-0482,Demande d'information,Normale,Demande d'aide pour utiliser l'application.,Fourniture de la documentation appropriée et explication détaillée.,"Catégorie: Demande d'information
Priorité: Normale
Description: Demande d'aide pour utiliser l'application.
Solution: Fourniture de la documentation appropriée et explication détaillée.
Statut: Résolu"
TICKET-0483,Performance lente,Haute,Temps de réponse très élevé lors de la connexion - 11 secondes.,Optimisation des requêtes et vérification de la charge serveur.,"Catégorie: Performance lente
Priorité: Haute
Description: Temps de réponse très élevé lors de la connexion - 11 secondes.
Solution: Optimisation des requêtes et vérification de la charge serveur.
Statut: Résolu"
TICKET-0484,Récupération de mot de passe,Critique,Problème de catégorie Récupération de mot de passe pour l'utilisateur 484.,Solution en cours d'élaboration.,"Catégorie: Récupération de mot de passe
Priorité: Critique
Description: Problème de catégorie Récupération de mot de passe pour l'utilisateur 484.
Solution: Solution en cours d'élaboration.
Statut: Résolu"
TICKET-0485,Accès refusé,Basse,Impossible d'accéder à la base de données - Permissions insuffisantes.,Vérification des permissions utilisateur et mise à jour des droits d'accès.,"Catégorie: Accès refusé
Priorité: Basse
Description: Impossible d'accéder à la base de données - Permissions insuffisantes.
Solution: Vérification des permissions utilisateur et mise à jour des droits d'accès.
Statut: Résolu"
TICKET-0486,Demande d'information,Haute,Demande d'aide pour comprendre le système.,Fourniture de la documentation appropriée et explication détaillée.,"Catégorie: Demande d'information
Priorité: Haute
Description: Demande d'aide pour comprendre le système.
Solution: Fourniture de la documentation appropriée et explication détaillée.
Statut: Résolu"
TICKET-0487,Mise à jour requise,Basse,Problème de catégorie Mise à jour requise pour l'utilisateur 487.,Planification et exécution de la mise à jour système.,"Catégorie: Mise à jour requise
Priorité: Basse
Description: Problème de catégorie Mise à jour requise pour l'utilisateur 487.
Solution: Planification et exécution de la mise à jour système.
Statut: Résolu"
TICKET-0488,Problème technique,Critique,L'utilisateur 488 rencontre un dysfonctionnement avec l'interface.,Vérification des logs système et redémarrage du service concerné.,"Catégorie: Problème technique
Priorité: Critique
Description: L'utilisateur 488 rencontre un dysfonctionnement avec l'interface.
Solution: Vérification des logs système et redémarrage du service concerné.
Statut: Résolu"
TICKET-0489,Demande d'information,Critique,Demande d'aide pour comprendre le système.,Fourniture de la documentation appropriée et explication détaillée.,"Catégorie: Demande d'information
Priorité: Critique
Description: Demande d'aide pour comprendre le système.
Solution: Fourniture de la documentation appropriée et explication détaillée.
Statut: Résolu"
TICKET-0490,Performance lente,Basse,Temps de réponse très élevé lors de la recherche - 23 secondes.,Optimisation des requêtes et vérification de la charge serveur.,"Catégorie: Performance lente
Priorité: Basse
Description: Temps de réponse très élevé lors de la recherche - 23 secondes.
Solution: Optimisation des requêtes et vérification de la charge serveur.
Statut: Résolu"
TICKET-0491,Problème technique,Normale,L'utilisateur 491 rencontre un dysfonctionnement avec le système.,Vérification des logs système et redémarrage du service concerné.,"Catégorie: Problème technique
Priorité: Normale
Description: L'utilisateur 491 rencontre un dysfonctionnement avec le système.
Solution: Vérification des logs système et redémarrage du service concerné.
Statut: Résolu"
TICKET-0492,Demande d'information,Critique,Demande d'aide pour utiliser le système.,Fourniture de la documentation appropriée et explication détaillée.,"Catégorie: Demande d'information
Priorité: Critique
Description: Demande d'aide pour utiliser le système.
Solution: Fourniture de la documentation appropriée et explication détaillée.
Statut: Résolu"
TICKET-0493,Problème technique,Basse,L'utilisateur 493 rencontre un dysfonctionnement avec le système.,Vérification des logs système et redémarrage du service concerné.,"Catégorie: Problème technique
Priorité: Basse
Description: L'utilisateur 493 rencontre un dysfonctionnement avec le système.
Solution: Vérification des logs système et redémarrage du service concerné.
Statut: Résolu"
TICKET-0494,Mise à jour requise,Critique,Problème de catégorie Mise à jour requise pour l'utilisateur 494.,Planification et exécution de la mise à jour système.,"Catégorie: Mise à jour requise
Priorité: Critique
Description: Problème de catégorie Mise à jour requise pour l'utilisateur 494.
Solution: Planification et exécution de la mise à jour système.
Statut: Résolu"
TICKET-0495,Formation utilisateur,Critique,Problème de catégorie Formation utilisateur pour l'utilisateur 495.,Organisation de session de formation et création de guides.,"Catégorie: Formation utilisateur
Priorité: Critique
Description: Problème de catégorie Formation utilisateur pour l'utilisateur 495.
Solution: Organisation de session de formation et création de guides.
Statut: Résolu"
TICKET-0496,Erreur de connexion,Haute,Échec de connexion au serveur email - Timeout après 36 secondes.,Test de connectivité réseau et reconfiguration des paramètres.,"Catégorie: Erreur de connexion
Priorité: Haute
Description: Échec de connexion au serveur email - Timeout après 36 secondes.
Solution: Test de connectivité réseau et reconfiguration des paramètres.
Statut: Résolu"
TICKET-0497,Demande d'information,Basse,Demande d'aide pour configurer le système.,Fourniture de la documentation appropriée et explication détaillée.,"Catégorie: Demande d'information
Priorité: Basse
Description: Demande d'aide pour configurer le système.
Solution: Fourniture de la documentation appropriée et explication détaillée.
Statut: Résolu"
TICKET-0498,Mise à jour requise,Normale,Problème de catégorie Mise à jour requise pour l'utilisateur 498.,Planification et exécution de la mise à jour système.,"Catégorie: Mise à jour requise
Priorité: Normale
Description: Problème de catégorie Mise à jour requise pour l'utilisateur 498.
Solution: Planification et exécution de la mise à jour système.
Statut: Résolu"
TICKET-0499,Accès refusé,Haute,Impossible d'accéder à la base de données - Permissions insuffisantes.,Vérification des permissions utilisateur et mise à jour des droits d'accès.,"Catégorie: Accès refusé
Priorité: Haute
Description: Impossible d'accéder à la base de données - Permissions insuffisantes.
Solution: Vérification des permissions utilisateur et mise à jour des droits d'accès.
Statut: Résolu"
TICKET-0500,Formation utilisateur,Critique,Problème de catégorie Formation utilisateur pour l'utilisateur 500.,Organisation de session de formation et création de guides.,"Catégorie: Formation utilisateur
Priorité: Critique
Description: Problème de catégorie Formation utilisateur pour l'utilisateur 500.
Solution: Organisation de session de formation et création de guides.
Statut: Résolu"
TICKET-0501,Bug logiciel,Haute,Erreur détectée lors de la sauvegarde - Code erreur: 740.,"Identification du bug, correction dans le code et déploiement du patch.","Catégorie: Bug logiciel
Priorité: Haute
Description: Erreur détectée lors de la sauvegarde - Code erreur: 740.
Solution: Identification du bug, correction dans le code et déploiement du patch.
Statut: Résolu"
TICKET-0502,Performance lente,Basse,Temps de réponse très élevé lors de la recherche - 27 secondes.,Optimisation des requêtes et vérification de la charge serveur.,"Catégorie: Performance lente
Priorité: Basse
Description: Temps de réponse très élevé lors de la recherche - 27 secondes.
Solution: Optimisation des requêtes et vérification de la charge serveur.
Statut: Résolu"
TICKET-0503,Problème technique,Critique,L'utilisateur 503 rencontre un dysfonctionnement avec l'interface.,Vérification des logs système et redémarrage du service concerné.,"Catégorie: Problème technique
Priorité: Critique
Description: L'utilisateur 503 rencontre un dysfonctionnement avec l'interface.
Solution: Vérification des logs système et redémarrage du service concerné.
Statut: Résolu"
TICKET-0504,Demande d'information,Normale,Demande d'aide pour configurer le système.,Fourniture de la documentation appropriée et explication détaillée.,"Catégorie: Demande d'information
Priorité: Normale
Description: Demande d'aide pour configurer le système.
Solution: Fourniture de la documentation appropriée et explication détaillée.
Statut: Résolu"
TICKET-0505,Formation utilisateur,Basse,Problème de catégorie Formation utilisateur pour l'utilisateur 505.,Organisation de session de formation et création de guides.,"Catégorie: Formation utilisateur
Priorité: Basse
Description: Problème de catégorie Formation utilisateur pour l'utilisateur 505.
Solution: Organisation de session de formation et création de guides.
Statut: Résolu"
TICKET-0506,Erreur de connexion,Basse,Échec de connexion au serveur web - Timeout après 81 secondes.,Test de connectivité réseau et reconfiguration des paramètres.,"Catégorie: Erreur de connexion
Priorité: Basse
Description: Échec de connexion au serveur web - Timeout après 81 secondes.
Solution: Test de connectivité réseau et reconfiguration des paramètres.
Statut: Résolu"
TICKET-0507,Demande d'information,Critique,Demande d'aide pour utiliser l'application.,Fourniture de la documentation appropriée et explication détaillée.,"Catégorie: Demande d'information
Priorité: Critique
Description: Demande d'aide pour utiliser l'application.
Solution: Fourniture de la documentation appropriée et explication détaillée.
Statut: Résolu"
TICKET-0508,Bug logiciel,Basse,Erreur détectée lors de la connexion - Code erreur: 121.,"Identification du bug, correction dans le code et déploiement du patch.","Catégorie: Bug logiciel
Priorité: Basse
Description: Erreur détectée lors de la connexion - Code erreur: 121.
Solution: Identification du bug, correction dans le code et déploiement du patch.
Statut: Résolu"
TICKET-0509,Formation utilisateur,Haute,Problème de catégorie Formation utilisateur pour l'utilisateur 509.,Organisation de session de formation et création de guides.,"Catégorie: Formation utilisateur
Priorité: Haute
Description: Problème de catégorie Formation utilisateur pour l'utilisateur 509.
Solution: Organisation de session de formation et création de guides.
Statut: Résolu"
TICKET-0510,Mise à jour requise,Basse,Problème de catégorie Mise à jour requise pour l'utilisateur 510.,Planification et exécution de la mise à jour système.,"Catégorie: Mise à jour requise
Priorité: Basse
Description: Problème de catégorie Mise à jour requise pour l'utilisateur 510.
Solution: Planification et exécution de la mise à jour système.
Statut: Résolu"
TICKET-0511,Récupération de mot de passe,Critique,Problème de catégorie Récupération de mot de passe pour l'utilisateur 511.,Solution en cours d'élaboration.,"Catégorie: Récupération de mot de passe
Priorité: Critique
Description: Problème de catégorie Récupération de mot de passe pour l'utilisateur 511.
Solution: Solution en cours d'élaboration.
Statut: Résolu"
TICKET-0512,Bug logiciel,Haute,Erreur détectée lors de l'utilisation - Code erreur: 544.,"Identification du bug, correction dans le code et déploiement du patch.","Catégorie: Bug logiciel
Priorité: Haute
Description: Erreur détectée lors de l'utilisation - Code erreur: 544.
Solution: Identification du bug, correction dans le code et déploiement du patch.
Statut: Résolu"
TICKET-0513,Demande d'information,Normale,Demande d'aide pour comprendre l'application.,Fourniture de la documentation appropriée et explication détaillée.,"Catégorie: Demande d'information
Priorité: Normale
Description: Demande d'aide pour comprendre l'application.
Solution: Fourniture de la documentation appropriée et explication détaillée.
Statut: Résolu"
TICKET-0514,Erreur de connexion,Normale,Échec de connexion au serveur database - Timeout après 118 secondes.,Test de connectivité réseau et reconfiguration des paramètres.,"Catégorie: Erreur de connexion
Priorité: Normale
Description: Échec de connexion au serveur database - Timeout après 118 secondes.
Solution: Test de connectivité réseau et reconfiguration des paramètres.
Statut: Résolu"
TICKET-0515,Bug logiciel,Critique,Erreur détectée lors de l'utilisation - Code erreur: 624.,"Identification du bug, correction dans le code et déploiement du patch.","Catégorie: Bug logiciel
Priorité: Critique
Description: Erreur détectée lors de l'utilisation - Code erreur: 624.
Solution: Identification du bug, correction dans le code et déploiement du patch.
Statut: Résolu"
TICKET-0516,Problème technique,Haute,L'utilisateur 516 rencontre un dysfonctionnement avec le système.,Vérification des logs système et redémarrage du service concerné.,"Catégorie: Problème technique
Priorité: Haute
Description: L'utilisateur 516 rencontre un dysfonctionnement avec le système.
Solution: Vérification des logs système et redémarrage du service concerné.
Statut: Résolu"
TICKET-0517,Problème technique,Basse,L'utilisateur 517 rencontre un dysfonctionnement avec l'application.,Vérification des logs système et redémarrage du service concerné.,"Catégorie: Problème technique
Priorité: Basse
Description: L'utilisateur 517 rencontre un dysfonctionnement avec l'application.
Solution: Vérification des logs système et redémarrage du service concerné.
Statut: Résolu"
TICKET-0518,Bug logiciel,Critique,Erreur détectée lors de la connexion - Code erreur: 163.,"Identification du bug, correction dans le code et déploiement du patch.","Catégorie: Bug logiciel
Priorité: Critique
Description: Erreur détectée lors de la connexion - Code erreur: 163.
Solution: Identification du bug, correction dans le code et déploiement du patch.
Statut: Résolu"
TICKET-0519,Accès refusé,Normale,Impossible d'accéder à la base de données - Permissions insuffisantes.,Vérification des permissions utilisateur et mise à jour des droits d'accès.,"Catégorie: Accès refusé
Priorité: Normale
Description: Impossible d'accéder à la base de données - Permissions insuffisantes.
Solution: Vérification des permissions utilisateur et mise à jour des droits d'accès.
Statut: Résolu"
TICKET-0520,Mise à jour requise,Haute,Problème de catégorie Mise à jour requise pour l'utilisateur 520.,Planification et exécution de la mise à jour système.,"Catégorie: Mise à jour requise
Priorité: Haute
Description: Problème de catégorie Mise à jour requise pour l'utilisateur 520.
Solution: Planification et exécution de la mise à jour système.
Statut: Résolu"
TICKET-0521,Performance lente,Normale,Temps de réponse très élevé lors de la recherche - 29 secondes.,Optimisation des requêtes et vérification de la charge serveur.,"Catégorie: Performance lente
Priorité: Normale
Description: Temps de réponse très élevé lors de la recherche - 29 secondes.
Solution: Optimisation des requêtes et vérification de la charge serveur.
Statut: Résolu"
TICKET-0522,Performance lente,Critique,Temps de réponse très élevé lors de la recherche - 23 secondes.,Optimisation des requêtes et vérification de la charge serveur.,"Catégorie: Performance lente
Priorité: Critique
Description: Temps de réponse très élevé lors de la recherche - 23 secondes.
Solution: Optimisation des requêtes et vérification de la charge serveur.
Statut: Résolu"
TICKET-0523,Bug logiciel,Haute,Erreur détectée lors de l'utilisation - Code erreur: 857.,"Identification du bug, correction dans le code et déploiement du patch.","Catégorie: Bug logiciel
Priorité: Haute
Description: Erreur détectée lors de l'utilisation - Code erreur: 857.
Solution: Identification du bug, correction dans le code et déploiement du patch.
Statut: Résolu"
TICKET-0524,Récupération de mot de passe,Critique,Problème de catégorie Récupération de mot de passe pour l'utilisateur 524.,Solution en cours d'élaboration.,"Catégorie: Récupération de mot de passe
Priorité: Critique
Description: Problème de catégorie Récupération de mot de passe pour l'utilisateur 524.
Solution: Solution en cours d'élaboration.
Statut: Résolu"
TICKET-0525,Récupération de mot de passe,Basse,Problème de catégorie Récupération de mot de passe pour l'utilisateur 525.,Solution en cours d'élaboration.,"Catégorie: Récupération de mot de passe
Priorité: Basse
Description: Problème de catégorie Récupération de mot de passe pour l'utilisateur 525.
Solution: Solution en cours d'élaboration.
Statut: Résolu"
TICKET-0526,Accès refusé,Basse,Impossible d'accéder à la base de données - Permissions insuffisantes.,Vérification des permissions utilisateur et mise à jour des droits d'accès.,"Catégorie: Accès refusé
Priorité: Basse
Description: Impossible d'accéder à la base de données - Permissions insuffisantes.
Solution: Vérification des permissions utilisateur et mise à jour des droits d'accès.
Statut: Résolu"
TICKET-0527,Erreur de connexion,Haute,Échec de connexion au serveur database - Timeout après 40 secondes.,Test de connectivité réseau et reconfiguration des paramètres.,"Catégorie: Erreur de connexion
Priorité: Haute
Description: Échec de connexion au serveur database - Timeout après 40 secondes.
Solution: Test de connectivité réseau et reconfiguration des paramètres.
Statut: Résolu"
TICKET-0528,Mise à jour requise,Haute,Problème de catégorie Mise à jour requise pour l'utilisateur 528.,Planification et exécution de la mise à jour système.,"Catégorie: Mise à jour requise
Priorité: Haute
Description: Problème de catégorie Mise à jour requise pour l'utilisateur 528.
Solution: Planification et exécution de la mise à jour système.
Statut: Résolu"
TICKET-0529,Demande d'information,Haute,Demande d'aide pour configurer le système.,Fourniture de la documentation appropriée et explication détaillée.,"Catégorie: Demande d'information
Priorité: Haute
Description: Demande d'aide pour configurer le système.
Solution: Fourniture de la documentation appropriée et explication détaillée.
Statut: Résolu"
TICKET-0530,Accès refusé,Haute,Impossible d'accéder à l'application - Permissions insuffisantes.,Vérification des permissions utilisateur et mise à jour des droits d'accès.,"Catégorie: Accès refusé
Priorité: Haute
Description: Impossible d'accéder à l'application - Permissions insuffisantes.
Solution: Vérification des permissions utilisateur et mise à jour des droits d'accès.
Statut: Résolu"
TICKET-0531,Problème technique,Basse,L'utilisateur 531 rencontre un dysfonctionnement avec le système.,Vérification des logs système et redémarrage du service concerné.,"Catégorie: Problème technique
Priorité: Basse
Description: L'utilisateur 531 rencontre un dysfonctionnement avec le système.
Solution: Vérification des logs système et redémarrage du service concerné.
Statut: Résolu"
TICKET-0532,Bug logiciel,Normale,Erreur détectée lors de la sauvegarde - Code erreur: 240.,"Identification du bug, correction dans le code et déploiement du patch.","Catégorie: Bug logiciel
Priorité: Normale
Description: Erreur détectée lors de la sauvegarde - Code erreur: 240.
Solution: Identification du bug, correction dans le code et déploiement du patch.
Statut: Résolu"
TICKET-0533,Accès refusé,Normale,Impossible d'accéder à la base de données - Permissions insuffisantes.,Vérification des permissions utilisateur et mise à jour des droits d'accès.,"Catégorie: Accès refusé
Priorité: Normale
Description: Impossible d'accéder à la base de données - Permissions insuffisantes.
Solution: Vérification des permissions utilisateur et mise à jour des droits d'accès.
Statut: Résolu"
TICKET-0534,Accès refusé,Basse,Impossible d'accéder à la base de données - Permissions insuffisantes.,Vérification des permissions utilisateur et mise à jour des droits d'accès.,"Catégorie: Accès refusé
Priorité: Basse
Description: Impossible d'accéder à la base de données - Permissions insuffisantes.
Solution: Vérification des permissions utilisateur et mise à jour des droits d'accès.
Statut: Résolu"
TICKET-0535,Problème technique,Critique,L'utilisateur 535 rencontre un dysfonctionnement avec l'application.,Vérification des logs système et redémarrage du service concerné.,"Catégorie: Problème technique
Priorité: Critique
Description: L'utilisateur 535 rencontre un dysfonctionnement avec l'application.
Solution: Vérification des logs système et redémarrage du service concerné.
Statut: Résolu"
TICKET-0536,Erreur de connexion,Critique,Échec de connexion au serveur web - Timeout après 38 secondes.,Test de connectivité réseau et reconfiguration des paramètres.,"Catégorie: Erreur de connexion
Priorité: Critique
Description: Échec de connexion au serveur web - Timeout après 38 secondes.
Solution: Test de connectivité réseau et reconfiguration des paramètres.
Statut: Résolu"
TICKET-0537,Accès refusé,Critique,Impossible d'accéder à le serveur - Permissions insuffisantes.,Vérification des permissions utilisateur et mise à jour des droits d'accès.,"Catégorie: Accès refusé
Priorité: Critique
Description: Impossible d'accéder à le serveur - Permissions insuffisantes.
Solution: Vérification des permissions utilisateur et mise à jour des droits d'accès.
Statut: Résolu"
TICKET-0538,Récupération de mot de passe,Basse,Problème de catégorie Récupération de mot de passe pour l'utilisateur 538.,Solution en cours d'élaboration.,"Catégorie: Récupération de mot de passe
Priorité: Basse
Description: Problème de catégorie Récupération de mot de passe pour l'utilisateur 538.
Solution: Solution en cours d'élaboration.
Statut: Résolu"
TICKET-0539,Performance lente,Haute,Temps de réponse très élevé lors de l'affichage - 6 secondes.,Optimisation des requêtes et vérification de la charge serveur.,"Catégorie: Performance lente
Priorité: Haute
Description: Temps de réponse très élevé lors de l'affichage - 6 secondes.
Solution: Optimisation des requêtes et vérification de la charge serveur.
Statut: Résolu"
TICKET-0540,Bug logiciel,Haute,Erreur détectée lors de la sauvegarde - Code erreur: 810.,"Identification du bug, correction dans le code et déploiement du patch.","Catégorie: Bug logiciel
Priorité: Haute
Description: Erreur détectée lors de la sauvegarde - Code erreur: 810.
Solution: Identification du bug, correction dans le code et déploiement du patch.
Statut: Résolu"
TICKET-0541,Demande d'information,Critique,Demande d'aide pour configurer le système.,Fourniture de la documentation appropriée et explication détaillée.,"Catégorie: Demande d'information
Priorité: Critique
Description: Demande d'aide pour configurer le système.
Solution: Fourniture de la documentation appropriée et explication détaillée.
Statut: Résolu"
TICKET-0542,Erreur de connexion,Critique,Échec de connexion au serveur web - Timeout après 109 secondes.,Test de connectivité réseau et reconfiguration des paramètres.,"Catégorie: Erreur de connexion
Priorité: Critique
Description: Échec de connexion au serveur web - Timeout après 109 secondes.
Solution: Test de connectivité réseau et reconfiguration des paramètres.
Statut: Résolu"
TICKET-0543,Demande d'information,Basse,Demande d'aide pour utiliser l'application.,Fourniture de la documentation appropriée et explication détaillée.,"Catégorie: Demande d'information
Priorité: Basse
Description: Demande d'aide pour utiliser l'application.
Solution: Fourniture de la documentation appropriée et explication détaillée.
Statut: Résolu"
TICKET-0544,Problème technique,Critique,L'utilisateur 544 rencontre un dysfonctionnement avec l'interface.,Vérification des logs système et redémarrage du service concerné.,"Catégorie: Problème technique
Priorité: Critique
Description: L'utilisateur 544 rencontre un dysfonctionnement avec l'interface.
Solution: Vérification des logs système et redémarrage du service concerné.
Statut: Résolu"
TICKET-0545,Problème technique,Normale,L'utilisateur 545 rencontre un dysfonctionnement avec l'interface.,Vérification des logs système et redémarrage du service concerné.,"Catégorie: Problème technique
Priorité: Normale
Description: L'utilisateur 545 rencontre un dysfonctionnement avec l'interface.
Solution: Vérification des logs système et redémarrage du service concerné.
Statut: Résolu"
TICKET-0546,Accès refusé,Critique,Impossible d'accéder à le serveur - Permissions insuffisantes.,Vérification des permissions utilisateur et mise à jour des droits d'accès.,"Catégorie: Accès refusé
Priorité: Critique
Description: Impossible d'accéder à le serveur - Permissions insuffisantes.
Solution: Vérification des permissions utilisateur et mise à jour des droits d'accès.
Statut: Résolu"
TICKET-0547,Mise à jour requise,Basse,Problème de catégorie Mise à jour requise pour l'utilisateur 547.,Planification et exécution de la mise à jour système.,"Catégorie: Mise à jour requise
Priorité: Basse
Description: Problème de catégorie Mise à jour requise pour l'utilisateur 547.
Solution: Planification et exécution de la mise à jour système.
Statut: Résolu"
TICKET-0548,Problème technique,Critique,L'utilisateur 548 rencontre un dysfonctionnement avec l'interface.,Vérification des logs système et redémarrage du service concerné.,"Catégorie: Problème technique
Priorité: Critique
Description: L'utilisateur 548 rencontre un dysfonctionnement avec l'interface.
Solution: Vérification des logs système et redémarrage du service concerné.
Statut: Résolu"
TICKET-0549,Bug logiciel,Critique,Erreur détectée lors de la connexion - Code erreur: 761.,"Identification du bug, correction dans le code et déploiement du patch.","Catégorie: Bug logiciel
Priorité: Critique
Description: Erreur détectée lors de la connexion - Code erreur: 761.
Solution: Identification du bug, correction dans le code et déploiement du patch.
Statut: Résolu"
TICKET-0550,Bug logiciel,Critique,Erreur détectée lors de l'utilisation - Code erreur: 239.,"Identification du bug, correction dans le code et déploiement du patch.","Catégorie: Bug logiciel
Priorité: Critique
Description: Erreur détectée lors de l'utilisation - Code erreur: 239.
Solution: Identification du bug, correction dans le code et déploiement du patch.
Statut: Résolu"
TICKET-0551,Bug logiciel,Critique,Erreur détectée lors de la connexion - Code erreur: 589.,"Identification du bug, correction dans le code et déploiement du patch.","Catégorie: Bug logiciel
Priorité: Critique
Description: Erreur détectée lors de la connexion - Code erreur: 589.
Solution: Identification du bug, correction dans le code et déploiement du patch.
Statut: Résolu"
TICKET-0552,Problème technique,Basse,L'utilisateur 552 rencontre un dysfonctionnement avec l'interface.,Vérification des logs système et redémarrage du service concerné.,"Catégorie: Problème technique
Priorité: Basse
Description: L'utilisateur 552 rencontre un dysfonctionnement avec l'interface.
Solution: Vérification des logs système et redémarrage du service concerné.
Statut: Résolu"
TICKET-0553,Erreur de connexion,Haute,Échec de connexion au serveur database - Timeout après 79 secondes.,Test de connectivité réseau et reconfiguration des paramètres.,"Catégorie: Erreur de connexion
Priorité: Haute
Description: Échec de connexion au serveur database - Timeout après 79 secondes.
Solution: Test de connectivité réseau et reconfiguration des paramètres.
Statut: Résolu"
TICKET-0554,Performance lente,Basse,Temps de réponse très élevé lors de la recherche - 13 secondes.,Optimisation des requêtes et vérification de la charge serveur.,"Catégorie: Performance lente
Priorité: Basse
Description: Temps de réponse très élevé lors de la recherche - 13 secondes.
Solution: Optimisation des requêtes et vérification de la charge serveur.
Statut: Résolu"
TICKET-0555,Accès refusé,Haute,Impossible d'accéder à la base de données - Permissions insuffisantes.,Vérification des permissions utilisateur et mise à jour des droits d'accès.,"Catégorie: Accès refusé
Priorité: Haute
Description: Impossible d'accéder à la base de données - Permissions insuffisantes.
Solution: Vérification des permissions utilisateur et mise à jour des droits d'accès.
Statut: Résolu"
TICKET-0556,Formation utilisateur,Haute,Problème de catégorie Formation utilisateur pour l'utilisateur 556.,Organisation de session de formation et création de guides.,"Catégorie: Formation utilisateur
Priorité: Haute
Description: Problème de catégorie Formation utilisateur pour l'utilisateur 556.
Solution: Organisation de session de formation et création de guides.
Statut: Résolu"
TICKET-0557,Récupération de mot de passe,Normale,Problème de catégorie Récupération de mot de passe pour l'utilisateur 557.,Solution en cours d'élaboration.,"Catégorie: Récupération de mot de passe
Priorité: Normale
Description: Problème de catégorie Récupération de mot de passe pour l'utilisateur 557.
Solution: Solution en cours d'élaboration.
Statut: Résolu"
TICKET-0558,Erreur de connexion,Critique,Échec de connexion au serveur database - Timeout après 31 secondes.,Test de connectivité réseau et reconfiguration des paramètres.,"Catégorie: Erreur de connexion
Priorité: Critique
Description: Échec de connexion au serveur database - Timeout après 31 secondes.
Solution: Test de connectivité réseau et reconfiguration des paramètres.
Statut: Résolu"
TICKET-0559,Performance lente,Basse,Temps de réponse très élevé lors de la connexion - 13 secondes.,Optimisation des requêtes et vérification de la charge serveur.,"Catégorie: Performance lente
Priorité: Basse
Description: Temps de réponse très élevé lors de la connexion - 13 secondes.
Solution: Optimisation des requêtes et vérification de la charge serveur.
Statut: Résolu"
TICKET-0560,Bug logiciel,Normale,Erreur détectée lors de la sauvegarde - Code erreur: 344.,"Identification du bug, correction dans le code et déploiement du patch.","Catégorie: Bug logiciel
Priorité: Normale
Description: Erreur détectée lors de la sauvegarde - Code erreur: 344.
Solution: Identification du bug, correction dans le code et déploiement du patch.
Statut: Résolu"
TICKET-0561,Problème technique,Haute,L'utilisateur 561 rencontre un dysfonctionnement avec l'application.,Vérification des logs système et redémarrage du service concerné.,"Catégorie: Problème technique
Priorité: Haute
Description: L'utilisateur 561 rencontre un dysfonctionnement avec l'application.
Solution: Vérification des logs système et redémarrage du service concerné.
Statut: Résolu"
TICKET-0562,Mise à jour requise,Basse,Problème de catégorie Mise à jour requise pour l'utilisateur 562.,Planification et exécution de la mise à jour système.,"Catégorie: Mise à jour requise
Priorité: Basse
Description: Problème de catégorie Mise à jour requise pour l'utilisateur 562.
Solution: Planification et exécution de la mise à jour système.
Statut: Résolu"
TICKET-0563,Mise à jour requise,Basse,Problème de catégorie Mise à jour requise pour l'utilisateur 563.,Planification et exécution de la mise à jour système.,"Catégorie: Mise à jour requise
Priorité: Basse
Description: Problème de catégorie Mise à jour requise pour l'utilisateur 563.
Solution: Planification et exécution de la mise à jour système.
Statut: Résolu"
TICKET-0564,Récupération de mot de passe,Normale,Problème de catégorie Récupération de mot de passe pour l'utilisateur 564.,Solution en cours d'élaboration.,"Catégorie: Récupération de mot de passe
Priorité: Normale
Description: Problème de catégorie Récupération de mot de passe pour l'utilisateur 564.
Solution: Solution en cours d'élaboration.
Statut: Résolu"
TICKET-0565,Demande d'information,Normale,Demande d'aide pour configurer le système.,Fourniture de la documentation appropriée et explication détaillée.,"Catégorie: Demande d'information
Priorité: Normale
Description: Demande d'aide pour configurer le système.
Solution: Fourniture de la documentation appropriée et explication détaillée.
Statut: Résolu"
TICKET-0566,Bug logiciel,Haute,Erreur détectée lors de la sauvegarde - Code erreur: 500.,"Identification du bug, correction dans le code et déploiement du patch.","Catégorie: Bug logiciel
Priorité: Haute
Description: Erreur détectée lors de la sauvegarde - Code erreur: 500.
Solution: Identification du bug, correction dans le code et déploiement du patch.
Statut: Résolu"
TICKET-0567,Accès refusé,Normale,Impossible d'accéder à la base de données - Permissions insuffisantes.,Vérification des permissions utilisateur et mise à jour des droits d'accès.,"Catégorie: Accès refusé
Priorité: Normale
Description: Impossible d'accéder à la base de données - Permissions insuffisantes.
Solution: Vérification des permissions utilisateur et mise à jour des droits d'accès.
Statut: Résolu"
TICKET-0568,Formation utilisateur,Normale,Problème de catégorie Formation utilisateur pour l'utilisateur 568.,Organisation de session de formation et création de guides.,"Catégorie: Formation utilisateur
Priorité: Normale
Description: Problème de catégorie Formation utilisateur pour l'utilisateur 568.
Solution: Organisation de session de formation et création de guides.
Statut: Résolu"
TICKET-0569,Mise à jour requise,Haute,Problème de catégorie Mise à jour requise pour l'utilisateur 569.,Planification et exécution de la mise à jour système.,"Catégorie: Mise à jour requise
Priorité: Haute
Description: Problème de catégorie Mise à jour requise pour l'utilisateur 569.
Solution: Planification et exécution de la mise à jour système.
Statut: Résolu"
TICKET-0570,Problème technique,Critique,L'utilisateur 570 rencontre un dysfonctionnement avec l'interface.,Vérification des logs système et redémarrage du service concerné.,"Catégorie: Problème technique
Priorité: Critique
Description: L'utilisateur 570 rencontre un dysfonctionnement avec l'interface.
Solution: Vérification des logs système et redémarrage du service concerné.
Statut: Résolu"
TICKET-0571,Récupération de mot de passe,Critique,Problème de catégorie Récupération de mot de passe pour l'utilisateur 571.,Solution en cours d'élaboration.,"Catégorie: Récupération de mot de passe
Priorité: Critique
Description: Problème de catégorie Récupération de mot de passe pour l'utilisateur 571.
Solution: Solution en cours d'élaboration.
Statut: Résolu"
TICKET-0572,Bug logiciel,Haute,Erreur détectée lors de la sauvegarde - Code erreur: 222.,"Identification du bug, correction dans le code et déploiement du patch.","Catégorie: Bug logiciel
Priorité: Haute
Description: Erreur détectée lors de la sauvegarde - Code erreur: 222.
Solution: Identification du bug, correction dans le code et déploiement du patch.
Statut: Résolu"
TICKET-0573,Accès refusé,Haute,Impossible d'accéder à l'application - Permissions insuffisantes.,Vérification des permissions utilisateur et mise à jour des droits d'accès.,"Catégorie: Accès refusé
Priorité: Haute
Description: Impossible d'accéder à l'application - Permissions insuffisantes.
Solution: Vérification des permissions utilisateur et mise à jour des droits d'accès.
Statut: Résolu"
TICKET-0574,Formation utilisateur,Normale,Problème de catégorie Formation utilisateur pour l'utilisateur 574.,Organisation de session de formation et création de guides.,"Catégorie: Formation utilisateur
Priorité: Normale
Description: Problème de catégorie Formation utilisateur pour l'utilisateur 574.
Solution: Organisation de session de formation et création de guides.
Statut: Résolu"
TICKET-0575,Erreur de connexion,Normale,Échec de connexion au serveur email - Timeout après 48 secondes.,Test de connectivité réseau et reconfiguration des paramètres.,"Catégorie: Erreur de connexion
Priorité: Normale
Description: Échec de connexion au serveur email - Timeout après 48 secondes.
Solution: Test de connectivité réseau et reconfiguration des paramètres.
Statut: Résolu"
TICKET-0576,Bug logiciel,Critique,Erreur détectée lors de la connexion - Code erreur: 575.,"Identification du bug, correction dans le code et déploiement du patch.","Catégorie: Bug logiciel
Priorité: Critique
Description: Erreur détectée lors de la connexion - Code erreur: 575.
Solution: Identification du bug, correction dans le code et déploiement du patch.
Statut: Résolu"
TICKET-0577,Erreur de connexion,Haute,Échec de connexion au serveur web - Timeout après 70 secondes.,Test de connectivité réseau et reconfiguration des paramètres.,"Catégorie: Erreur de connexion
Priorité: Haute
Description: Échec de connexion au serveur web - Timeout après 70 secondes.
Solution: Test de connectivité réseau et reconfiguration des paramètres.
Statut: Résolu"
TICKET-0578,Accès refusé,Haute,Impossible d'accéder à le serveur - Permissions insuffisantes.,Vérification des permissions utilisateur et mise à jour des droits d'accès.,"Catégorie: Accès refusé
Priorité: Haute
Description: Impossible d'accéder à le serveur - Permissions insuffisantes.
Solution: Vérification des permissions utilisateur et mise à jour des droits d'accès.
Statut: Résolu"
TICKET-0579,Problème technique,Basse,L'utilisateur 579 rencontre un dysfonctionnement avec l'interface.,Vérification des logs système et redémarrage du service concerné.,"Catégorie: Problème technique
Priorité: Basse
Description: L'utilisateur 579 rencontre un dysfonctionnement avec l'interface.
Solution: Vérification des logs système et redémarrage du service concerné.
Statut: Résolu"
TICKET-0580,Bug logiciel,Critique,Erreur détectée lors de la connexion - Code erreur: 155.,"Identification du bug, correction dans le code et déploiement du patch.","Catégorie: Bug logiciel
Priorité: Critique
Description: Erreur détectée lors de la connexion - Code erreur: 155.
Solution: Identification du bug, correction dans le code et déploiement du patch.
Statut: Résolu"
TICKET-0581,Problème technique,Critique,L'utilisateur 581 rencontre un dysfonctionnement avec l'application.,Vérification des logs système et redémarrage du service concerné.,"Catégorie: Problème technique
Priorité: Critique
Description: L'utilisateur 581 rencontre un dysfonctionnement avec l'application.
Solution: Vérification des logs système et redémarrage du service concerné.
Statut: Résolu"
TICKET-0582,Erreur de connexion,Basse,Échec de connexion au serveur email - Timeout après 33 secondes.,Test de connectivité réseau et reconfiguration des paramètres.,"Catégorie: Erreur de connexion
Priorité: Basse
Description: Échec de connexion au serveur email - Timeout après 33 secondes.
Solution: Test de connectivité réseau et reconfiguration des paramètres.
Statut: Résolu"
TICKET-0583,Récupération de mot de passe,Haute,Problème de catégorie Récupération de mot de passe pour l'utilisateur 583.,Solution en cours d'élaboration.,"Catégorie: Récupération de mot de passe
Priorité: Haute
Description: Problème de catégorie Récupération de mot de passe pour l'utilisateur 583.
Solution: Solution en cours d'élaboration.
Statut: Résolu"
TICKET-0584,Récupération de mot de passe,Haute,Problème de catégorie Récupération de mot de passe pour l'utilisateur 584.,Solution en cours d'élaboration.,"Catégorie: Récupération de mot de passe
Priorité: Haute
Description: Problème de catégorie Récupération de mot de passe pour l'utilisateur 584.
Solution: Solution en cours d'élaboration.
Statut: Résolu"
TICKET-0585,Bug logiciel,Normale,Erreur détectée lors de l'utilisation - Code erreur: 409.,"Identification du bug, correction dans le code et déploiement du patch.","Catégorie: Bug logiciel
Priorité: Normale
Description: Erreur détectée lors de l'utilisation - Code erreur: 409.
Solution: Identification du bug, correction dans le code et déploiement du patch.
Statut: Résolu"
TICKET-0586,Erreur de connexion,Haute,Échec de connexion au serveur database - Timeout après 62 secondes.,Test de connectivité réseau et reconfiguration des paramètres.,"Catégorie: Erreur de connexion
Priorité: Haute
Description: Échec de connexion au serveur database - Timeout après 62 secondes.
Solution: Test de connectivité réseau et reconfiguration des paramètres.
Statut: Résolu"
TICKET-0587,Récupération de mot de passe,Basse,Problème de catégorie Récupération de mot de passe pour l'utilisateur 587.,Solution en cours d'élaboration.,"Catégorie: Récupération de mot de passe
Priorité: Basse
Description: Problème de catégorie Récupération de mot de passe pour l'utilisateur 587.
Solution: Solution en cours d'élaboration.
Statut: Résolu"
TICKET-0588,Bug logiciel,Haute,Erreur détectée lors de la connexion - Code erreur: 560.,"Identification du bug, correction dans le code et déploiement du patch.","Catégorie: Bug logiciel
Priorité: Haute
Description: Erreur détectée lors de la connexion - Code erreur: 560.
Solution: Identification du bug, correction dans le code et déploiement du patch.
Statut: Résolu"
TICKET-0589,Demande d'information,Normale,Demande d'aide pour utiliser le système.,Fourniture de la documentation appropriée et explication détaillée.,"Catégorie: Demande d'information
Priorité: Normale
Description: Demande d'aide pour utiliser le système.
Solution: Fourniture de la documentation appropriée et explication détaillée.
Statut: Résolu"
TICKET-0590,Récupération de mot de passe,Haute,Problème de catégorie Récupération de mot de passe pour l'utilisateur 590.,Solution en cours d'élaboration.,"Catégorie: Récupération de mot de passe
Priorité: Haute
Description: Problème de catégorie Récupération de mot de passe pour l'utilisateur 590.
Solution: Solution en cours d'élaboration.
Statut: Résolu"
TICKET-0591,Mise à jour requise,Haute,Problème de catégorie Mise à jour requise pour l'utilisateur 591.,Planification et exécution de la mise à jour système.,"Catégorie: Mise à jour requise
Priorité: Haute
Description: Problème de catégorie Mise à jour requise pour l'utilisateur 591.
Solution: Planification et exécution de la mise à jour système.
Statut: Résolu"
TICKET-0592,Récupération de mot de passe,Basse,Problème de catégorie Récupération de mot de passe pour l'utilisateur 592.,Solution en cours d'élaboration.,"Catégorie: Récupération de mot de passe
Priorité: Basse
Description: Problème de catégorie Récupération de mot de passe pour l'utilisateur 592.
Solution: Solution en cours d'élaboration.
Statut: Résolu"
TICKET-0593,Erreur de connexion,Haute,Échec de connexion au serveur database - Timeout après 46 secondes.,Test de connectivité réseau et reconfiguration des paramètres.,"Catégorie: Erreur de connexion
Priorité: Haute
Description: Échec de connexion au serveur database - Timeout après 46 secondes.
Solution: Test de connectivité réseau et reconfiguration des paramètres.
Statut: Résolu"
TICKET-0594,Mise à jour requise,Basse,Problème de catégorie Mise à jour requise pour l'utilisateur 594.,Planification et exécution de la mise à jour système.,"Catégorie: Mise à jour requise
Priorité: Basse
Description: Problème de catégorie Mise à jour requise pour l'utilisateur 594.
Solution: Planification et exécution de la mise à jour système.
Statut: Résolu"
TICKET-0595,Bug logiciel,Critique,Erreur détectée lors de la connexion - Code erreur: 865.,"Identification du bug, correction dans le code et déploiement du patch.","Catégorie: Bug logiciel
Priorité: Critique
Description: Erreur détectée lors de la connexion - Code erreur: 865.
Solution: Identification du bug, correction dans le code et déploiement du patch.
Statut: Résolu"
TICKET-0596,Problème technique,Basse,L'utilisateur 596 rencontre un dysfonctionnement avec l'application.,Vérification des logs système et redémarrage du service concerné.,"Catégorie: Problème technique
Priorité: Basse
Description: L'utilisateur 596 rencontre un dysfonctionnement avec l'application.
Solution: Vérification des logs système et redémarrage du service concerné.
Statut: Résolu"
TICKET-0597,Demande d'information,Normale,Demande d'aide pour configurer l'application.,Fourniture de la documentation appropriée et explication détaillée.,"Catégorie: Demande d'information
Priorité: Normale
Description: Demande d'aide pour configurer l'application.
Solution: Fourniture de la documentation appropriée et explication détaillée.
Statut: Résolu"
TICKET-0598,Problème technique,Haute,L'utilisateur 598 rencontre un dysfonctionnement avec le système.,Vérification des logs système et redémarrage du service concerné.,"Catégorie: Problème technique
Priorité: Haute
Description: L'utilisateur 598 rencontre un dysfonctionnement avec le système.
Solution: Vérification des logs système et redémarrage du service concerné.
Statut: Résolu"
TICKET-0599,Bug logiciel,Critique,Erreur détectée lors de l'utilisation - Code erreur: 873.,"Identification du bug, correction dans le code et déploiement du patch.","Catégorie: Bug logiciel
Priorité: Critique
Description: Erreur détectée lors de l'utilisation - Code erreur: 873.
Solution: Identification du bug, correction dans le code et déploiement du patch.
Statut: Résolu"
TICKET-0600,Mise à jour requise,Normale,Problème de catégorie Mise à jour requise pour l'utilisateur 600.,Planification et exécution de la mise à jour système.,"Catégorie: Mise à jour requise
Priorité: Normale
Description: Problème de catégorie Mise à jour requise pour l'utilisateur 600.
Solution: Planification et exécution de la mise à jour système.
Statut: Résolu"
TICKET-0601,Problème technique,Basse,L'utilisateur 601 rencontre un dysfonctionnement avec l'application.,Vérification des logs système et redémarrage du service concerné.,"Catégorie: Problème technique
Priorité: Basse
Description: L'utilisateur 601 rencontre un dysfonctionnement avec l'application.
Solution: Vérification des logs système et redémarrage du service concerné.
Statut: Résolu"
TICKET-0602,Performance lente,Basse,Temps de réponse très élevé lors de l'affichage - 28 secondes.,Optimisation des requêtes et vérification de la charge serveur.,"Catégorie: Performance lente
Priorité: Basse
Description: Temps de réponse très élevé lors de l'affichage - 28 secondes.
Solution: Optimisation des requêtes et vérification de la charge serveur.
Statut: Résolu"
TICKET-0603,Formation utilisateur,Normale,Problème de catégorie Formation utilisateur pour l'utilisateur 603.,Organisation de session de formation et création de guides.,"Catégorie: Formation utilisateur
Priorité: Normale
Description: Problème de catégorie Formation utilisateur pour l'utilisateur 603.
Solution: Organisation de session de formation et création de guides.
Statut: Résolu"
TICKET-0604,Récupération de mot de passe,Normale,Problème de catégorie Récupération de mot de passe pour l'utilisateur 604.,Solution en cours d'élaboration.,"Catégorie: Récupération de mot de passe
Priorité: Normale
Description: Problème de catégorie Récupération de mot de passe pour l'utilisateur 604.
Solution: Solution en cours d'élaboration.
Statut: Résolu"
TICKET-0605,Performance lente,Normale,Temps de réponse très élevé lors de l'affichage - 30 secondes.,Optimisation des requêtes et vérification de la charge serveur.,"Catégorie: Performance lente
Priorité: Normale
Description: Temps de réponse très élevé lors de l'affichage - 30 secondes.
Solution: Optimisation des requêtes et vérification de la charge serveur.
Statut: Résolu"
TICKET-0606,Formation utilisateur,Haute,Problème de catégorie Formation utilisateur pour l'utilisateur 606.,Organisation de session de formation et création de guides.,"Catégorie: Formation utilisateur
Priorité: Haute
Description: Problème de catégorie Formation utilisateur pour l'utilisateur 606.
Solution: Organisation de session de formation et création de guides.
Statut: Résolu"
TICKET-0607,Formation utilisateur,Normale,Problème de catégorie Formation utilisateur pour l'utilisateur 607.,Organisation de session de formation et création de guides.,"Catégorie: Formation utilisateur
Priorité: Normale
Description: Problème de catégorie Formation utilisateur pour l'utilisateur 607.
Solution: Organisation de session de formation et création de guides.
Statut: Résolu"
TICKET-0608,Erreur de connexion,Critique,Échec de connexion au serveur email - Timeout après 35 secondes.,Test de connectivité réseau et reconfiguration des paramètres.,"Catégorie: Erreur de connexion
Priorité: Critique
Description: Échec de connexion au serveur email - Timeout après 35 secondes.
Solution: Test de connectivité réseau et reconfiguration des paramètres.
Statut: Résolu"
TICKET-0609,Accès refusé,Normale,Impossible d'accéder à l'application - Permissions insuffisantes.,Vérification des permissions utilisateur et mise à jour des droits d'accès.,"Catégorie: Accès refusé
Priorité: Normale
Description: Impossible d'accéder à l'application - Permissions insuffisantes.
Solution: Vérification des permissions utilisateur et mise à jour des droits d'accès.
Statut: Résolu"
TICKET-0610,Erreur de connexion,Basse,Échec de connexion au serveur web - Timeout après 48 secondes.,Test de connectivité réseau et reconfiguration des paramètres.,"Catégorie: Erreur de connexion
Priorité: Basse
Description: Échec de connexion au serveur web - Timeout après 48 secondes.
Solution: Test de connectivité réseau et reconfiguration des paramètres.
Statut: Résolu"
TICKET-0611,Demande d'information,Basse,Demande d'aide pour configurer le système.,Fourniture de la documentation appropriée et explication détaillée.,"Catégorie: Demande d'information
Priorité: Basse
Description: Demande d'aide pour configurer le système.
Solution: Fourniture de la documentation appropriée et explication détaillée.
Statut: Résolu"
TICKET-0612,Problème technique,Normale,L'utilisateur 612 rencontre un dysfonctionnement avec le système.,Vérification des logs système et redémarrage du service concerné.,"Catégorie: Problème technique
Priorité: Normale
Description: L'utilisateur 612 rencontre un dysfonctionnement avec le système.
Solution: Vérification des logs système et redémarrage du service concerné.
Statut: Résolu"
TICKET-0613,Accès refusé,Critique,Impossible d'accéder à l'application - Permissions insuffisantes.,Vérification des permissions utilisateur et mise à jour des droits d'accès.,"Catégorie: Accès refusé
Priorité: Critique
Description: Impossible d'accéder à l'application - Permissions insuffisantes.
Solution: Vérification des permissions utilisateur et mise à jour des droits d'accès.
Statut: Résolu"
TICKET-0614,Performance lente,Normale,Temps de réponse très élevé lors de l'affichage - 18 secondes.,Optimisation des requêtes et vérification de la charge serveur.,"Catégorie: Performance lente
Priorité: Normale
Description: Temps de réponse très élevé lors de l'affichage - 18 secondes.
Solution: Optimisation des requêtes et vérification de la charge serveur.
Statut: Résolu"
TICKET-0615,Performance lente,Basse,Temps de réponse très élevé lors de la connexion - 10 secondes.,Optimisation des requêtes et vérification de la charge serveur.,"Catégorie: Performance lente
Priorité: Basse
Description: Temps de réponse très élevé lors de la connexion - 10 secondes.
Solution: Optimisation des requêtes et vérification de la charge serveur.
Statut: Résolu"
TICKET-0616,Demande d'information,Normale,Demande d'aide pour utiliser le système.,Fourniture de la documentation appropriée et explication détaillée.,"Catégorie: Demande d'information
Priorité: Normale
Description: Demande d'aide pour utiliser le système.
Solution: Fourniture de la documentation appropriée et explication détaillée.
Statut: Résolu"
TICKET-0617,Problème technique,Normale,L'utilisateur 617 rencontre un dysfonctionnement avec l'interface.,Vérification des logs système et redémarrage du service concerné.,"Catégorie: Problème technique
Priorité: Normale
Description: L'utilisateur 617 rencontre un dysfonctionnement avec l'interface.
Solution: Vérification des logs système et redémarrage du service concerné.
Statut: Résolu"
TICKET-0618,Performance lente,Basse,Temps de réponse très élevé lors de la recherche - 12 secondes.,Optimisation des requêtes et vérification de la charge serveur.,"Catégorie: Performance lente
Priorité: Basse
Description: Temps de réponse très élevé lors de la recherche - 12 secondes.
Solution: Optimisation des requêtes et vérification de la charge serveur.
Statut: Résolu"
TICKET-0619,Problème technique,Haute,L'utilisateur 619 rencontre un dysfonctionnement avec l'interface.,Vérification des logs système et redémarrage du service concerné.,"Catégorie: Problème technique
Priorité: Haute
Description: L'utilisateur 619 rencontre un dysfonctionnement avec l'interface.
Solution: Vérification des logs système et redémarrage du service concerné.
Statut: Résolu"
TICKET-0620,Demande d'information,Normale,Demande d'aide pour utiliser le système.,Fourniture de la documentation appropriée et explication détaillée.,"Catégorie: Demande d'information
Priorité: Normale
Description: Demande d'aide pour utiliser le système.
Solution: Fourniture de la documentation appropriée et explication détaillée.
Statut: Résolu"
TICKET-0621,Performance lente,Normale,Temps de réponse très élevé lors de la recherche - 7 secondes.,Optimisation des requêtes et vérification de la charge serveur.,"Catégorie: Performance lente
Priorité: Normale
Description: Temps de réponse très élevé lors de la recherche - 7 secondes.
Solution: Optimisation des requêtes et vérification de la charge serveur.
Statut: Résolu"
TICKET-0622,Bug logiciel,Critique,Erreur détectée lors de la connexion - Code erreur: 442.,"Identification du bug, correction dans le code et déploiement du patch.","Catégorie: Bug logiciel
Priorité: Critique
Description: Erreur détectée lors de la connexion - Code erreur: 442.
Solution: Identification du bug, correction dans le code et déploiement du patch.
Statut: Résolu"
TICKET-0623,Mise à jour requise,Critique,Problème de catégorie Mise à jour requise pour l'utilisateur 623.,Planification et exécution de la mise à jour système.,"Catégorie: Mise à jour requise
Priorité: Critique
Description: Problème de catégorie Mise à jour requise pour l'utilisateur 623.
Solution: Planification et exécution de la mise à jour système.
Statut: Résolu"
TICKET-0624,Erreur de connexion,Normale,Échec de connexion au serveur web - Timeout après 54 secondes.,Test de connectivité réseau et reconfiguration des paramètres.,"Catégorie: Erreur de connexion
Priorité: Normale
Description: Échec de connexion au serveur web - Timeout après 54 secondes.
Solution: Test de connectivité réseau et reconfiguration des paramètres.
Statut: Résolu"
TICKET-0625,Erreur de connexion,Normale,Échec de connexion au serveur web - Timeout après 82 secondes.,Test de connectivité réseau et reconfiguration des paramètres.,"Catégorie: Erreur de connexion
Priorité: Normale
Description: Échec de connexion au serveur web - Timeout après 82 secondes.
Solution: Test de connectivité réseau et reconfiguration des paramètres.
Statut: Résolu"
TICKET-0626,Formation utilisateur,Basse,Problème de catégorie Formation utilisateur pour l'utilisateur 626.,Organisation de session de formation et création de guides.,"Catégorie: Formation utilisateur
Priorité: Basse
Description: Problème de catégorie Formation utilisateur pour l'utilisateur 626.
Solution: Organisation de session de formation et création de guides.
Statut: Résolu"
TICKET-0627,Bug logiciel,Basse,Erreur détectée lors de la sauvegarde - Code erreur: 831.,"Identification du bug, correction dans le code et déploiement du patch.","Catégorie: Bug logiciel
Priorité: Basse
Description: Erreur détectée lors de la sauvegarde - Code erreur: 831.
Solution: Identification du bug, correction dans le code et déploiement du patch.
Statut: Résolu"
TICKET-0628,Problème technique,Critique,L'utilisateur 628 rencontre un dysfonctionnement avec le système.,Vérification des logs système et redémarrage du service concerné.,"Catégorie: Problème technique
Priorité: Critique
Description: L'utilisateur 628 rencontre un dysfonctionnement avec le système.
Solution: Vérification des logs système et redémarrage du service concerné.
Statut: Résolu"
TICKET-0629,Accès refusé,Critique,Impossible d'accéder à le serveur - Permissions insuffisantes.,Vérification des permissions utilisateur et mise à jour des droits d'accès.,"Catégorie: Accès refusé
Priorité: Critique
Description: Impossible d'accéder à le serveur - Permissions insuffisantes.
Solution: Vérification des permissions utilisateur et mise à jour des droits d'accès.
Statut: Résolu"
TICKET-0630,Erreur de connexion,Critique,Échec de connexion au serveur database - Timeout après 118 secondes.,Test de connectivité réseau et reconfiguration des paramètres.,"Catégorie: Erreur de connexion
Priorité: Critique
Description: Échec de connexion au serveur database - Timeout après 118 secondes.
Solution: Test de connectivité réseau et reconfiguration des paramètres.
Statut: Résolu"
TICKET-0631,Mise à jour requise,Critique,Problème de catégorie Mise à jour requise pour l'utilisateur 631.,Planification et exécution de la mise à jour système.,"Catégorie: Mise à jour requise
Priorité: Critique
Description: Problème de catégorie Mise à jour requise pour l'utilisateur 631.
Solution: Planification et exécution de la mise à jour système.
Statut: Résolu"
TICKET-0632,Accès refusé,Normale,Impossible d'accéder à la base de données - Permissions insuffisantes.,Vérification des permissions utilisateur et mise à jour des droits d'accès.,"Catégorie: Accès refusé
Priorité: Normale
Description: Impossible d'accéder à la base de données - Permissions insuffisantes.
Solution: Vérification des permissions utilisateur et mise à jour des droits d'accès.
Statut: Résolu"
TICKET-0633,Demande d'information,Basse,Demande d'aide pour comprendre le système.,Fourniture de la documentation appropriée et explication détaillée.,"Catégorie: Demande d'information
Priorité: Basse
Description: Demande d'aide pour comprendre le système.
Solution: Fourniture de la documentation appropriée et explication détaillée.
Statut: Résolu"
TICKET-0634,Récupération de mot de passe,Haute,Problème de catégorie Récupération de mot de passe pour l'utilisateur 634.,Solution en cours d'élaboration.,"Catégorie: Récupération de mot de passe
Priorité: Haute
Description: Problème de catégorie Récupération de mot de passe pour l'utilisateur 634.
Solution: Solution en cours d'élaboration.
Statut: Résolu"
TICKET-0635,Problème technique,Normale,L'utilisateur 635 rencontre un dysfonctionnement avec l'application.,Vérification des logs système et redémarrage du service concerné.,"Catégorie: Problème technique
Priorité: Normale
Description: L'utilisateur 635 rencontre un dysfonctionnement avec l'application.
Solution: Vérification des logs système et redémarrage du service concerné.
Statut: Résolu"
TICKET-0636,Bug logiciel,Critique,Erreur détectée lors de la connexion - Code erreur: 468.,"Identification du bug, correction dans le code et déploiement du patch.","Catégorie: Bug logiciel
Priorité: Critique
Description: Erreur détectée lors de la connexion - Code erreur: 468.
Solution: Identification du bug, correction dans le code et déploiement du patch.
Statut: Résolu"
TICKET-0637,Mise à jour requise,Critique,Problème de catégorie Mise à jour requise pour l'utilisateur 637.,Planification et exécution de la mise à jour système.,"Catégorie: Mise à jour requise
Priorité: Critique
Description: Problème de catégorie Mise à jour requise pour l'utilisateur 637.
Solution: Planification et exécution de la mise à jour système.
Statut: Résolu"
TICKET-0638,Demande d'information,Basse,Demande d'aide pour configurer la fonctionnalité.,Fourniture de la documentation appropriée et explication détaillée.,"Catégorie: Demande d'information
Priorité: Basse
Description: Demande d'aide pour configurer la fonctionnalité.
Solution: Fourniture de la documentation appropriée et explication détaillée.
Statut: Résolu"
TICKET-0639,Mise à jour requise,Haute,Problème de catégorie Mise à jour requise pour l'utilisateur 639.,Planification et exécution de la mise à jour système.,"Catégorie: Mise à jour requise
Priorité: Haute
Description: Problème de catégorie Mise à jour requise pour l'utilisateur 639.
Solution: Planification et exécution de la mise à jour système.
Statut: Résolu"
TICKET-0640,Mise à jour requise,Basse,Problème de catégorie Mise à jour requise pour l'utilisateur 640.,Planification et exécution de la mise à jour système.,"Catégorie: Mise à jour requise
Priorité: Basse
Description: Problème de catégorie Mise à jour requise pour l'utilisateur 640.
Solution: Planification et exécution de la mise à jour système.
Statut: Résolu"
TICKET-0641,Performance lente,Haute,Temps de réponse très élevé lors de la recherche - 11 secondes.,Optimisation des requêtes et vérification de la charge serveur.,"Catégorie: Performance lente
Priorité: Haute
Description: Temps de réponse très élevé lors de la recherche - 11 secondes.
Solution: Optimisation des requêtes et vérification de la charge serveur.
Statut: Résolu"
TICKET-0642,Mise à jour requise,Normale,Problème de catégorie Mise à jour requise pour l'utilisateur 642.,Planification et exécution de la mise à jour système.,"Catégorie: Mise à jour requise
Priorité: Normale
Description: Problème de catégorie Mise à jour requise pour l'utilisateur 642.
Solution: Planification et exécution de la mise à jour système.
Statut: Résolu"
TICKET-0643,Accès refusé,Basse,Impossible d'accéder à la base de données - Permissions insuffisantes.,Vérification des permissions utilisateur et mise à jour des droits d'accès.,"Catégorie: Accès refusé
Priorité: Basse
Description: Impossible d'accéder à la base de données - Permissions insuffisantes.
Solution: Vérification des permissions utilisateur et mise à jour des droits d'accès.
Statut: Résolu"
TICKET-0644,Récupération de mot de passe,Normale,Problème de catégorie Récupération de mot de passe pour l'utilisateur 644.,Solution en cours d'élaboration.,"Catégorie: Récupération de mot de passe
Priorité: Normale
Description: Problème de catégorie Récupération de mot de passe pour l'utilisateur 644.
Solution: Solution en cours d'élaboration.
Statut: Résolu"
TICKET-0645,Récupération de mot de passe,Basse,Problème de catégorie Récupération de mot de passe pour l'utilisateur 645.,Solution en cours d'élaboration.,"Catégorie: Récupération de mot de passe
Priorité: Basse
Description: Problème de catégorie Récupération de mot de passe pour l'utilisateur 645.
Solution: Solution en cours d'élaboration.
Statut: Résolu"
TICKET-0646,Formation utilisateur,Critique,Problème de catégorie Formation utilisateur pour l'utilisateur 646.,Organisation de session de formation et création de guides.,"Catégorie: Formation utilisateur
Priorité: Critique
Description: Problème de catégorie Formation utilisateur pour l'utilisateur 646.
Solution: Organisation de session de formation et création de guides.
Statut: Résolu"
TICKET-0647,Bug logiciel,Basse,Erreur détectée lors de la sauvegarde - Code erreur: 239.,"Identification du bug, correction dans le code et déploiement du patch.","Catégorie: Bug logiciel
Priorité: Basse
Description: Erreur détectée lors de la sauvegarde - Code erreur: 239.
Solution: Identification du bug, correction dans le code et déploiement du patch.
Statut: Résolu"
TICKET-0648,Récupération de mot de passe,Critique,Problème de catégorie Récupération de mot de passe pour l'utilisateur 648.,Solution en cours d'élaboration.,"Catégorie: Récupération de mot de passe
Priorité: Critique
Description: Problème de catégorie Récupération de mot de passe pour l'utilisateur 648.
Solution: Solution en cours d'élaboration.
Statut: Résolu"
TICKET-0649,Formation utilisateur,Normale,Problème de catégorie Formation utilisateur pour l'utilisateur 649.,Organisation de session de formation et création de guides.,"Catégorie: Formation utilisateur
Priorité: Normale
Description: Problème de catégorie Formation utilisateur pour l'utilisateur 649.
Solution: Organisation de session de formation et création de guides.
Statut: Résolu"
TICKET-0650,Erreur de connexion,Critique,Échec de connexion au serveur web - Timeout après 75 secondes.,Test de connectivité réseau et reconfiguration des paramètres.,"Catégorie: Erreur de connexion
Priorité: Critique
Description: Échec de connexion au serveur web - Timeout après 75 secondes.
Solution: Test de connectivité réseau et reconfiguration des paramètres.
Statut: Résolu"
TICKET-0651,Erreur de connexion,Normale,Échec de connexion au serveur database - Timeout après 92 secondes.,Test de connectivité réseau et reconfiguration des paramètres.,"Catégorie: Erreur de connexion
Priorité: Normale
Description: Échec de connexion au serveur database - Timeout après 92 secondes.
Solution: Test de connectivité réseau et reconfiguration des paramètres.
Statut: Résolu"
TICKET-0652,Bug logiciel,Haute,Erreur détectée lors de la sauvegarde - Code erreur: 993.,"Identification du bug, correction dans le code et déploiement du patch.","Catégorie: Bug logiciel
Priorité: Haute
Description: Erreur détectée lors de la sauvegarde - Code erreur: 993.
Solution: Identification du bug, correction dans le code et déploiement du patch.
Statut: Résolu"
TICKET-0653,Problème technique,Critique,L'utilisateur 653 rencontre un dysfonctionnement avec l'application.,Vérification des logs système et redémarrage du service concerné.,"Catégorie: Problème technique
Priorité: Critique
Description: L'utilisateur 653 rencontre un dysfonctionnement avec l'application.
Solution: Vérification des logs système et redémarrage du service concerné.
Statut: Résolu"
TICKET-0654,Récupération de mot de passe,Haute,Problème de catégorie Récupération de mot de passe pour l'utilisateur 654.,Solution en cours d'élaboration.,"Catégorie: Récupération de mot de passe
Priorité: Haute
Description: Problème de catégorie Récupération de mot de passe pour l'utilisateur 654.
Solution: Solution en cours d'élaboration.
Statut: Résolu"
TICKET-0655,Performance lente,Critique,Temps de réponse très élevé lors de l'affichage - 13 secondes.,Optimisation des requêtes et vérification de la charge serveur.,"Catégorie: Performance lente
Priorité: Critique
Description: Temps de réponse très élevé lors de l'affichage - 13 secondes.
Solution: Optimisation des requêtes et vérification de la charge serveur.
Statut: Résolu"
TICKET-0656,Bug logiciel,Normale,Erreur détectée lors de la sauvegarde - Code erreur: 459.,"Identification du bug, correction dans le code et déploiement du patch.","Catégorie: Bug logiciel
Priorité: Normale
Description: Erreur détectée lors de la sauvegarde - Code erreur: 459.
Solution: Identification du bug, correction dans le code et déploiement du patch.
Statut: Résolu"
TICKET-0657,Récupération de mot de passe,Critique,Problème de catégorie Récupération de mot de passe pour l'utilisateur 657.,Solution en cours d'élaboration.,"Catégorie: Récupération de mot de passe
Priorité: Critique
Description: Problème de catégorie Récupération de mot de passe pour l'utilisateur 657.
Solution: Solution en cours d'élaboration.
Statut: Résolu"
TICKET-0658,Récupération de mot de passe,Haute,Problème de catégorie Récupération de mot de passe pour l'utilisateur 658.,Solution en cours d'élaboration.,"Catégorie: Récupération de mot de passe
Priorité: Haute
Description: Problème de catégorie Récupération de mot de passe pour l'utilisateur 658.
Solution: Solution en cours d'élaboration.
Statut: Résolu"
TICKET-0659,Problème technique,Normale,L'utilisateur 659 rencontre un dysfonctionnement avec l'application.,Vérification des logs système et redémarrage du service concerné.,"Catégorie: Problème technique
Priorité: Normale
Description: L'utilisateur 659 rencontre un dysfonctionnement avec l'application.
Solution: Vérification des logs système et redémarrage du service concerné.
Statut: Résolu"
TICKET-0660,Bug logiciel,Basse,Erreur détectée lors de la sauvegarde - Code erreur: 386.,"Identification du bug, correction dans le code et déploiement du patch.","Catégorie: Bug logiciel
Priorité: Basse
Description: Erreur détectée lors de la sauvegarde - Code erreur: 386.
Solution: Identification du bug, correction dans le code et déploiement du patch.
Statut: Résolu"
TICKET-0661,Accès refusé,Basse,Impossible d'accéder à l'application - Permissions insuffisantes.,Vérification des permissions utilisateur et mise à jour des droits d'accès.,"Catégorie: Accès refusé
Priorité: Basse
Description: Impossible d'accéder à l'application - Permissions insuffisantes.
Solution: Vérification des permissions utilisateur et mise à jour des droits d'accès.
Statut: Résolu"
TICKET-0662,Mise à jour requise,Normale,Problème de catégorie Mise à jour requise pour l'utilisateur 662.,Planification et exécution de la mise à jour système.,"Catégorie: Mise à jour requise
Priorité: Normale
Description: Problème de catégorie Mise à jour requise pour l'utilisateur 662.
Solution: Planification et exécution de la mise à jour système.
Statut: Résolu"
TICKET-0663,Erreur de connexion,Critique,Échec de connexion au serveur database - Timeout après 88 secondes.,Test de connectivité réseau et reconfiguration des paramètres.,"Catégorie: Erreur de connexion
Priorité: Critique
Description: Échec de connexion au serveur database - Timeout après 88 secondes.
Solution: Test de connectivité réseau et reconfiguration des paramètres.
Statut: Résolu"
TICKET-0664,Formation utilisateur,Haute,Problème de catégorie Formation utilisateur pour l'utilisateur 664.,Organisation de session de formation et création de guides.,"Catégorie: Formation utilisateur
Priorité: Haute
Description: Problème de catégorie Formation utilisateur pour l'utilisateur 664.
Solution: Organisation de session de formation et création de guides.
Statut: Résolu"
TICKET-0665,Erreur de connexion,Basse,Échec de connexion au serveur email - Timeout après 36 secondes.,Test de connectivité réseau et reconfiguration des paramètres.,"Catégorie: Erreur de connexion
Priorité: Basse
Description: Échec de connexion au serveur email - Timeout après 36 secondes.
Solution: Test de connectivité réseau et reconfiguration des paramètres.
Statut: Résolu"
TICKET-0666,Demande d'information,Basse,Demande d'aide pour configurer la fonctionnalité.,Fourniture de la documentation appropriée et explication détaillée.,"Catégorie: Demande d'information
Priorité: Basse
Description: Demande d'aide pour configurer la fonctionnalité.
Solution: Fourniture de la documentation appropriée et explication détaillée.
Statut: Résolu"
TICKET-0667,Demande d'information,Critique,Demande d'aide pour comprendre l'application.,Fourniture de la documentation appropriée et explication détaillée.,"Catégorie: Demande d'information
Priorité: Critique
Description: Demande d'aide pour comprendre l'application.
Solution: Fourniture de la documentation appropriée et explication détaillée.
Statut: Résolu"
TICKET-0668,Performance lente,Basse,Temps de réponse très élevé lors de la connexion - 11 secondes.,Optimisation des requêtes et vérification de la charge serveur.,"Catégorie: Performance lente
Priorité: Basse
Description: Temps de réponse très élevé lors de la connexion - 11 secondes.
Solution: Optimisation des requêtes et vérification de la charge serveur.
Statut: Résolu"
TICKET-0669,Accès refusé,Haute,Impossible d'accéder à le serveur - Permissions insuffisantes.,Vérification des permissions utilisateur et mise à jour des droits d'accès.,"Catégorie: Accès refusé
Priorité: Haute
Description: Impossible d'accéder à le serveur - Permissions insuffisantes.
Solution: Vérification des permissions utilisateur et mise à jour des droits d'accès.
Statut: Résolu"
TICKET-0670,Bug logiciel,Haute,Erreur détectée lors de l'utilisation - Code erreur: 959.,"Identification du bug, correction dans le code et déploiement du patch.","Catégorie: Bug logiciel
Priorité: Haute
Description: Erreur détectée lors de l'utilisation - Code erreur: 959.
Solution: Identification du bug, correction dans le code et déploiement du patch.
Statut: Résolu"
TICKET-0671,Accès refusé,Haute,Impossible d'accéder à l'application - Permissions insuffisantes.,Vérification des permissions utilisateur et mise à jour des droits d'accès.,"Catégorie: Accès refusé
Priorité: Haute
Description: Impossible d'accéder à l'application - Permissions insuffisantes.
Solution: Vérification des permissions utilisateur et mise à jour des droits d'accès.
Statut: Résolu"
TICKET-0672,Accès refusé,Normale,Impossible d'accéder à l'application - Permissions insuffisantes.,Vérification des permissions utilisateur et mise à jour des droits d'accès.,"Catégorie: Accès refusé
Priorité: Normale
Description: Impossible d'accéder à l'application - Permissions insuffisantes.
Solution: Vérification des permissions utilisateur et mise à jour des droits d'accès.
Statut: Résolu"
TICKET-0673,Récupération de mot de passe,Basse,Problème de catégorie Récupération de mot de passe pour l'utilisateur 673.,Solution en cours d'élaboration.,"Catégorie: Récupération de mot de passe
Priorité: Basse
Description: Problème de catégorie Récupération de mot de passe pour l'utilisateur 673.
Solution: Solution en cours d'élaboration.
Statut: Résolu"
TICKET-0674,Demande d'information,Normale,Demande d'aide pour utiliser l'application.,Fourniture de la documentation appropriée et explication détaillée.,"Catégorie: Demande d'information
Priorité: Normale
Description: Demande d'aide pour utiliser l'application.
Solution: Fourniture de la documentation appropriée et explication détaillée.
Statut: Résolu"
TICKET-0675,Demande d'information,Critique,Demande d'aide pour configurer l'application.,Fourniture de la documentation appropriée et explication détaillée.,"Catégorie: Demande d'information
Priorité: Critique
Description: Demande d'aide pour configurer l'application.
Solution: Fourniture de la documentation appropriée et explication détaillée.
Statut: Résolu"
TICKET-0676,Accès refusé,Basse,Impossible d'accéder à le serveur - Permissions insuffisantes.,Vérification des permissions utilisateur et mise à jour des droits d'accès.,"Catégorie: Accès refusé
Priorité: Basse
Description: Impossible d'accéder à le serveur - Permissions insuffisantes.
Solution: Vérification des permissions utilisateur et mise à jour des droits d'accès.
Statut: Résolu"
TICKET-0677,Performance lente,Basse,Temps de réponse très élevé lors de la connexion - 25 secondes.,Optimisation des requêtes et vérification de la charge serveur.,"Catégorie: Performance lente
Priorité: Basse
Description: Temps de réponse très élevé lors de la connexion - 25 secondes.
Solution: Optimisation des requêtes et vérification de la charge serveur.
Statut: Résolu"
TICKET-0678,Accès refusé,Haute,Impossible d'accéder à la base de données - Permissions insuffisantes.,Vérification des permissions utilisateur et mise à jour des droits d'accès.,"Catégorie: Accès refusé
Priorité: Haute
Description: Impossible d'accéder à la base de données - Permissions insuffisantes.
Solution: Vérification des permissions utilisateur et mise à jour des droits d'accès.
Statut: Résolu"
TICKET-0679,Bug logiciel,Normale,Erreur détectée lors de la connexion - Code erreur: 272.,"Identification du bug, correction dans le code et déploiement du patch.","Catégorie: Bug logiciel
Priorité: Normale
Description: Erreur détectée lors de la connexion - Code erreur: 272.
Solution: Identification du bug, correction dans le code et déploiement du patch.
Statut: Résolu"
TICKET-0680,Accès refusé,Haute,Impossible d'accéder à la base de données - Permissions insuffisantes.,Vérification des permissions utilisateur et mise à jour des droits d'accès.,"Catégorie: Accès refusé
Priorité: Haute
Description: Impossible d'accéder à la base de données - Permissions insuffisantes.
Solution: Vérification des permissions utilisateur et mise à jour des droits d'accès.
Statut: Résolu"
TICKET-0681,Formation utilisateur,Normale,Problème de catégorie Formation utilisateur pour l'utilisateur 681.,Organisation de session de formation et création de guides.,"Catégorie: Formation utilisateur
Priorité: Normale
Description: Problème de catégorie Formation utilisateur pour l'utilisateur 681.
Solution: Organisation de session de formation et création de guides.
Statut: Résolu"
TICKET-0682,Demande d'information,Critique,Demande d'aide pour comprendre la fonctionnalité.,Fourniture de la documentation appropriée et explication détaillée.,"Catégorie: Demande d'information
Priorité: Critique
Description: Demande d'aide pour comprendre la fonctionnalité.
Solution: Fourniture de la documentation appropriée et explication détaillée.
Statut: Résolu"
TICKET-0683,Erreur de connexion,Basse,Échec de connexion au serveur email - Timeout après 63 secondes.,Test de connectivité réseau et reconfiguration des paramètres.,"Catégorie: Erreur de connexion
Priorité: Basse
Description: Échec de connexion au serveur email - Timeout après 63 secondes.
Solution: Test de connectivité réseau et reconfiguration des paramètres.
Statut: Résolu"
TICKET-0684,Accès refusé,Haute,Impossible d'accéder à l'application - Permissions insuffisantes.,Vérification des permissions utilisateur et mise à jour des droits d'accès.,"Catégorie: Accès refusé
Priorité: Haute
Description: Impossible d'accéder à l'application - Permissions insuffisantes.
Solution: Vérification des permissions utilisateur et mise à jour des droits d'accès.
Statut: Résolu"
TICKET-0685,Accès refusé,Critique,Impossible d'accéder à le serveur - Permissions insuffisantes.,Vérification des permissions utilisateur et mise à jour des droits d'accès.,"Catégorie: Accès refusé
Priorité: Critique
Description: Impossible d'accéder à le serveur - Permissions insuffisantes.
Solution: Vérification des permissions utilisateur et mise à jour des droits d'accès.
Statut: Résolu"
TICKET-0686,Erreur de connexion,Haute,Échec de connexion au serveur email - Timeout après 85 secondes.,Test de connectivité réseau et reconfiguration des paramètres.,"Catégorie: Erreur de connexion
Priorité: Haute
Description: Échec de connexion au serveur email - Timeout après 85 secondes.
Solution: Test de connectivité réseau et reconfiguration des paramètres.
Statut: Résolu"
TICKET-0687,Mise à jour requise,Normale,Problème de catégorie Mise à jour requise pour l'utilisateur 687.,Planification et exécution de la mise à jour système.,"Catégorie: Mise à jour requise
Priorité: Normale
Description: Problème de catégorie Mise à jour requise pour l'utilisateur 687.
Solution: Planification et exécution de la mise à jour système.
Statut: Résolu"
TICKET-0688,Bug logiciel,Normale,Erreur détectée lors de la connexion - Code erreur: 226.,"Identification du bug, correction dans le code et déploiement du patch.","Catégorie: Bug logiciel
Priorité: Normale
Description: Erreur détectée lors de la connexion - Code erreur: 226.
Solution: Identification du bug, correction dans le code et déploiement du patch.
Statut: Résolu"
TICKET-0689,Formation utilisateur,Critique,Problème de catégorie Formation utilisateur pour l'utilisateur 689.,Organisation de session de formation et création de guides.,"Catégorie: Formation utilisateur
Priorité: Critique
Description: Problème de catégorie Formation utilisateur pour l'utilisateur 689.
Solution: Organisation de session de formation et création de guides.
Statut: Résolu"
TICKET-0690,Formation utilisateur,Haute,Problème de catégorie Formation utilisateur pour l'utilisateur 690.,Organisation de session de formation et création de guides.,"Catégorie: Formation utilisateur
Priorité: Haute
Description: Problème de catégorie Formation utilisateur pour l'utilisateur 690.
Solution: Organisation de session de formation et création de guides.
Statut: Résolu"
TICKET-0691,Bug logiciel,Basse,Erreur détectée lors de la sauvegarde - Code erreur: 261.,"Identification du bug, correction dans le code et déploiement du patch.","Catégorie: Bug logiciel
Priorité: Basse
Description: Erreur détectée lors de la sauvegarde - Code erreur: 261.
Solution: Identification du bug, correction dans le code et déploiement du patch.
Statut: Résolu"
TICKET-0692,Bug logiciel,Haute,Erreur détectée lors de l'utilisation - Code erreur: 591.,"Identification du bug, correction dans le code et déploiement du patch.","Catégorie: Bug logiciel
Priorité: Haute
Description: Erreur détectée lors de l'utilisation - Code erreur: 591.
Solution: Identification du bug, correction dans le code et déploiement du patch.
Statut: Résolu"
TICKET-0693,Accès refusé,Normale,Impossible d'accéder à le serveur - Permissions insuffisantes.,Vérification des permissions utilisateur et mise à jour des droits d'accès.,"Catégorie: Accès refusé
Priorité: Normale
Description: Impossible d'accéder à le serveur - Permissions insuffisantes.
Solution: Vérification des permissions utilisateur et mise à jour des droits d'accès.
Statut: Résolu"
TICKET-0694,Formation utilisateur,Basse,Problème de catégorie Formation utilisateur pour l'utilisateur 694.,Organisation de session de formation et création de guides.,"Catégorie: Formation utilisateur
Priorité: Basse
Description: Problème de catégorie Formation utilisateur pour l'utilisateur 694.
Solution: Organisation de session de formation et création de guides.
Statut: Résolu"
TICKET-0695,Erreur de connexion,Normale,Échec de connexion au serveur database - Timeout après 117 secondes.,Test de connectivité réseau et reconfiguration des paramètres.,"Catégorie: Erreur de connexion
Priorité: Normale
Description: Échec de connexion au serveur database - Timeout après 117 secondes.
Solution: Test de connectivité réseau et reconfiguration des paramètres.
Statut: Résolu"
TICKET-0696,Performance lente,Basse,Temps de réponse très élevé lors de l'affichage - 6 secondes.,Optimisation des requêtes et vérification de la charge serveur.,"Catégorie: Performance lente
Priorité: Basse
Description: Temps de réponse très élevé lors de l'affichage - 6 secondes.
Solution: Optimisation des requêtes et vérification de la charge serveur.
Statut: Résolu"
TICKET-0697,Demande d'information,Normale,Demande d'aide pour comprendre la fonctionnalité.,Fourniture de la documentation appropriée et explication détaillée.,"Catégorie: Demande d'information
Priorité: Normale
Description: Demande d'aide pour comprendre la fonctionnalité.
Solution: Fourniture de la documentation appropriée et explication détaillée.
Statut: Résolu"
TICKET-0698,Erreur de connexion,Normale,Échec de connexion au serveur database - Timeout après 57 secondes.,Test de connectivité réseau et reconfiguration des paramètres.,"Catégorie: Erreur de connexion
Priorité: Normale
Description: Échec de connexion au serveur database - Timeout après 57 secondes.
Solution: Test de connectivité réseau et reconfiguration des paramètres.
Statut: Résolu"
TICKET-0699,Demande d'information,Critique,Demande d'aide pour comprendre la fonctionnalité.,Fourniture de la documentation appropriée et explication détaillée.,"Catégorie: Demande d'information
Priorité: Critique
Description: Demande d'aide pour comprendre la fonctionnalité.
Solution: Fourniture de la documentation appropriée et explication détaillée.
Statut: Résolu"
TICKET-0700,Formation utilisateur,Haute,Problème de catégorie Formation utilisateur pour l'utilisateur 700.,Organisation de session de formation et création de guides.,"Catégorie: Formation utilisateur
Priorité: Haute
Description: Problème de catégorie Formation utilisateur pour l'utilisateur 700.
Solution: Organisation de session de formation et création de guides.
Statut: Résolu"
TICKET-0701,Formation utilisateur,Normale,Problème de catégorie Formation utilisateur pour l'utilisateur 701.,Organisation de session de formation et création de guides.,"Catégorie: Formation utilisateur
Priorité: Normale
Description: Problème de catégorie Formation utilisateur pour l'utilisateur 701.
Solution: Organisation de session de formation et création de guides.
Statut: Résolu"
TICKET-0702,Performance lente,Critique,Temps de réponse très élevé lors de la connexion - 16 secondes.,Optimisation des requêtes et vérification de la charge serveur.,"Catégorie: Performance lente
Priorité: Critique
Description: Temps de réponse très élevé lors de la connexion - 16 secondes.
Solution: Optimisation des requêtes et vérification de la charge serveur.
Statut: Résolu"
TICKET-0703,Récupération de mot de passe,Haute,Problème de catégorie Récupération de mot de passe pour l'utilisateur 703.,Solution en cours d'élaboration.,"Catégorie: Récupération de mot de passe
Priorité: Haute
Description: Problème de catégorie Récupération de mot de passe pour l'utilisateur 703.
Solution: Solution en cours d'élaboration.
Statut: Résolu"
TICKET-0704,Demande d'information,Normale,Demande d'aide pour comprendre l'application.,Fourniture de la documentation appropriée et explication détaillée.,"Catégorie: Demande d'information
Priorité: Normale
Description: Demande d'aide pour comprendre l'application.
Solution: Fourniture de la documentation appropriée et explication détaillée.
Statut: Résolu"
TICKET-0705,Performance lente,Critique,Temps de réponse très élevé lors de la connexion - 26 secondes.,Optimisation des requêtes et vérification de la charge serveur.,"Catégorie: Performance lente
Priorité: Critique
Description: Temps de réponse très élevé lors de la connexion - 26 secondes.
Solution: Optimisation des requêtes et vérification de la charge serveur.
Statut: Résolu"
TICKET-0706,Problème technique,Basse,L'utilisateur 706 rencontre un dysfonctionnement avec le système.,Vérification des logs système et redémarrage du service concerné.,"Catégorie: Problème technique
Priorité: Basse
Description: L'utilisateur 706 rencontre un dysfonctionnement avec le système.
Solution: Vérification des logs système et redémarrage du service concerné.
Statut: Résolu"
TICKET-0707,Bug logiciel,Normale,Erreur détectée lors de l'utilisation - Code erreur: 835.,"Identification du bug, correction dans le code et déploiement du patch.","Catégorie: Bug logiciel
Priorité: Normale
Description: Erreur détectée lors de l'utilisation - Code erreur: 835.
Solution: Identification du bug, correction dans le code et déploiement du patch.
Statut: Résolu"
TICKET-0708,Récupération de mot de passe,Critique,Problème de catégorie Récupération de mot de passe pour l'utilisateur 708.,Solution en cours d'élaboration.,"Catégorie: Récupération de mot de passe
Priorité: Critique
Description: Problème de catégorie Récupération de mot de passe pour l'utilisateur 708.
Solution: Solution en cours d'élaboration.
Statut: Résolu"
TICKET-0709,Récupération de mot de passe,Normale,Problème de catégorie Récupération de mot de passe pour l'utilisateur 709.,Solution en cours d'élaboration.,"Catégorie: Récupération de mot de passe
Priorité: Normale
Description: Problème de catégorie Récupération de mot de passe pour l'utilisateur 709.
Solution: Solution en cours d'élaboration.
Statut: Résolu"
TICKET-0710,Récupération de mot de passe,Haute,Problème de catégorie Récupération de mot de passe pour l'utilisateur 710.,Solution en cours d'élaboration.,"Catégorie: Récupération de mot de passe
Priorité: Haute
Description: Problème de catégorie Récupération de mot de passe pour l'utilisateur 710.
Solution: Solution en cours d'élaboration.
Statut: Résolu"
TICKET-0711,Performance lente,Normale,Temps de réponse très élevé lors de la connexion - 26 secondes.,Optimisation des requêtes et vérification de la charge serveur.,"Catégorie: Performance lente
Priorité: Normale
Description: Temps de réponse très élevé lors de la connexion - 26 secondes.
Solution: Optimisation des requêtes et vérification de la charge serveur.
Statut: Résolu"
TICKET-0712,Performance lente,Critique,Temps de réponse très élevé lors de la connexion - 17 secondes.,Optimisation des requêtes et vérification de la charge serveur.,"Catégorie: Performance lente
Priorité: Critique
Description: Temps de réponse très élevé lors de la connexion - 17 secondes.
Solution: Optimisation des requêtes et vérification de la charge serveur.
Statut: Résolu"
TICKET-0713,Performance lente,Critique,Temps de réponse très élevé lors de la recherche - 25 secondes.,Optimisation des requêtes et vérification de la charge serveur.,"Catégorie: Performance lente
Priorité: Critique
Description: Temps de réponse très élevé lors de la recherche - 25 secondes.
Solution: Optimisation des requêtes et vérification de la charge serveur.
Statut: Résolu"
TICKET-0714,Performance lente,Basse,Temps de réponse très élevé lors de la connexion - 23 secondes.,Optimisation des requêtes et vérification de la charge serveur.,"Catégorie: Performance lente
Priorité: Basse
Description: Temps de réponse très élevé lors de la connexion - 23 secondes.
Solution: Optimisation des requêtes et vérification de la charge serveur.
Statut: Résolu"
TICKET-0715,Mise à jour requise,Haute,Problème de catégorie Mise à jour requise pour l'utilisateur 715.,Planification et exécution de la mise à jour système.,"Catégorie: Mise à jour requise
Priorité: Haute
Description: Problème de catégorie Mise à jour requise pour l'utilisateur 715.
Solution: Planification et exécution de la mise à jour système.
Statut: Résolu"
TICKET-0716,Bug logiciel,Haute,Erreur détectée lors de la connexion - Code erreur: 467.,"Identification du bug, correction dans le code et déploiement du patch.","Catégorie: Bug logiciel
Priorité: Haute
Description: Erreur détectée lors de la connexion - Code erreur: 467.
Solution: Identification du bug, correction dans le code et déploiement du patch.
Statut: Résolu"
TICKET-0717,Formation utilisateur,Basse,Problème de catégorie Formation utilisateur pour l'utilisateur 717.,Organisation de session de formation et création de guides.,"Catégorie: Formation utilisateur
Priorité: Basse
Description: Problème de catégorie Formation utilisateur pour l'utilisateur 717.
Solution: Organisation de session de formation et création de guides.
Statut: Résolu"
TICKET-0718,Demande d'information,Haute,Demande d'aide pour utiliser la fonctionnalité.,Fourniture de la documentation appropriée et explication détaillée.,"Catégorie: Demande d'information
Priorité: Haute
Description: Demande d'aide pour utiliser la fonctionnalité.
Solution: Fourniture de la documentation appropriée et explication détaillée.
Statut: Résolu"
TICKET-0719,Récupération de mot de passe,Critique,Problème de catégorie Récupération de mot de passe pour l'utilisateur 719.,Solution en cours d'élaboration.,"Catégorie: Récupération de mot de passe
Priorité: Critique
Description: Problème de catégorie Récupération de mot de passe pour l'utilisateur 719.
Solution: Solution en cours d'élaboration.
Statut: Résolu"
TICKET-0720,Bug logiciel,Normale,Erreur détectée lors de la connexion - Code erreur: 544.,"Identification du bug, correction dans le code et déploiement du patch.","Catégorie: Bug logiciel
Priorité: Normale
Description: Erreur détectée lors de la connexion - Code erreur: 544.
Solution: Identification du bug, correction dans le code et déploiement du patch.
Statut: Résolu"
TICKET-0721,Problème technique,Basse,L'utilisateur 721 rencontre un dysfonctionnement avec l'application.,Vérification des logs système et redémarrage du service concerné.,"Catégorie: Problème technique
Priorité: Basse
Description: L'utilisateur 721 rencontre un dysfonctionnement avec l'application.
Solution: Vérification des logs système et redémarrage du service concerné.
Statut: Résolu"
TICKET-0722,Accès refusé,Basse,Impossible d'accéder à la base de données - Permissions insuffisantes.,Vérification des permissions utilisateur et mise à jour des droits d'accès.,"Catégorie: Accès refusé
Priorité: Basse
Description: Impossible d'accéder à la base de données - Permissions insuffisantes.
Solution: Vérification des permissions utilisateur et mise à jour des droits d'accès.
Statut: Résolu"
TICKET-0723,Accès refusé,Critique,Impossible d'accéder à l'application - Permissions insuffisantes.,Vérification des permissions utilisateur et mise à jour des droits d'accès.,"Catégorie: Accès refusé
Priorité: Critique
Description: Impossible d'accéder à l'application - Permissions insuffisantes.
Solution: Vérification des permissions utilisateur et mise à jour des droits d'accès.
Statut: Résolu"
TICKET-0724,Problème technique,Normale,L'utilisateur 724 rencontre un dysfonctionnement avec l'application.,Vérification des logs système et redémarrage du service concerné.,"Catégorie: Problème technique
Priorité: Normale
Description: L'utilisateur 724 rencontre un dysfonctionnement avec l'application.
Solution: Vérification des logs système et redémarrage du service concerné.
Statut: Résolu"
TICKET-0725,Récupération de mot de passe,Critique,Problème de catégorie Récupération de mot de passe pour l'utilisateur 725.,Solution en cours d'élaboration.,"Catégorie: Récupération de mot de passe
Priorité: Critique
Description: Problème de catégorie Récupération de mot de passe pour l'utilisateur 725.
Solution: Solution en cours d'élaboration.
Statut: Résolu"
TICKET-0726,Formation utilisateur,Critique,Problème de catégorie Formation utilisateur pour l'utilisateur 726.,Organisation de session de formation et création de guides.,"Catégorie: Formation utilisateur
Priorité: Critique
Description: Problème de catégorie Formation utilisateur pour l'utilisateur 726.
Solution: Organisation de session de formation et création de guides.
Statut: Résolu"
TICKET-0727,Performance lente,Basse,Temps de réponse très élevé lors de la recherche - 28 secondes.,Optimisation des requêtes et vérification de la charge serveur.,"Catégorie: Performance lente
Priorité: Basse
Description: Temps de réponse très élevé lors de la recherche - 28 secondes.
Solution: Optimisation des requêtes et vérification de la charge serveur.
Statut: Résolu"
TICKET-0728,Accès refusé,Normale,Impossible d'accéder à la base de données - Permissions insuffisantes.,Vérification des permissions utilisateur et mise à jour des droits d'accès.,"Catégorie: Accès refusé
Priorité: Normale
Description: Impossible d'accéder à la base de données - Permissions insuffisantes.
Solution: Vérification des permissions utilisateur et mise à jour des droits d'accès.
Statut: Résolu"
TICKET-0729,Mise à jour requise,Critique,Problème de catégorie Mise à jour requise pour l'utilisateur 729.,Planification et exécution de la mise à jour système.,"Catégorie: Mise à jour requise
Priorité: Critique
Description: Problème de catégorie Mise à jour requise pour l'utilisateur 729.
Solution: Planification et exécution de la mise à jour système.
Statut: Résolu"
TICKET-0730,Problème technique,Basse,L'utilisateur 730 rencontre un dysfonctionnement avec le système.,Vérification des logs système et redémarrage du service concerné.,"Catégorie: Problème technique
Priorité: Basse
Description: L'utilisateur 730 rencontre un dysfonctionnement avec le système.
Solution: Vérification des logs système et redémarrage du service concerné.
Statut: Résolu"
TICKET-0731,Accès refusé,Haute,Impossible d'accéder à le serveur - Permissions insuffisantes.,Vérification des permissions utilisateur et mise à jour des droits d'accès.,"Catégorie: Accès refusé
Priorité: Haute
Description: Impossible d'accéder à le serveur - Permissions insuffisantes.
Solution: Vérification des permissions utilisateur et mise à jour des droits d'accès.
Statut: Résolu"
TICKET-0732,Performance lente,Basse,Temps de réponse très élevé lors de la recherche - 19 secondes.,Optimisation des requêtes et vérification de la charge serveur.,"Catégorie: Performance lente
Priorité: Basse
Description: Temps de réponse très élevé lors de la recherche - 19 secondes.
Solution: Optimisation des requêtes et vérification de la charge serveur.
Statut: Résolu"
TICKET-0733,Demande d'information,Critique,Demande d'aide pour utiliser l'application.,Fourniture de la documentation appropriée et explication détaillée.,"Catégorie: Demande d'information
Priorité: Critique
Description: Demande d'aide pour utiliser l'application.
Solution: Fourniture de la documentation appropriée et explication détaillée.
Statut: Résolu"
TICKET-0734,Formation utilisateur,Basse,Problème de catégorie Formation utilisateur pour l'utilisateur 734.,Organisation de session de formation et création de guides.,"Catégorie: Formation utilisateur
Priorité: Basse
Description: Problème de catégorie Formation utilisateur pour l'utilisateur 734.
Solution: Organisation de session de formation et création de guides.
Statut: Résolu"
TICKET-0735,Demande d'information,Normale,Demande d'aide pour utiliser la fonctionnalité.,Fourniture de la documentation appropriée et explication détaillée.,"Catégorie: Demande d'information
Priorité: Normale
Description: Demande d'aide pour utiliser la fonctionnalité.
Solution: Fourniture de la documentation appropriée et explication détaillée.
Statut: Résolu"
TICKET-0736,Accès refusé,Basse,Impossible d'accéder à la base de données - Permissions insuffisantes.,Vérification des permissions utilisateur et mise à jour des droits d'accès.,"Catégorie: Accès refusé
Priorité: Basse
Description: Impossible d'accéder à la base de données - Permissions insuffisantes.
Solution: Vérification des permissions utilisateur et mise à jour des droits d'accès.
Statut: Résolu"
TICKET-0737,Mise à jour requise,Critique,Problème de catégorie Mise à jour requise pour l'utilisateur 737.,Planification et exécution de la mise à jour système.,"Catégorie: Mise à jour requise
Priorité: Critique
Description: Problème de catégorie Mise à jour requise pour l'utilisateur 737.
Solution: Planification et exécution de la mise à jour système.
Statut: Résolu"
TICKET-0738,Performance lente,Normale,Temps de réponse très élevé lors de la connexion - 26 secondes.,Optimisation des requêtes et vérification de la charge serveur.,"Catégorie: Performance lente
Priorité: Normale
Description: Temps de réponse très élevé lors de la connexion - 26 secondes.
Solution: Optimisation des requêtes et vérification de la charge serveur.
Statut: Résolu"
TICKET-0739,Performance lente,Haute,Temps de réponse très élevé lors de la connexion - 16 secondes.,Optimisation des requêtes et vérification de la charge serveur.,"Catégorie: Performance lente
Priorité: Haute
Description: Temps de réponse très élevé lors de la connexion - 16 secondes.
Solution: Optimisation des requêtes et vérification de la charge serveur.
Statut: Résolu"
TICKET-0740,Récupération de mot de passe,Haute,Problème de catégorie Récupération de mot de passe pour l'utilisateur 740.,Solution en cours d'élaboration.,"Catégorie: Récupération de mot de passe
Priorité: Haute
Description: Problème de catégorie Récupération de mot de passe pour l'utilisateur 740.
Solution: Solution en cours d'élaboration.
Statut: Résolu"
TICKET-0741,Demande d'information,Haute,Demande d'aide pour comprendre l'application.,Fourniture de la documentation appropriée et explication détaillée.,"Catégorie: Demande d'information
Priorité: Haute
Description: Demande d'aide pour comprendre l'application.
Solution: Fourniture de la documentation appropriée et explication détaillée.
Statut: Résolu"
TICKET-0742,Accès refusé,Haute,Impossible d'accéder à l'application - Permissions insuffisantes.,Vérification des permissions utilisateur et mise à jour des droits d'accès.,"Catégorie: Accès refusé
Priorité: Haute
Description: Impossible d'accéder à l'application - Permissions insuffisantes.
Solution: Vérification des permissions utilisateur et mise à jour des droits d'accès.
Statut: Résolu"
TICKET-0743,Problème technique,Haute,L'utilisateur 743 rencontre un dysfonctionnement avec l'application.,Vérification des logs système et redémarrage du service concerné.,"Catégorie: Problème technique
Priorité: Haute
Description: L'utilisateur 743 rencontre un dysfonctionnement avec l'application.
Solution: Vérification des logs système et redémarrage du service concerné.
Statut: Résolu"
TICKET-0744,Demande d'information,Haute,Demande d'aide pour utiliser le système.,Fourniture de la documentation appropriée et explication détaillée.,"Catégorie: Demande d'information
Priorité: Haute
Description: Demande d'aide pour utiliser le système.
Solution: Fourniture de la documentation appropriée et explication détaillée.
Statut: Résolu"
TICKET-0745,Problème technique,Haute,L'utilisateur 745 rencontre un dysfonctionnement avec le système.,Vérification des logs système et redémarrage du service concerné.,"Catégorie: Problème technique
Priorité: Haute
Description: L'utilisateur 745 rencontre un dysfonctionnement avec le système.
Solution: Vérification des logs système et redémarrage du service concerné.
Statut: Résolu"
TICKET-0746,Erreur de connexion,Normale,Échec de connexion au serveur web - Timeout après 119 secondes.,Test de connectivité réseau et reconfiguration des paramètres.,"Catégorie: Erreur de connexion
Priorité: Normale
Description: Échec de connexion au serveur web - Timeout après 119 secondes.
Solution: Test de connectivité réseau et reconfiguration des paramètres.
Statut: Résolu"
TICKET-0747,Performance lente,Basse,Temps de réponse très élevé lors de la connexion - 23 secondes.,Optimisation des requêtes et vérification de la charge serveur.,"Catégorie: Performance lente
Priorité: Basse
Description: Temps de réponse très élevé lors de la connexion - 23 secondes.
Solution: Optimisation des requêtes et vérification de la charge serveur.
Statut: Résolu"
TICKET-0748,Accès refusé,Normale,Impossible d'accéder à l'application - Permissions insuffisantes.,Vérification des permissions utilisateur et mise à jour des droits d'accès.,"Catégorie: Accès refusé
Priorité: Normale
Description: Impossible d'accéder à l'application - Permissions insuffisantes.
Solution: Vérification des permissions utilisateur et mise à jour des droits d'accès.
Statut: Résolu"
TICKET-0749,Accès refusé,Normale,Impossible d'accéder à le serveur - Permissions insuffisantes.,Vérification des permissions utilisateur et mise à jour des droits d'accès.,"Catégorie: Accès refusé
Priorité: Normale
Description: Impossible d'accéder à le serveur - Permissions insuffisantes.
Solution: Vérification des permissions utilisateur et mise à jour des droits d'accès.
Statut: Résolu"
TICKET-0750,Mise à jour requise,Basse,Problème de catégorie Mise à jour requise pour l'utilisateur 750.,Planification et exécution de la mise à jour système.,"Catégorie: Mise à jour requise
Priorité: Basse
Description: Problème de catégorie Mise à jour requise pour l'utilisateur 750.
Solution: Planification et exécution de la mise à jour système.
Statut: Résolu"
TICKET-0751,Problème technique,Basse,L'utilisateur 751 rencontre un dysfonctionnement avec l'application.,Vérification des logs système et redémarrage du service concerné.,"Catégorie: Problème technique
Priorité: Basse
Description: L'utilisateur 751 rencontre un dysfonctionnement avec l'application.
Solution: Vérification des logs système et redémarrage du service concerné.
Statut: Résolu"
TICKET-0752,Récupération de mot de passe,Haute,Problème de catégorie Récupération de mot de passe pour l'utilisateur 752.,Solution en cours d'élaboration.,"Catégorie: Récupération de mot de passe
Priorité: Haute
Description: Problème de catégorie Récupération de mot de passe pour l'utilisateur 752.
Solution: Solution en cours d'élaboration.
Statut: Résolu"
TICKET-0753,Accès refusé,Critique,Impossible d'accéder à le serveur - Permissions insuffisantes.,Vérification des permissions utilisateur et mise à jour des droits d'accès.,"Catégorie: Accès refusé
Priorité: Critique
Description: Impossible d'accéder à le serveur - Permissions insuffisantes.
Solution: Vérification des permissions utilisateur et mise à jour des droits d'accès.
Statut: Résolu"
TICKET-0754,Erreur de connexion,Critique,Échec de connexion au serveur email - Timeout après 113 secondes.,Test de connectivité réseau et reconfiguration des paramètres.,"Catégorie: Erreur de connexion
Priorité: Critique
Description: Échec de connexion au serveur email - Timeout après 113 secondes.
Solution: Test de connectivité réseau et reconfiguration des paramètres.
Statut: Résolu"
TICKET-0755,Bug logiciel,Normale,Erreur détectée lors de l'utilisation - Code erreur: 811.,"Identification du bug, correction dans le code et déploiement du patch.","Catégorie: Bug logiciel
Priorité: Normale
Description: Erreur détectée lors de l'utilisation - Code erreur: 811.
Solution: Identification du bug, correction dans le code et déploiement du patch.
Statut: Résolu"
TICKET-0756,Formation utilisateur,Critique,Problème de catégorie Formation utilisateur pour l'utilisateur 756.,Organisation de session de formation et création de guides.,"Catégorie: Formation utilisateur
Priorité: Critique
Description: Problème de catégorie Formation utilisateur pour l'utilisateur 756.
Solution: Organisation de session de formation et création de guides.
Statut: Résolu"
TICKET-0757,Demande d'information,Critique,Demande d'aide pour comprendre le système.,Fourniture de la documentation appropriée et explication détaillée.,"Catégorie: Demande d'information
Priorité: Critique
Description: Demande d'aide pour comprendre le système.
Solution: Fourniture de la documentation appropriée et explication détaillée.
Statut: Résolu"
TICKET-0758,Mise à jour requise,Normale,Problème de catégorie Mise à jour requise pour l'utilisateur 758.,Planification et exécution de la mise à jour système.,"Catégorie: Mise à jour requise
Priorité: Normale
Description: Problème de catégorie Mise à jour requise pour l'utilisateur 758.
Solution: Planification et exécution de la mise à jour système.
Statut: Résolu"
TICKET-0759,Problème technique,Haute,L'utilisateur 759 rencontre un dysfonctionnement avec l'interface.,Vérification des logs système et redémarrage du service concerné.,"Catégorie: Problème technique
Priorité: Haute
Description: L'utilisateur 759 rencontre un dysfonctionnement avec l'interface.
Solution: Vérification des logs système et redémarrage du service concerné.
Statut: Résolu"
TICKET-0760,Accès refusé,Critique,Impossible d'accéder à l'application - Permissions insuffisantes.,Vérification des permissions utilisateur et mise à jour des droits d'accès.,"Catégorie: Accès refusé
Priorité: Critique
Description: Impossible d'accéder à l'application - Permissions insuffisantes.
Solution: Vérification des permissions utilisateur et mise à jour des droits d'accès.
Statut: Résolu"
TICKET-0761,Erreur de connexion,Haute,Échec de connexion au serveur email - Timeout après 38 secondes.,Test de connectivité réseau et reconfiguration des paramètres.,"Catégorie: Erreur de connexion
Priorité: Haute
Description: Échec de connexion au serveur email - Timeout après 38 secondes.
Solution: Test de connectivité réseau et reconfiguration des paramètres.
Statut: Résolu"
TICKET-0762,Mise à jour requise,Haute,Problème de catégorie Mise à jour requise pour l'utilisateur 762.,Planification et exécution de la mise à jour système.,"Catégorie: Mise à jour requise
Priorité: Haute
Description: Problème de catégorie Mise à jour requise pour l'utilisateur 762.
Solution: Planification et exécution de la mise à jour système.
Statut: Résolu"
TICKET-0763,Formation utilisateur,Basse,Problème de catégorie Formation utilisateur pour l'utilisateur 763.,Organisation de session de formation et création de guides.,"Catégorie: Formation utilisateur
Priorité: Basse
Description: Problème de catégorie Formation utilisateur pour l'utilisateur 763.
Solution: Organisation de session de formation et création de guides.
Statut: Résolu"
TICKET-0764,Bug logiciel,Normale,Erreur détectée lors de la connexion - Code erreur: 180.,"Identification du bug, correction dans le code et déploiement du patch.","Catégorie: Bug logiciel
Priorité: Normale
Description: Erreur détectée lors de la connexion - Code erreur: 180.
Solution: Identification du bug, correction dans le code et déploiement du patch.
Statut: Résolu"
TICKET-0765,Bug logiciel,Basse,Erreur détectée lors de l'utilisation - Code erreur: 333.,"Identification du bug, correction dans le code et déploiement du patch.","Catégorie: Bug logiciel
Priorité: Basse
Description: Erreur détectée lors de l'utilisation - Code erreur: 333.
Solution: Identification du bug, correction dans le code et déploiement du patch.
Statut: Résolu"
TICKET-0766,Erreur de connexion,Critique,Échec de connexion au serveur database - Timeout après 64 secondes.,Test de connectivité réseau et reconfiguration des paramètres.,"Catégorie: Erreur de connexion
Priorité: Critique
Description: Échec de connexion au serveur database - Timeout après 64 secondes.
Solution: Test de connectivité réseau et reconfiguration des paramètres.
Statut: Résolu"
TICKET-0767,Accès refusé,Basse,Impossible d'accéder à la base de données - Permissions insuffisantes.,Vérification des permissions utilisateur et mise à jour des droits d'accès.,"Catégorie: Accès refusé
Priorité: Basse
Description: Impossible d'accéder à la base de données - Permissions insuffisantes.
Solution: Vérification des permissions utilisateur et mise à jour des droits d'accès.
Statut: Résolu"
TICKET-0768,Mise à jour requise,Normale,Problème de catégorie Mise à jour requise pour l'utilisateur 768.,Planification et exécution de la mise à jour système.,"Catégorie: Mise à jour requise
Priorité: Normale
Description: Problème de catégorie Mise à jour requise pour l'utilisateur 768.
Solution: Planification et exécution de la mise à jour système.
Statut: Résolu"
TICKET-0769,Performance lente,Haute,Temps de réponse très élevé lors de l'affichage - 29 secondes.,Optimisation des requêtes et vérification de la charge serveur.,"Catégorie: Performance lente
Priorité: Haute
Description: Temps de réponse très élevé lors de l'affichage - 29 secondes.
Solution: Optimisation des requêtes et vérification de la charge serveur.
Statut: Résolu"
TICKET-0770,Récupération de mot de passe,Haute,Problème de catégorie Récupération de mot de passe pour l'utilisateur 770.,Solution en cours d'élaboration.,"Catégorie: Récupération de mot de passe
Priorité: Haute
Description: Problème de catégorie Récupération de mot de passe pour l'utilisateur 770.
Solution: Solution en cours d'élaboration.
Statut: Résolu"
TICKET-0771,Erreur de connexion,Haute,Échec de connexion au serveur email - Timeout après 64 secondes.,Test de connectivité réseau et reconfiguration des paramètres.,"Catégorie: Erreur de connexion
Priorité: Haute
Description: Échec de connexion au serveur email - Timeout après 64 secondes.
Solution: Test de connectivité réseau et reconfiguration des paramètres.
Statut: Résolu"
TICKET-0772,Bug logiciel,Normale,Erreur détectée lors de la connexion - Code erreur: 346.,"Identification du bug, correction dans le code et déploiement du patch.","Catégorie: Bug logiciel
Priorité: Normale
Description: Erreur détectée lors de la connexion - Code erreur: 346.
Solution: Identification du bug, correction dans le code et déploiement du patch.
Statut: Résolu"
TICKET-0773,Bug logiciel,Critique,Erreur détectée lors de la sauvegarde - Code erreur: 230.,"Identification du bug, correction dans le code et déploiement du patch.","Catégorie: Bug logiciel
Priorité: Critique
Description: Erreur détectée lors de la sauvegarde - Code erreur: 230.
Solution: Identification du bug, correction dans le code et déploiement du patch.
Statut: Résolu"
TICKET-0774,Récupération de mot de passe,Haute,Problème de catégorie Récupération de mot de passe pour l'utilisateur 774.,Solution en cours d'élaboration.,"Catégorie: Récupération de mot de passe
Priorité: Haute
Description: Problème de catégorie Récupération de mot de passe pour l'utilisateur 774.
Solution: Solution en cours d'élaboration.
Statut: Résolu"
TICKET-0775,Récupération de mot de passe,Critique,Problème de catégorie Récupération de mot de passe pour l'utilisateur 775.,Solution en cours d'élaboration.,"Catégorie: Récupération de mot de passe
Priorité: Critique
Description: Problème de catégorie Récupération de mot de passe pour l'utilisateur 775.
Solution: Solution en cours d'élaboration.
Statut: Résolu"
TICKET-0776,Bug logiciel,Critique,Erreur détectée lors de la connexion - Code erreur: 643.,"Identification du bug, correction dans le code et déploiement du patch.","Catégorie: Bug logiciel
Priorité: Critique
Description: Erreur détectée lors de la connexion - Code erreur: 643.
Solution: Identification du bug, correction dans le code et déploiement du patch.
Statut: Résolu"
TICKET-0777,Récupération de mot de passe,Critique,Problème de catégorie Récupération de mot de passe pour l'utilisateur 777.,Solution en cours d'élaboration.,"Catégorie: Récupération de mot de passe
Priorité: Critique
Description: Problème de catégorie Récupération de mot de passe pour l'utilisateur 777.
Solution: Solution en cours d'élaboration.
Statut: Résolu"
TICKET-0778,Formation utilisateur,Basse,Problème de catégorie Formation utilisateur pour l'utilisateur 778.,Organisation de session de formation et création de guides.,"Catégorie: Formation utilisateur
Priorité: Basse
Description: Problème de catégorie Formation utilisateur pour l'utilisateur 778.
Solution: Organisation de session de formation et création de guides.
Statut: Résolu"
TICKET-0779,Mise à jour requise,Haute,Problème de catégorie Mise à jour requise pour l'utilisateur 779.,Planification et exécution de la mise à jour système.,"Catégorie: Mise à jour requise
Priorité: Haute
Description: Problème de catégorie Mise à jour requise pour l'utilisateur 779.
Solution: Planification et exécution de la mise à jour système.
Statut: Résolu"
TICKET-0780,Récupération de mot de passe,Basse,Problème de catégorie Récupération de mot de passe pour l'utilisateur 780.,Solution en cours d'élaboration.,"Catégorie: Récupération de mot de passe
Priorité: Basse
Description: Problème de catégorie Récupération de mot de passe pour l'utilisateur 780.
Solution: Solution en cours d'élaboration.
Statut: Résolu"
TICKET-0781,Formation utilisateur,Critique,Problème de catégorie Formation utilisateur pour l'utilisateur 781.,Organisation de session de formation et création de guides.,"Catégorie: Formation utilisateur
Priorité: Critique
Description: Problème de catégorie Formation utilisateur pour l'utilisateur 781.
Solution: Organisation de session de formation et création de guides.
Statut: Résolu"
TICKET-0782,Mise à jour requise,Haute,Problème de catégorie Mise à jour requise pour l'utilisateur 782.,Planification et exécution de la mise à jour système.,"Catégorie: Mise à jour requise
Priorité: Haute
Description: Problème de catégorie Mise à jour requise pour l'utilisateur 782.
Solution: Planification et exécution de la mise à jour système.
Statut: Résolu"
TICKET-0783,Performance lente,Normale,Temps de réponse très élevé lors de la connexion - 22 secondes.,Optimisation des requêtes et vérification de la charge serveur.,"Catégorie: Performance lente
Priorité: Normale
Description: Temps de réponse très élevé lors de la connexion - 22 secondes.
Solution: Optimisation des requêtes et vérification de la charge serveur.
Statut: Résolu"
TICKET-0784,Performance lente,Normale,Temps de réponse très élevé lors de l'affichage - 26 secondes.,Optimisation des requêtes et vérification de la charge serveur.,"Catégorie: Performance lente
Priorité: Normale
Description: Temps de réponse très élevé lors de l'affichage - 26 secondes.
Solution: Optimisation des requêtes et vérification de la charge serveur.
Statut: Résolu"
TICKET-0785,Demande d'information,Critique,Demande d'aide pour comprendre l'application.,Fourniture de la documentation appropriée et explication détaillée.,"Catégorie: Demande d'information
Priorité: Critique
Description: Demande d'aide pour comprendre l'application.
Solution: Fourniture de la documentation appropriée et explication détaillée.
Statut: Résolu"
TICKET-0786,Formation utilisateur,Basse,Problème de catégorie Formation utilisateur pour l'utilisateur 786.,Organisation de session de formation et création de guides.,"Catégorie: Formation utilisateur
Priorité: Basse
Description: Problème de catégorie Formation utilisateur pour l'utilisateur 786.
Solution: Organisation de session de formation et création de guides.
Statut: Résolu"
TICKET-0787,Performance lente,Critique,Temps de réponse très élevé lors de l'affichage - 16 secondes.,Optimisation des requêtes et vérification de la charge serveur.,"Catégorie: Performance lente
Priorité: Critique
Description: Temps de réponse très élevé lors de l'affichage - 16 secondes.
Solution: Optimisation des requêtes et vérification de la charge serveur.
Statut: Résolu"
TICKET-0788,Récupération de mot de passe,Normale,Problème de catégorie Récupération de mot de passe pour l'utilisateur 788.,Solution en cours d'élaboration.,"Catégorie: Récupération de mot de passe
Priorité: Normale
Description: Problème de catégorie Récupération de mot de passe pour l'utilisateur 788.
Solution: Solution en cours d'élaboration.
Statut: Résolu"
TICKET-0789,Mise à jour requise,Critique,Problème de catégorie Mise à jour requise pour l'utilisateur 789.,Planification et exécution de la mise à jour système.,"Catégorie: Mise à jour requise
Priorité: Critique
Description: Problème de catégorie Mise à jour requise pour l'utilisateur 789.
Solution: Planification et exécution de la mise à jour système.
Statut: Résolu"
TICKET-0790,Formation utilisateur,Critique,Problème de catégorie Formation utilisateur pour l'utilisateur 790.,Organisation de session de formation et création de guides.,"Catégorie: Formation utilisateur
Priorité: Critique
Description: Problème de catégorie Formation utilisateur pour l'utilisateur 790.
Solution: Organisation de session de formation et création de guides.
Statut: Résolu"
TICKET-0791,Mise à jour requise,Critique,Problème de catégorie Mise à jour requise pour l'utilisateur 791.,Planification et exécution de la mise à jour système.,"Catégorie: Mise à jour requise
Priorité: Critique
Description: Problème de catégorie Mise à jour requise pour l'utilisateur 791.
Solution: Planification et exécution de la mise à jour système.
Statut: Résolu"
TICKET-0792,Problème technique,Basse,L'utilisateur 792 rencontre un dysfonctionnement avec l'interface.,Vérification des logs système et redémarrage du service concerné.,"Catégorie: Problème technique
Priorité: Basse
Description: L'utilisateur 792 rencontre un dysfonctionnement avec l'interface.
Solution: Vérification des logs système et redémarrage du service concerné.
Statut: Résolu"
TICKET-0793,Erreur de connexion,Haute,Échec de connexion au serveur database - Timeout après 52 secondes.,Test de connectivité réseau et reconfiguration des paramètres.,"Catégorie: Erreur de connexion
Priorité: Haute
Description: Échec de connexion au serveur database - Timeout après 52 secondes.
Solution: Test de connectivité réseau et reconfiguration des paramètres.
Statut: Résolu"
TICKET-0794,Récupération de mot de passe,Normale,Problème de catégorie Récupération de mot de passe pour l'utilisateur 794.,Solution en cours d'élaboration.,"Catégorie: Récupération de mot de passe
Priorité: Normale
Description: Problème de catégorie Récupération de mot de passe pour l'utilisateur 794.
Solution: Solution en cours d'élaboration.
Statut: Résolu"
TICKET-0795,Récupération de mot de passe,Normale,Problème de catégorie Récupération de mot de passe pour l'utilisateur 795.,Solution en cours d'élaboration.,"Catégorie: Récupération de mot de passe
Priorité: Normale
Description: Problème de catégorie Récupération de mot de passe pour l'utilisateur 795.
Solution: Solution en cours d'élaboration.
Statut: Résolu"
TICKET-0796,Performance lente,Basse,Temps de réponse très élevé lors de la connexion - 7 secondes.,Optimisation des requêtes et vérification de la charge serveur.,"Catégorie: Performance lente
Priorité: Basse
Description: Temps de réponse très élevé lors de la connexion - 7 secondes.
Solution: Optimisation des requêtes et vérification de la charge serveur.
Statut: Résolu"
TICKET-0797,Formation utilisateur,Critique,Problème de catégorie Formation utilisateur pour l'utilisateur 797.,Organisation de session de formation et création de guides.,"Catégorie: Formation utilisateur
Priorité: Critique
Description: Problème de catégorie Formation utilisateur pour l'utilisateur 797.
Solution: Organisation de session de formation et création de guides.
Statut: Résolu"
TICKET-0798,Bug logiciel,Haute,Erreur détectée lors de la sauvegarde - Code erreur: 171.,"Identification du bug, correction dans le code et déploiement du patch.","Catégorie: Bug logiciel
Priorité: Haute
Description: Erreur détectée lors de la sauvegarde - Code erreur: 171.
Solution: Identification du bug, correction dans le code et déploiement du patch.
Statut: Résolu"
TICKET-0799,Accès refusé,Normale,Impossible d'accéder à la base de données - Permissions insuffisantes.,Vérification des permissions utilisateur et mise à jour des droits d'accès.,"Catégorie: Accès refusé
Priorité: Normale
Description: Impossible d'accéder à la base de données - Permissions insuffisantes.
Solution: Vérification des permissions utilisateur et mise à jour des droits d'accès.
Statut: Résolu"
TICKET-0800,Performance lente,Basse,Temps de réponse très élevé lors de la recherche - 20 secondes.,Optimisation des requêtes et vérification de la charge serveur.,"Catégorie: Performance lente
Priorité: Basse
Description: Temps de réponse très élevé lors de la recherche - 20 secondes.
Solution: Optimisation des requêtes et vérification de la charge serveur.
Statut: Résolu"
TICKET-0801,Erreur de connexion,Basse,Échec de connexion au serveur database - Timeout après 67 secondes.,Test de connectivité réseau et reconfiguration des paramètres.,"Catégorie: Erreur de connexion
Priorité: Basse
Description: Échec de connexion au serveur database - Timeout après 67 secondes.
Solution: Test de connectivité réseau et reconfiguration des paramètres.
Statut: Résolu"
TICKET-0802,Demande d'information,Haute,Demande d'aide pour comprendre l'application.,Fourniture de la documentation appropriée et explication détaillée.,"Catégorie: Demande d'information
Priorité: Haute
Description: Demande d'aide pour comprendre l'application.
Solution: Fourniture de la documentation appropriée et explication détaillée.
Statut: Résolu"
TICKET-0803,Récupération de mot de passe,Basse,Problème de catégorie Récupération de mot de passe pour l'utilisateur 803.,Solution en cours d'élaboration.,"Catégorie: Récupération de mot de passe
Priorité: Basse
Description: Problème de catégorie Récupération de mot de passe pour l'utilisateur 803.
Solution: Solution en cours d'élaboration.
Statut: Résolu"
TICKET-0804,Mise à jour requise,Haute,Problème de catégorie Mise à jour requise pour l'utilisateur 804.,Planification et exécution de la mise à jour système.,"Catégorie: Mise à jour requise
Priorité: Haute
Description: Problème de catégorie Mise à jour requise pour l'utilisateur 804.
Solution: Planification et exécution de la mise à jour système.
Statut: Résolu"
TICKET-0805,Erreur de connexion,Critique,Échec de connexion au serveur email - Timeout après 112 secondes.,Test de connectivité réseau et reconfiguration des paramètres.,"Catégorie: Erreur de connexion
Priorité: Critique
Description: Échec de connexion au serveur email - Timeout après 112 secondes.
Solution: Test de connectivité réseau et reconfiguration des paramètres.
Statut: Résolu"
TICKET-0806,Problème technique,Haute,L'utilisateur 806 rencontre un dysfonctionnement avec l'application.,Vérification des logs système et redémarrage du service concerné.,"Catégorie: Problème technique
Priorité: Haute
Description: L'utilisateur 806 rencontre un dysfonctionnement avec l'application.
Solution: Vérification des logs système et redémarrage du service concerné.
Statut: Résolu"
TICKET-0807,Performance lente,Haute,Temps de réponse très élevé lors de la connexion - 19 secondes.,Optimisation des requêtes et vérification de la charge serveur.,"Catégorie: Performance lente
Priorité: Haute
Description: Temps de réponse très élevé lors de la connexion - 19 secondes.
Solution: Optimisation des requêtes et vérification de la charge serveur.
Statut: Résolu"
TICKET-0808,Bug logiciel,Normale,Erreur détectée lors de la sauvegarde - Code erreur: 543.,"Identification du bug, correction dans le code et déploiement du patch.","Catégorie: Bug logiciel
Priorité: Normale
Description: Erreur détectée lors de la sauvegarde - Code erreur: 543.
Solution: Identification du bug, correction dans le code et déploiement du patch.
Statut: Résolu"
TICKET-0809,Récupération de mot de passe,Haute,Problème de catégorie Récupération de mot de passe pour l'utilisateur 809.,Solution en cours d'élaboration.,"Catégorie: Récupération de mot de passe
Priorité: Haute
Description: Problème de catégorie Récupération de mot de passe pour l'utilisateur 809.
Solution: Solution en cours d'élaboration.
Statut: Résolu"
TICKET-0810,Mise à jour requise,Normale,Problème de catégorie Mise à jour requise pour l'utilisateur 810.,Planification et exécution de la mise à jour système.,"Catégorie: Mise à jour requise
Priorité: Normale
Description: Problème de catégorie Mise à jour requise pour l'utilisateur 810.
Solution: Planification et exécution de la mise à jour système.
Statut: Résolu"
TICKET-0811,Problème technique,Basse,L'utilisateur 811 rencontre un dysfonctionnement avec l'interface.,Vérification des logs système et redémarrage du service concerné.,"Catégorie: Problème technique
Priorité: Basse
Description: L'utilisateur 811 rencontre un dysfonctionnement avec l'interface.
Solution: Vérification des logs système et redémarrage du service concerné.
Statut: Résolu"
TICKET-0812,Bug logiciel,Critique,Erreur détectée lors de la sauvegarde - Code erreur: 666.,"Identification du bug, correction dans le code et déploiement du patch.","Catégorie: Bug logiciel
Priorité: Critique
Description: Erreur détectée lors de la sauvegarde - Code erreur: 666.
Solution: Identification du bug, correction dans le code et déploiement du patch.
Statut: Résolu"
TICKET-0813,Performance lente,Basse,Temps de réponse très élevé lors de la recherche - 8 secondes.,Optimisation des requêtes et vérification de la charge serveur.,"Catégorie: Performance lente
Priorité: Basse
Description: Temps de réponse très élevé lors de la recherche - 8 secondes.
Solution: Optimisation des requêtes et vérification de la charge serveur.
Statut: Résolu"
TICKET-0814,Accès refusé,Basse,Impossible d'accéder à l'application - Permissions insuffisantes.,Vérification des permissions utilisateur et mise à jour des droits d'accès.,"Catégorie: Accès refusé
Priorité: Basse
Description: Impossible d'accéder à l'application - Permissions insuffisantes.
Solution: Vérification des permissions utilisateur et mise à jour des droits d'accès.
Statut: Résolu"
TICKET-0815,Performance lente,Critique,Temps de réponse très élevé lors de l'affichage - 8 secondes.,Optimisation des requêtes et vérification de la charge serveur.,"Catégorie: Performance lente
Priorité: Critique
Description: Temps de réponse très élevé lors de l'affichage - 8 secondes.
Solution: Optimisation des requêtes et vérification de la charge serveur.
Statut: Résolu"
TICKET-0816,Bug logiciel,Normale,Erreur détectée lors de l'utilisation - Code erreur: 162.,"Identification du bug, correction dans le code et déploiement du patch.","Catégorie: Bug logiciel
Priorité: Normale
Description: Erreur détectée lors de l'utilisation - Code erreur: 162.
Solution: Identification du bug, correction dans le code et déploiement du patch.
Statut: Résolu"
TICKET-0817,Récupération de mot de passe,Basse,Problème de catégorie Récupération de mot de passe pour l'utilisateur 817.,Solution en cours d'élaboration.,"Catégorie: Récupération de mot de passe
Priorité: Basse
Description: Problème de catégorie Récupération de mot de passe pour l'utilisateur 817.
Solution: Solution en cours d'élaboration.
Statut: Résolu"
TICKET-0818,Demande d'information,Critique,Demande d'aide pour utiliser le système.,Fourniture de la documentation appropriée et explication détaillée.,"Catégorie: Demande d'information
Priorité: Critique
Description: Demande d'aide pour utiliser le système.
Solution: Fourniture de la documentation appropriée et explication détaillée.
Statut: Résolu"
TICKET-0819,Mise à jour requise,Normale,Problème de catégorie Mise à jour requise pour l'utilisateur 819.,Planification et exécution de la mise à jour système.,"Catégorie: Mise à jour requise
Priorité: Normale
Description: Problème de catégorie Mise à jour requise pour l'utilisateur 819.
Solution: Planification et exécution de la mise à jour système.
Statut: Résolu"
TICKET-0820,Mise à jour requise,Haute,Problème de catégorie Mise à jour requise pour l'utilisateur 820.,Planification et exécution de la mise à jour système.,"Catégorie: Mise à jour requise
Priorité: Haute
Description: Problème de catégorie Mise à jour requise pour l'utilisateur 820.
Solution: Planification et exécution de la mise à jour système.
Statut: Résolu"
TICKET-0821,Performance lente,Basse,Temps de réponse très élevé lors de la recherche - 8 secondes.,Optimisation des requêtes et vérification de la charge serveur.,"Catégorie: Performance lente
Priorité: Basse
Description: Temps de réponse très élevé lors de la recherche - 8 secondes.
Solution: Optimisation des requêtes et vérification de la charge serveur.
Statut: Résolu"
TICKET-0822,Récupération de mot de passe,Normale,Problème de catégorie Récupération de mot de passe pour l'utilisateur 822.,Solution en cours d'élaboration.,"Catégorie: Récupération de mot de passe
Priorité: Normale
Description: Problème de catégorie Récupération de mot de passe pour l'utilisateur 822.
Solution: Solution en cours d'élaboration.
Statut: Résolu"
TICKET-0823,Bug logiciel,Normale,Erreur détectée lors de la connexion - Code erreur: 304.,"Identification du bug, correction dans le code et déploiement du patch.","Catégorie: Bug logiciel
Priorité: Normale
Description: Erreur détectée lors de la connexion - Code erreur: 304.
Solution: Identification du bug, correction dans le code et déploiement du patch.
Statut: Résolu"
TICKET-0824,Récupération de mot de passe,Critique,Problème de catégorie Récupération de mot de passe pour l'utilisateur 824.,Solution en cours d'élaboration.,"Catégorie: Récupération de mot de passe
Priorité: Critique
Description: Problème de catégorie Récupération de mot de passe pour l'utilisateur 824.
Solution: Solution en cours d'élaboration.
Statut: Résolu"
TICKET-0825,Accès refusé,Normale,Impossible d'accéder à le serveur - Permissions insuffisantes.,Vérification des permissions utilisateur et mise à jour des droits d'accès.,"Catégorie: Accès refusé
Priorité: Normale
Description: Impossible d'accéder à le serveur - Permissions insuffisantes.
Solution: Vérification des permissions utilisateur et mise à jour des droits d'accès.
Statut: Résolu"
TICKET-0826,Récupération de mot de passe,Basse,Problème de catégorie Récupération de mot de passe pour l'utilisateur 826.,Solution en cours d'élaboration.,"Catégorie: Récupération de mot de passe
Priorité: Basse
Description: Problème de catégorie Récupération de mot de passe pour l'utilisateur 826.
Solution: Solution en cours d'élaboration.
Statut: Résolu"
TICKET-0827,Formation utilisateur,Normale,Problème de catégorie Formation utilisateur pour l'utilisateur 827.,Organisation de session de formation et création de guides.,"Catégorie: Formation utilisateur
Priorité: Normale
Description: Problème de catégorie Formation utilisateur pour l'utilisateur 827.
Solution: Organisation de session de formation et création de guides.
Statut: Résolu"
TICKET-0828,Mise à jour requise,Normale,Problème de catégorie Mise à jour requise pour l'utilisateur 828.,Planification et exécution de la mise à jour système.,"Catégorie: Mise à jour requise
Priorité: Normale
Description: Problème de catégorie Mise à jour requise pour l'utilisateur 828.
Solution: Planification et exécution de la mise à jour système.
Statut: Résolu"
TICKET-0829,Problème technique,Critique,L'utilisateur 829 rencontre un dysfonctionnement avec le système.,Vérification des logs système et redémarrage du service concerné.,"Catégorie: Problème technique
Priorité: Critique
Description: L'utilisateur 829 rencontre un dysfonctionnement avec le système.
Solution: Vérification des logs système et redémarrage du service concerné.
Statut: Résolu"
TICKET-0830,Demande d'information,Critique,Demande d'aide pour comprendre le système.,Fourniture de la documentation appropriée et explication détaillée.,"Catégorie: Demande d'information
Priorité: Critique
Description: Demande d'aide pour comprendre le système.
Solution: Fourniture de la documentation appropriée et explication détaillée.
Statut: Résolu"
TICKET-0831,Récupération de mot de passe,Normale,Problème de catégorie Récupération de mot de passe pour l'utilisateur 831.,Solution en cours d'élaboration.,"Catégorie: Récupération de mot de passe
Priorité: Normale
Description: Problème de catégorie Récupération de mot de passe pour l'utilisateur 831.
Solution: Solution en cours d'élaboration.
Statut: Résolu"
TICKET-0832,Performance lente,Critique,Temps de réponse très élevé lors de l'affichage - 10 secondes.,Optimisation des requêtes et vérification de la charge serveur.,"Catégorie: Performance lente
Priorité: Critique
Description: Temps de réponse très élevé lors de l'affichage - 10 secondes.
Solution: Optimisation des requêtes et vérification de la charge serveur.
Statut: Résolu"
TICKET-0833,Erreur de connexion,Normale,Échec de connexion au serveur database - Timeout après 94 secondes.,Test de connectivité réseau et reconfiguration des paramètres.,"Catégorie: Erreur de connexion
Priorité: Normale
Description: Échec de connexion au serveur database - Timeout après 94 secondes.
Solution: Test de connectivité réseau et reconfiguration des paramètres.
Statut: Résolu"
TICKET-0834,Mise à jour requise,Basse,Problème de catégorie Mise à jour requise pour l'utilisateur 834.,Planification et exécution de la mise à jour système.,"Catégorie: Mise à jour requise
Priorité: Basse
Description: Problème de catégorie Mise à jour requise pour l'utilisateur 834.
Solution: Planification et exécution de la mise à jour système.
Statut: Résolu"
TICKET-0835,Demande d'information,Normale,Demande d'aide pour configurer la fonctionnalité.,Fourniture de la documentation appropriée et explication détaillée.,"Catégorie: Demande d'information
Priorité: Normale
Description: Demande d'aide pour configurer la fonctionnalité.
Solution: Fourniture de la documentation appropriée et explication détaillée.
Statut: Résolu"
TICKET-0836,Bug logiciel,Critique,Erreur détectée lors de la connexion - Code erreur: 386.,"Identification du bug, correction dans le code et déploiement du patch.","Catégorie: Bug logiciel
Priorité: Critique
Description: Erreur détectée lors de la connexion - Code erreur: 386.
Solution: Identification du bug, correction dans le code et déploiement du patch.
Statut: Résolu"
TICKET-0837,Performance lente,Haute,Temps de réponse très élevé lors de la recherche - 26 secondes.,Optimisation des requêtes et vérification de la charge serveur.,"Catégorie: Performance lente
Priorité: Haute
Description: Temps de réponse très élevé lors de la recherche - 26 secondes.
Solution: Optimisation des requêtes et vérification de la charge serveur.
Statut: Résolu"
TICKET-0838,Bug logiciel,Normale,Erreur détectée lors de la connexion - Code erreur: 482.,"Identification du bug, correction dans le code et déploiement du patch.","Catégorie: Bug logiciel
Priorité: Normale
Description: Erreur détectée lors de la connexion - Code erreur: 482.
Solution: Identification du bug, correction dans le code et déploiement du patch.
Statut: Résolu"
TICKET-0839,Demande d'information,Normale,Demande d'aide pour comprendre le système.,Fourniture de la documentation appropriée et explication détaillée.,"Catégorie: Demande d'information
Priorité: Normale
Description: Demande d'aide pour comprendre le système.
Solution: Fourniture de la documentation appropriée et explication détaillée.
Statut: Résolu"
TICKET-0840,Erreur de connexion,Haute,Échec de connexion au serveur database - Timeout après 79 secondes.,Test de connectivité réseau et reconfiguration des paramètres.,"Catégorie: Erreur de connexion
Priorité: Haute
Description: Échec de connexion au serveur database - Timeout après 79 secondes.
Solution: Test de connectivité réseau et reconfiguration des paramètres.
Statut: Résolu"
TICKET-0841,Bug logiciel,Critique,Erreur détectée lors de la connexion - Code erreur: 606.,"Identification du bug, correction dans le code et déploiement du patch.","Catégorie: Bug logiciel
Priorité: Critique
Description: Erreur détectée lors de la connexion - Code erreur: 606.
Solution: Identification du bug, correction dans le code et déploiement du patch.
Statut: Résolu"
TICKET-0842,Erreur de connexion,Basse,Échec de connexion au serveur email - Timeout après 87 secondes.,Test de connectivité réseau et reconfiguration des paramètres.,"Catégorie: Erreur de connexion
Priorité: Basse
Description: Échec de connexion au serveur email - Timeout après 87 secondes.
Solution: Test de connectivité réseau et reconfiguration des paramètres.
Statut: Résolu"
TICKET-0843,Demande d'information,Normale,Demande d'aide pour comprendre le système.,Fourniture de la documentation appropriée et explication détaillée.,"Catégorie: Demande d'information
Priorité: Normale
Description: Demande d'aide pour comprendre le système.
Solution: Fourniture de la documentation appropriée et explication détaillée.
Statut: Résolu"
TICKET-0844,Accès refusé,Critique,Impossible d'accéder à la base de données - Permissions insuffisantes.,Vérification des permissions utilisateur et mise à jour des droits d'accès.,"Catégorie: Accès refusé
Priorité: Critique
Description: Impossible d'accéder à la base de données - Permissions insuffisantes.
Solution: Vérification des permissions utilisateur et mise à jour des droits d'accès.
Statut: Résolu"
TICKET-0845,Bug logiciel,Critique,Erreur détectée lors de la sauvegarde - Code erreur: 423.,"Identification du bug, correction dans le code et déploiement du patch.","Catégorie: Bug logiciel
Priorité: Critique
Description: Erreur détectée lors de la sauvegarde - Code erreur: 423.
Solution: Identification du bug, correction dans le code et déploiement du patch.
Statut: Résolu"
TICKET-0846,Erreur de connexion,Basse,Échec de connexion au serveur database - Timeout après 45 secondes.,Test de connectivité réseau et reconfiguration des paramètres.,"Catégorie: Erreur de connexion
Priorité: Basse
Description: Échec de connexion au serveur database - Timeout après 45 secondes.
Solution: Test de connectivité réseau et reconfiguration des paramètres.
Statut: Résolu"
TICKET-0847,Formation utilisateur,Normale,Problème de catégorie Formation utilisateur pour l'utilisateur 847.,Organisation de session de formation et création de guides.,"Catégorie: Formation utilisateur
Priorité: Normale
Description: Problème de catégorie Formation utilisateur pour l'utilisateur 847.
Solution: Organisation de session de formation et création de guides.
Statut: Résolu"
TICKET-0848,Bug logiciel,Normale,Erreur détectée lors de la sauvegarde - Code erreur: 816.,"Identification du bug, correction dans le code et déploiement du patch.","Catégorie: Bug logiciel
Priorité: Normale
Description: Erreur détectée lors de la sauvegarde - Code erreur: 816.
Solution: Identification du bug, correction dans le code et déploiement du patch.
Statut: Résolu"
TICKET-0849,Récupération de mot de passe,Normale,Problème de catégorie Récupération de mot de passe pour l'utilisateur 849.,Solution en cours d'élaboration.,"Catégorie: Récupération de mot de passe
Priorité: Normale
Description: Problème de catégorie Récupération de mot de passe pour l'utilisateur 849.
Solution: Solution en cours d'élaboration.
Statut: Résolu"
TICKET-0850,Performance lente,Critique,Temps de réponse très élevé lors de l'affichage - 10 secondes.,Optimisation des requêtes et vérification de la charge serveur.,"Catégorie: Performance lente
Priorité: Critique
Description: Temps de réponse très élevé lors de l'affichage - 10 secondes.
Solution: Optimisation des requêtes et vérification de la charge serveur.
Statut: Résolu"
TICKET-0851,Performance lente,Normale,Temps de réponse très élevé lors de la recherche - 14 secondes.,Optimisation des requêtes et vérification de la charge serveur.,"Catégorie: Performance lente
Priorité: Normale
Description: Temps de réponse très élevé lors de la recherche - 14 secondes.
Solution: Optimisation des requêtes et vérification de la charge serveur.
Statut: Résolu"
TICKET-0852,Demande d'information,Haute,Demande d'aide pour comprendre la fonctionnalité.,Fourniture de la documentation appropriée et explication détaillée.,"Catégorie: Demande d'information
Priorité: Haute
Description: Demande d'aide pour comprendre la fonctionnalité.
Solution: Fourniture de la documentation appropriée et explication détaillée.
Statut: Résolu"
TICKET-0853,Récupération de mot de passe,Critique,Problème de catégorie Récupération de mot de passe pour l'utilisateur 853.,Solution en cours d'élaboration.,"Catégorie: Récupération de mot de passe
Priorité: Critique
Description: Problème de catégorie Récupération de mot de passe pour l'utilisateur 853.
Solution: Solution en cours d'élaboration.
Statut: Résolu"
TICKET-0854,Accès refusé,Normale,Impossible d'accéder à la base de données - Permissions insuffisantes.,Vérification des permissions utilisateur et mise à jour des droits d'accès.,"Catégorie: Accès refusé
Priorité: Normale
Description: Impossible d'accéder à la base de données - Permissions insuffisantes.
Solution: Vérification des permissions utilisateur et mise à jour des droits d'accès.
Statut: Résolu"
TICKET-0855,Récupération de mot de passe,Haute,Problème de catégorie Récupération de mot de passe pour l'utilisateur 855.,Solution en cours d'élaboration.,"Catégorie: Récupération de mot de passe
Priorité: Haute
Description: Problème de catégorie Récupération de mot de passe pour l'utilisateur 855.
Solution: Solution en cours d'élaboration.
Statut: Résolu"
TICKET-0856,Erreur de connexion,Normale,Échec de connexion au serveur web - Timeout après 34 secondes.,Test de connectivité réseau et reconfiguration des paramètres.,"Catégorie: Erreur de connexion
Priorité: Normale
Description: Échec de connexion au serveur web - Timeout après 34 secondes.
Solution: Test de connectivité réseau et reconfiguration des paramètres.
Statut: Résolu"
TICKET-0857,Erreur de connexion,Basse,Échec de connexion au serveur email - Timeout après 115 secondes.,Test de connectivité réseau et reconfiguration des paramètres.,"Catégorie: Erreur de connexion
Priorité: Basse
Description: Échec de connexion au serveur email - Timeout après 115 secondes.
Solution: Test de connectivité réseau et reconfiguration des paramètres.
Statut: Résolu"
TICKET-0858,Erreur de connexion,Critique,Échec de connexion au serveur email - Timeout après 57 secondes.,Test de connectivité réseau et reconfiguration des paramètres.,"Catégorie: Erreur de connexion
Priorité: Critique
Description: Échec de connexion au serveur email - Timeout après 57 secondes.
Solution: Test de connectivité réseau et reconfiguration des paramètres.
Statut: Résolu"
TICKET-0859,Accès refusé,Basse,Impossible d'accéder à la base de données - Permissions insuffisantes.,Vérification des permissions utilisateur et mise à jour des droits d'accès.,"Catégorie: Accès refusé
Priorité: Basse
Description: Impossible d'accéder à la base de données - Permissions insuffisantes.
Solution: Vérification des permissions utilisateur et mise à jour des droits d'accès.
Statut: Résolu"
TICKET-0860,Erreur de connexion,Haute,Échec de connexion au serveur database - Timeout après 71 secondes.,Test de connectivité réseau et reconfiguration des paramètres.,"Catégorie: Erreur de connexion
Priorité: Haute
Description: Échec de connexion au serveur database - Timeout après 71 secondes.
Solution: Test de connectivité réseau et reconfiguration des paramètres.
Statut: Résolu"
TICKET-0861,Erreur de connexion,Critique,Échec de connexion au serveur web - Timeout après 37 secondes.,Test de connectivité réseau et reconfiguration des paramètres.,"Catégorie: Erreur de connexion
Priorité: Critique
Description: Échec de connexion au serveur web - Timeout après 37 secondes.
Solution: Test de connectivité réseau et reconfiguration des paramètres.
Statut: Résolu"
TICKET-0862,Problème technique,Critique,L'utilisateur 862 rencontre un dysfonctionnement avec l'application.,Vérification des logs système et redémarrage du service concerné.,"Catégorie: Problème technique
Priorité: Critique
Description: L'utilisateur 862 rencontre un dysfonctionnement avec l'application.
Solution: Vérification des logs système et redémarrage du service concerné.
Statut: Résolu"
TICKET-0863,Mise à jour requise,Haute,Problème de catégorie Mise à jour requise pour l'utilisateur 863.,Planification et exécution de la mise à jour système.,"Catégorie: Mise à jour requise
Priorité: Haute
Description: Problème de catégorie Mise à jour requise pour l'utilisateur 863.
Solution: Planification et exécution de la mise à jour système.
Statut: Résolu"
TICKET-0864,Problème technique,Normale,L'utilisateur 864 rencontre un dysfonctionnement avec le système.,Vérification des logs système et redémarrage du service concerné.,"Catégorie: Problème technique
Priorité: Normale
Description: L'utilisateur 864 rencontre un dysfonctionnement avec le système.
Solution: Vérification des logs système et redémarrage du service concerné.
Statut: Résolu"
TICKET-0865,Récupération de mot de passe,Critique,Problème de catégorie Récupération de mot de passe pour l'utilisateur 865.,Solution en cours d'élaboration.,"Catégorie: Récupération de mot de passe
Priorité: Critique
Description: Problème de catégorie Récupération de mot de passe pour l'utilisateur 865.
Solution: Solution en cours d'élaboration.
Statut: Résolu"
TICKET-0866,Bug logiciel,Critique,Erreur détectée lors de l'utilisation - Code erreur: 169.,"Identification du bug, correction dans le code et déploiement du patch.","Catégorie: Bug logiciel
Priorité: Critique
Description: Erreur détectée lors de l'utilisation - Code erreur: 169.
Solution: Identification du bug, correction dans le code et déploiement du patch.
Statut: Résolu"
TICKET-0867,Accès refusé,Critique,Impossible d'accéder à l'application - Permissions insuffisantes.,Vérification des permissions utilisateur et mise à jour des droits d'accès.,"Catégorie: Accès refusé
Priorité: Critique
Description: Impossible d'accéder à l'application - Permissions insuffisantes.
Solution: Vérification des permissions utilisateur et mise à jour des droits d'accès.
Statut: Résolu"
TICKET-0868,Demande d'information,Normale,Demande d'aide pour comprendre la fonctionnalité.,Fourniture de la documentation appropriée et explication détaillée.,"Catégorie: Demande d'information
Priorité: Normale
Description: Demande d'aide pour comprendre la fonctionnalité.
Solution: Fourniture de la documentation appropriée et explication détaillée.
Statut: Résolu"
TICKET-0869,Récupération de mot de passe,Normale,Problème de catégorie Récupération de mot de passe pour l'utilisateur 869.,Solution en cours d'élaboration.,"Catégorie: Récupération de mot de passe
Priorité: Normale
Description: Problème de catégorie Récupération de mot de passe pour l'utilisateur 869.
Solution: Solution en cours d'élaboration.
Statut: Résolu"
TICKET-0870,Demande d'information,Haute,Demande d'aide pour configurer la fonctionnalité.,Fourniture de la documentation appropriée et explication détaillée.,"Catégorie: Demande d'information
Priorité: Haute
Description: Demande d'aide pour configurer la fonctionnalité.
Solution: Fourniture de la documentation appropriée et explication détaillée.
Statut: Résolu"
TICKET-0871,Formation utilisateur,Critique,Problème de catégorie Formation utilisateur pour l'utilisateur 871.,Organisation de session de formation et création de guides.,"Catégorie: Formation utilisateur
Priorité: Critique
Description: Problème de catégorie Formation utilisateur pour l'utilisateur 871.
Solution: Organisation de session de formation et création de guides.
Statut: Résolu"
TICKET-0872,Accès refusé,Haute,Impossible d'accéder à la base de données - Permissions insuffisantes.,Vérification des permissions utilisateur et mise à jour des droits d'accès.,"Catégorie: Accès refusé
Priorité: Haute
Description: Impossible d'accéder à la base de données - Permissions insuffisantes.
Solution: Vérification des permissions utilisateur et mise à jour des droits d'accès.
Statut: Résolu"
TICKET-0873,Erreur de connexion,Haute,Échec de connexion au serveur email - Timeout après 47 secondes.,Test de connectivité réseau et reconfiguration des paramètres.,"Catégorie: Erreur de connexion
Priorité: Haute
Description: Échec de connexion au serveur email - Timeout après 47 secondes.
Solution: Test de connectivité réseau et reconfiguration des paramètres.
Statut: Résolu"
TICKET-0874,Bug logiciel,Critique,Erreur détectée lors de la sauvegarde - Code erreur: 307.,"Identification du bug, correction dans le code et déploiement du patch.","Catégorie: Bug logiciel
Priorité: Critique
Description: Erreur détectée lors de la sauvegarde - Code erreur: 307.
Solution: Identification du bug, correction dans le code et déploiement du patch.
Statut: Résolu"
TICKET-0875,Formation utilisateur,Critique,Problème de catégorie Formation utilisateur pour l'utilisateur 875.,Organisation de session de formation et création de guides.,"Catégorie: Formation utilisateur
Priorité: Critique
Description: Problème de catégorie Formation utilisateur pour l'utilisateur 875.
Solution: Organisation de session de formation et création de guides.
Statut: Résolu"
TICKET-0876,Formation utilisateur,Normale,Problème de catégorie Formation utilisateur pour l'utilisateur 876.,Organisation de session de formation et création de guides.,"Catégorie: Formation utilisateur
Priorité: Normale
Description: Problème de catégorie Formation utilisateur pour l'utilisateur 876.
Solution: Organisation de session de formation et création de guides.
Statut: Résolu"
TICKET-0877,Formation utilisateur,Normale,Problème de catégorie Formation utilisateur pour l'utilisateur 877.,Organisation de session de formation et création de guides.,"Catégorie: Formation utilisateur
Priorité: Normale
Description: Problème de catégorie Formation utilisateur pour l'utilisateur 877.
Solution: Organisation de session de formation et création de guides.
Statut: Résolu"
TICKET-0878,Bug logiciel,Normale,Erreur détectée lors de la connexion - Code erreur: 165.,"Identification du bug, correction dans le code et déploiement du patch.","Catégorie: Bug logiciel
Priorité: Normale
Description: Erreur détectée lors de la connexion - Code erreur: 165.
Solution: Identification du bug, correction dans le code et déploiement du patch.
Statut: Résolu"
TICKET-0879,Accès refusé,Haute,Impossible d'accéder à l'application - Permissions insuffisantes.,Vérification des permissions utilisateur et mise à jour des droits d'accès.,"Catégorie: Accès refusé
Priorité: Haute
Description: Impossible d'accéder à l'application - Permissions insuffisantes.
Solution: Vérification des permissions utilisateur et mise à jour des droits d'accès.
Statut: Résolu"
TICKET-0880,Bug logiciel,Basse,Erreur détectée lors de l'utilisation - Code erreur: 836.,"Identification du bug, correction dans le code et déploiement du patch.","Catégorie: Bug logiciel
Priorité: Basse
Description: Erreur détectée lors de l'utilisation - Code erreur: 836.
Solution: Identification du bug, correction dans le code et déploiement du patch.
Statut: Résolu"
TICKET-0881,Bug logiciel,Basse,Erreur détectée lors de la connexion - Code erreur: 473.,"Identification du bug, correction dans le code et déploiement du patch.","Catégorie: Bug logiciel
Priorité: Basse
Description: Erreur détectée lors de la connexion - Code erreur: 473.
Solution: Identification du bug, correction dans le code et déploiement du patch.
Statut: Résolu"
TICKET-0882,Mise à jour requise,Haute,Problème de catégorie Mise à jour requise pour l'utilisateur 882.,Planification et exécution de la mise à jour système.,"Catégorie: Mise à jour requise
Priorité: Haute
Description: Problème de catégorie Mise à jour requise pour l'utilisateur 882.
Solution: Planification et exécution de la mise à jour système.
Statut: Résolu"
TICKET-0883,Bug logiciel,Basse,Erreur détectée lors de la connexion - Code erreur: 938.,"Identification du bug, correction dans le code et déploiement du patch.","Catégorie: Bug logiciel
Priorité: Basse
Description: Erreur détectée lors de la connexion - Code erreur: 938.
Solution: Identification du bug, correction dans le code et déploiement du patch.
Statut: Résolu"
TICKET-0884,Problème technique,Normale,L'utilisateur 884 rencontre un dysfonctionnement avec l'application.,Vérification des logs système et redémarrage du service concerné.,"Catégorie: Problème technique
Priorité: Normale
Description: L'utilisateur 884 rencontre un dysfonctionnement avec l'application.
Solution: Vérification des logs système et redémarrage du service concerné.
Statut: Résolu"
TICKET-0885,Récupération de mot de passe,Haute,Problème de catégorie Récupération de mot de passe pour l'utilisateur 885.,Solution en cours d'élaboration.,"Catégorie: Récupération de mot de passe
Priorité: Haute
Description: Problème de catégorie Récupération de mot de passe pour l'utilisateur 885.
Solution: Solution en cours d'élaboration.
Statut: Résolu"
TICKET-0886,Récupération de mot de passe,Haute,Problème de catégorie Récupération de mot de passe pour l'utilisateur 886.,Solution en cours d'élaboration.,"Catégorie: Récupération de mot de passe
Priorité: Haute
Description: Problème de catégorie Récupération de mot de passe pour l'utilisateur 886.
Solution: Solution en cours d'élaboration.
Statut: Résolu"
TICKET-0887,Formation utilisateur,Normale,Problème de catégorie Formation utilisateur pour l'utilisateur 887.,Organisation de session de formation et création de guides.,"Catégorie: Formation utilisateur
Priorité: Normale
Description: Problème de catégorie Formation utilisateur pour l'utilisateur 887.
Solution: Organisation de session de formation et création de guides.
Statut: Résolu"
TICKET-0888,Demande d'information,Basse,Demande d'aide pour utiliser l'application.,Fourniture de la documentation appropriée et explication détaillée.,"Catégorie: Demande d'information
Priorité: Basse
Description: Demande d'aide pour utiliser l'application.
Solution: Fourniture de la documentation appropriée et explication détaillée.
Statut: Résolu"
TICKET-0889,Mise à jour requise,Critique,Problème de catégorie Mise à jour requise pour l'utilisateur 889.,Planification et exécution de la mise à jour système.,"Catégorie: Mise à jour requise
Priorité: Critique
Description: Problème de catégorie Mise à jour requise pour l'utilisateur 889.
Solution: Planification et exécution de la mise à jour système.
Statut: Résolu"
TICKET-0890,Bug logiciel,Critique,Erreur détectée lors de la sauvegarde - Code erreur: 392.,"Identification du bug, correction dans le code et déploiement du patch.","Catégorie: Bug logiciel
Priorité: Critique
Description: Erreur détectée lors de la sauvegarde - Code erreur: 392.
Solution: Identification du bug, correction dans le code et déploiement du patch.
Statut: Résolu"
TICKET-0891,Bug logiciel,Normale,Erreur détectée lors de l'utilisation - Code erreur: 350.,"Identification du bug, correction dans le code et déploiement du patch.","Catégorie: Bug logiciel
Priorité: Normale
Description: Erreur détectée lors de l'utilisation - Code erreur: 350.
Solution: Identification du bug, correction dans le code et déploiement du patch.
Statut: Résolu"
TICKET-0892,Erreur de connexion,Haute,Échec de connexion au serveur database - Timeout après 110 secondes.,Test de connectivité réseau et reconfiguration des paramètres.,"Catégorie: Erreur de connexion
Priorité: Haute
Description: Échec de connexion au serveur database - Timeout après 110 secondes.
Solution: Test de connectivité réseau et reconfiguration des paramètres.
Statut: Résolu"
TICKET-0893,Performance lente,Haute,Temps de réponse très élevé lors de la recherche - 24 secondes.,Optimisation des requêtes et vérification de la charge serveur.,"Catégorie: Performance lente
Priorité: Haute
Description: Temps de réponse très élevé lors de la recherche - 24 secondes.
Solution: Optimisation des requêtes et vérification de la charge serveur.
Statut: Résolu"
TICKET-0894,Accès refusé,Basse,Impossible d'accéder à le serveur - Permissions insuffisantes.,Vérification des permissions utilisateur et mise à jour des droits d'accès.,"Catégorie: Accès refusé
Priorité: Basse
Description: Impossible d'accéder à le serveur - Permissions insuffisantes.
Solution: Vérification des permissions utilisateur et mise à jour des droits d'accès.
Statut: Résolu"
TICKET-0895,Accès refusé,Basse,Impossible d'accéder à le serveur - Permissions insuffisantes.,Vérification des permissions utilisateur et mise à jour des droits d'accès.,"Catégorie: Accès refusé
Priorité: Basse
Description: Impossible d'accéder à le serveur - Permissions insuffisantes.
Solution: Vérification des permissions utilisateur et mise à jour des droits d'accès.
Statut: Résolu"
TICKET-0896,Demande d'information,Haute,Demande d'aide pour configurer l'application.,Fourniture de la documentation appropriée et explication détaillée.,"Catégorie: Demande d'information
Priorité: Haute
Description: Demande d'aide pour configurer l'application.
Solution: Fourniture de la documentation appropriée et explication détaillée.
Statut: Résolu"
TICKET-0897,Performance lente,Haute,Temps de réponse très élevé lors de la recherche - 28 secondes.,Optimisation des requêtes et vérification de la charge serveur.,"Catégorie: Performance lente
Priorité: Haute
Description: Temps de réponse très élevé lors de la recherche - 28 secondes.
Solution: Optimisation des requêtes et vérification de la charge serveur.
Statut: Résolu"
TICKET-0898,Erreur de connexion,Normale,Échec de connexion au serveur email - Timeout après 54 secondes.,Test de connectivité réseau et reconfiguration des paramètres.,"Catégorie: Erreur de connexion
Priorité: Normale
Description: Échec de connexion au serveur email - Timeout après 54 secondes.
Solution: Test de connectivité réseau et reconfiguration des paramètres.
Statut: Résolu"
TICKET-0899,Formation utilisateur,Basse,Problème de catégorie Formation utilisateur pour l'utilisateur 899.,Organisation de session de formation et création de guides.,"Catégorie: Formation utilisateur
Priorité: Basse
Description: Problème de catégorie Formation utilisateur pour l'utilisateur 899.
Solution: Organisation de session de formation et création de guides.
Statut: Résolu"
TICKET-0900,Mise à jour requise,Critique,Problème de catégorie Mise à jour requise pour l'utilisateur 900.,Planification et exécution de la mise à jour système.,"Catégorie: Mise à jour requise
Priorité: Critique
Description: Problème de catégorie Mise à jour requise pour l'utilisateur 900.
Solution: Planification et exécution de la mise à jour système.
Statut: Résolu"
TICKET-0901,Mise à jour requise,Basse,Problème de catégorie Mise à jour requise pour l'utilisateur 901.,Planification et exécution de la mise à jour système.,"Catégorie: Mise à jour requise
Priorité: Basse
Description: Problème de catégorie Mise à jour requise pour l'utilisateur 901.
Solution: Planification et exécution de la mise à jour système.
Statut: Résolu"
TICKET-0902,Formation utilisateur,Normale,Problème de catégorie Formation utilisateur pour l'utilisateur 902.,Organisation de session de formation et création de guides.,"Catégorie: Formation utilisateur
Priorité: Normale
Description: Problème de catégorie Formation utilisateur pour l'utilisateur 902.
Solution: Organisation de session de formation et création de guides.
Statut: Résolu"
TICKET-0903,Récupération de mot de passe,Basse,Problème de catégorie Récupération de mot de passe pour l'utilisateur 903.,Solution en cours d'élaboration.,"Catégorie: Récupération de mot de passe
Priorité: Basse
Description: Problème de catégorie Récupération de mot de passe pour l'utilisateur 903.
Solution: Solution en cours d'élaboration.
Statut: Résolu"
TICKET-0904,Formation utilisateur,Normale,Problème de catégorie Formation utilisateur pour l'utilisateur 904.,Organisation de session de formation et création de guides.,"Catégorie: Formation utilisateur
Priorité: Normale
Description: Problème de catégorie Formation utilisateur pour l'utilisateur 904.
Solution: Organisation de session de formation et création de guides.
Statut: Résolu"
TICKET-0905,Demande d'information,Haute,Demande d'aide pour utiliser la fonctionnalité.,Fourniture de la documentation appropriée et explication détaillée.,"Catégorie: Demande d'information
Priorité: Haute
Description: Demande d'aide pour utiliser la fonctionnalité.
Solution: Fourniture de la documentation appropriée et explication détaillée.
Statut: Résolu"
TICKET-0906,Bug logiciel,Basse,Erreur détectée lors de l'utilisation - Code erreur: 800.,"Identification du bug, correction dans le code et déploiement du patch.","Catégorie: Bug logiciel
Priorité: Basse
Description: Erreur détectée lors de l'utilisation - Code erreur: 800.
Solution: Identification du bug, correction dans le code et déploiement du patch.
Statut: Résolu"
TICKET-0907,Accès refusé,Haute,Impossible d'accéder à l'application - Permissions insuffisantes.,Vérification des permissions utilisateur et mise à jour des droits d'accès.,"Catégorie: Accès refusé
Priorité: Haute
Description: Impossible d'accéder à l'application - Permissions insuffisantes.
Solution: Vérification des permissions utilisateur et mise à jour des droits d'accès.
Statut: Résolu"
TICKET-0908,Bug logiciel,Basse,Erreur détectée lors de la connexion - Code erreur: 343.,"Identification du bug, correction dans le code et déploiement du patch.","Catégorie: Bug logiciel
Priorité: Basse
Description: Erreur détectée lors de la connexion - Code erreur: 343.
Solution: Identification du bug, correction dans le code et déploiement du patch.
Statut: Résolu"
TICKET-0909,Accès refusé,Normale,Impossible d'accéder à la base de données - Permissions insuffisantes.,Vérification des permissions utilisateur et mise à jour des droits d'accès.,"Catégorie: Accès refusé
Priorité: Normale
Description: Impossible d'accéder à la base de données - Permissions insuffisantes.
Solution: Vérification des permissions utilisateur et mise à jour des droits d'accès.
Statut: Résolu"
TICKET-0910,Accès refusé,Basse,Impossible d'accéder à l'application - Permissions insuffisantes.,Vérification des permissions utilisateur et mise à jour des droits d'accès.,"Catégorie: Accès refusé
Priorité: Basse
Description: Impossible d'accéder à l'application - Permissions insuffisantes.
Solution: Vérification des permissions utilisateur et mise à jour des droits d'accès.
Statut: Résolu"
TICKET-0911,Erreur de connexion,Critique,Échec de connexion au serveur web - Timeout après 111 secondes.,Test de connectivité réseau et reconfiguration des paramètres.,"Catégorie: Erreur de connexion
Priorité: Critique
Description: Échec de connexion au serveur web - Timeout après 111 secondes.
Solution: Test de connectivité réseau et reconfiguration des paramètres.
Statut: Résolu"
TICKET-0912,Bug logiciel,Critique,Erreur détectée lors de la sauvegarde - Code erreur: 402.,"Identification du bug, correction dans le code et déploiement du patch.","Catégorie: Bug logiciel
Priorité: Critique
Description: Erreur détectée lors de la sauvegarde - Code erreur: 402.
Solution: Identification du bug, correction dans le code et déploiement du patch.
Statut: Résolu"
TICKET-0913,Accès refusé,Critique,Impossible d'accéder à l'application - Permissions insuffisantes.,Vérification des permissions utilisateur et mise à jour des droits d'accès.,"Catégorie: Accès refusé
Priorité: Critique
Description: Impossible d'accéder à l'application - Permissions insuffisantes.
Solution: Vérification des permissions utilisateur et mise à jour des droits d'accès.
Statut: Résolu"
TICKET-0914,Demande d'information,Basse,Demande d'aide pour configurer la fonctionnalité.,Fourniture de la documentation appropriée et explication détaillée.,"Catégorie: Demande d'information
Priorité: Basse
Description: Demande d'aide pour configurer la fonctionnalité.
Solution: Fourniture de la documentation appropriée et explication détaillée.
Statut: Résolu"
TICKET-0915,Accès refusé,Normale,Impossible d'accéder à la base de données - Permissions insuffisantes.,Vérification des permissions utilisateur et mise à jour des droits d'accès.,"Catégorie: Accès refusé
Priorité: Normale
Description: Impossible d'accéder à la base de données - Permissions insuffisantes.
Solution: Vérification des permissions utilisateur et mise à jour des droits d'accès.
Statut: Résolu"
TICKET-0916,Récupération de mot de passe,Haute,Problème de catégorie Récupération de mot de passe pour l'utilisateur 916.,Solution en cours d'élaboration.,"Catégorie: Récupération de mot de passe
Priorité: Haute
Description: Problème de catégorie Récupération de mot de passe pour l'utilisateur 916.
Solution: Solution en cours d'élaboration.
Statut: Résolu"
TICKET-0917,Formation utilisateur,Critique,Problème de catégorie Formation utilisateur pour l'utilisateur 917.,Organisation de session de formation et création de guides.,"Catégorie: Formation utilisateur
Priorité: Critique
Description: Problème de catégorie Formation utilisateur pour l'utilisateur 917.
Solution: Organisation de session de formation et création de guides.
Statut: Résolu"
TICKET-0918,Mise à jour requise,Basse,Problème de catégorie Mise à jour requise pour l'utilisateur 918.,Planification et exécution de la mise à jour système.,"Catégorie: Mise à jour requise
Priorité: Basse
Description: Problème de catégorie Mise à jour requise pour l'utilisateur 918.
Solution: Planification et exécution de la mise à jour système.
Statut: Résolu"
TICKET-0919,Demande d'information,Basse,Demande d'aide pour comprendre le système.,Fourniture de la documentation appropriée et explication détaillée.,"Catégorie: Demande d'information
Priorité: Basse
Description: Demande d'aide pour comprendre le système.
Solution: Fourniture de la documentation appropriée et explication détaillée.
Statut: Résolu"
TICKET-0920,Performance lente,Normale,Temps de réponse très élevé lors de l'affichage - 6 secondes.,Optimisation des requêtes et vérification de la charge serveur.,"Catégorie: Performance lente
Priorité: Normale
Description: Temps de réponse très élevé lors de l'affichage - 6 secondes.
Solution: Optimisation des requêtes et vérification de la charge serveur.
Statut: Résolu"
TICKET-0921,Demande d'information,Haute,Demande d'aide pour configurer l'application.,Fourniture de la documentation appropriée et explication détaillée.,"Catégorie: Demande d'information
Priorité: Haute
Description: Demande d'aide pour configurer l'application.
Solution: Fourniture de la documentation appropriée et explication détaillée.
Statut: Résolu"
TICKET-0922,Demande d'information,Normale,Demande d'aide pour configurer la fonctionnalité.,Fourniture de la documentation appropriée et explication détaillée.,"Catégorie: Demande d'information
Priorité: Normale
Description: Demande d'aide pour configurer la fonctionnalité.
Solution: Fourniture de la documentation appropriée et explication détaillée.
Statut: Résolu"
TICKET-0923,Formation utilisateur,Haute,Problème de catégorie Formation utilisateur pour l'utilisateur 923.,Organisation de session de formation et création de guides.,"Catégorie: Formation utilisateur
Priorité: Haute
Description: Problème de catégorie Formation utilisateur pour l'utilisateur 923.
Solution: Organisation de session de formation et création de guides.
Statut: Résolu"
TICKET-0924,Performance lente,Critique,Temps de réponse très élevé lors de la recherche - 18 secondes.,Optimisation des requêtes et vérification de la charge serveur.,"Catégorie: Performance lente
Priorité: Critique
Description: Temps de réponse très élevé lors de la recherche - 18 secondes.
Solution: Optimisation des requêtes et vérification de la charge serveur.
Statut: Résolu"
TICKET-0925,Récupération de mot de passe,Critique,Problème de catégorie Récupération de mot de passe pour l'utilisateur 925.,Solution en cours d'élaboration.,"Catégorie: Récupération de mot de passe
Priorité: Critique
Description: Problème de catégorie Récupération de mot de passe pour l'utilisateur 925.
Solution: Solution en cours d'élaboration.
Statut: Résolu"
TICKET-0926,Bug logiciel,Haute,Erreur détectée lors de l'utilisation - Code erreur: 389.,"Identification du bug, correction dans le code et déploiement du patch.","Catégorie: Bug logiciel
Priorité: Haute
Description: Erreur détectée lors de l'utilisation - Code erreur: 389.
Solution: Identification du bug, correction dans le code et déploiement du patch.
Statut: Résolu"
TICKET-0927,Demande d'information,Basse,Demande d'aide pour comprendre la fonctionnalité.,Fourniture de la documentation appropriée et explication détaillée.,"Catégorie: Demande d'information
Priorité: Basse
Description: Demande d'aide pour comprendre la fonctionnalité.
Solution: Fourniture de la documentation appropriée et explication détaillée.
Statut: Résolu"
TICKET-0928,Performance lente,Critique,Temps de réponse très élevé lors de la connexion - 5 secondes.,Optimisation des requêtes et vérification de la charge serveur.,"Catégorie: Performance lente
Priorité: Critique
Description: Temps de réponse très élevé lors de la connexion - 5 secondes.
Solution: Optimisation des requêtes et vérification de la charge serveur.
Statut: Résolu"
TICKET-0929,Formation utilisateur,Normale,Problème de catégorie Formation utilisateur pour l'utilisateur 929.,Organisation de session de formation et création de guides.,"Catégorie: Formation utilisateur
Priorité: Normale
Description: Problème de catégorie Formation utilisateur pour l'utilisateur 929.
Solution: Organisation de session de formation et création de guides.
Statut: Résolu"
TICKET-0930,Accès refusé,Haute,Impossible d'accéder à l'application - Permissions insuffisantes.,Vérification des permissions utilisateur et mise à jour des droits d'accès.,"Catégorie: Accès refusé
Priorité: Haute
Description: Impossible d'accéder à l'application - Permissions insuffisantes.
Solution: Vérification des permissions utilisateur et mise à jour des droits d'accès.
Statut: Résolu"
TICKET-0931,Problème technique,Haute,L'utilisateur 931 rencontre un dysfonctionnement avec l'application.,Vérification des logs système et redémarrage du service concerné.,"Catégorie: Problème technique
Priorité: Haute
Description: L'utilisateur 931 rencontre un dysfonctionnement avec l'application.
Solution: Vérification des logs système et redémarrage du service concerné.
Statut: Résolu"
TICKET-0932,Récupération de mot de passe,Critique,Problème de catégorie Récupération de mot de passe pour l'utilisateur 932.,Solution en cours d'élaboration.,"Catégorie: Récupération de mot de passe
Priorité: Critique
Description: Problème de catégorie Récupération de mot de passe pour l'utilisateur 932.
Solution: Solution en cours d'élaboration.
Statut: Résolu"
TICKET-0933,Récupération de mot de passe,Normale,Problème de catégorie Récupération de mot de passe pour l'utilisateur 933.,Solution en cours d'élaboration.,"Catégorie: Récupération de mot de passe
Priorité: Normale
Description: Problème de catégorie Récupération de mot de passe pour l'utilisateur 933.
Solution: Solution en cours d'élaboration.
Statut: Résolu"
TICKET-0934,Bug logiciel,Basse,Erreur détectée lors de la connexion - Code erreur: 190.,"Identification du bug, correction dans le code et déploiement du patch.","Catégorie: Bug logiciel
Priorité: Basse
Description: Erreur détectée lors de la connexion - Code erreur: 190.
Solution: Identification du bug, correction dans le code et déploiement du patch.
Statut: Résolu"
TICKET-0935,Demande d'information,Haute,Demande d'aide pour configurer la fonctionnalité.,Fourniture de la documentation appropriée et explication détaillée.,"Catégorie: Demande d'information
Priorité: Haute
Description: Demande d'aide pour configurer la fonctionnalité.
Solution: Fourniture de la documentation appropriée et explication détaillée.
Statut: Résolu"
TICKET-0936,Erreur de connexion,Normale,Échec de connexion au serveur database - Timeout après 38 secondes.,Test de connectivité réseau et reconfiguration des paramètres.,"Catégorie: Erreur de connexion
Priorité: Normale
Description: Échec de connexion au serveur database - Timeout après 38 secondes.
Solution: Test de connectivité réseau et reconfiguration des paramètres.
Statut: Résolu"
TICKET-0937,Formation utilisateur,Normale,Problème de catégorie Formation utilisateur pour l'utilisateur 937.,Organisation de session de formation et création de guides.,"Catégorie: Formation utilisateur
Priorité: Normale
Description: Problème de catégorie Formation utilisateur pour l'utilisateur 937.
Solution: Organisation de session de formation et création de guides.
Statut: Résolu"
TICKET-0938,Erreur de connexion,Normale,Échec de connexion au serveur web - Timeout après 54 secondes.,Test de connectivité réseau et reconfiguration des paramètres.,"Catégorie: Erreur de connexion
Priorité: Normale
Description: Échec de connexion au serveur web - Timeout après 54 secondes.
Solution: Test de connectivité réseau et reconfiguration des paramètres.
Statut: Résolu"
TICKET-0939,Bug logiciel,Haute,Erreur détectée lors de la connexion - Code erreur: 653.,"Identification du bug, correction dans le code et déploiement du patch.","Catégorie: Bug logiciel
Priorité: Haute
Description: Erreur détectée lors de la connexion - Code erreur: 653.
Solution: Identification du bug, correction dans le code et déploiement du patch.
Statut: Résolu"
TICKET-0940,Mise à jour requise,Critique,Problème de catégorie Mise à jour requise pour l'utilisateur 940.,Planification et exécution de la mise à jour système.,"Catégorie: Mise à jour requise
Priorité: Critique
Description: Problème de catégorie Mise à jour requise pour l'utilisateur 940.
Solution: Planification et exécution de la mise à jour système.
Statut: Résolu"
TICKET-0941,Problème technique,Critique,L'utilisateur 941 rencontre un dysfonctionnement avec le système.,Vérification des logs système et redémarrage du service concerné.,"Catégorie: Problème technique
Priorité: Critique
Description: L'utilisateur 941 rencontre un dysfonctionnement avec le système.
Solution: Vérification des logs système et redémarrage du service concerné.
Statut: Résolu"
TICKET-0942,Récupération de mot de passe,Critique,Problème de catégorie Récupération de mot de passe pour l'utilisateur 942.,Solution en cours d'élaboration.,"Catégorie: Récupération de mot de passe
Priorité: Critique
Description: Problème de catégorie Récupération de mot de passe pour l'utilisateur 942.
Solution: Solution en cours d'élaboration.
Statut: Résolu"
TICKET-0943,Erreur de connexion,Critique,Échec de connexion au serveur web - Timeout après 99 secondes.,Test de connectivité réseau et reconfiguration des paramètres.,"Catégorie: Erreur de connexion
Priorité: Critique
Description: Échec de connexion au serveur web - Timeout après 99 secondes.
Solution: Test de connectivité réseau et reconfiguration des paramètres.
Statut: Résolu"
TICKET-0944,Bug logiciel,Critique,Erreur détectée lors de l'utilisation - Code erreur: 149.,"Identification du bug, correction dans le code et déploiement du patch.","Catégorie: Bug logiciel
Priorité: Critique
Description: Erreur détectée lors de l'utilisation - Code erreur: 149.
Solution: Identification du bug, correction dans le code et déploiement du patch.
Statut: Résolu"
TICKET-0945,Performance lente,Basse,Temps de réponse très élevé lors de l'affichage - 20 secondes.,Optimisation des requêtes et vérification de la charge serveur.,"Catégorie: Performance lente
Priorité: Basse
Description: Temps de réponse très élevé lors de l'affichage - 20 secondes.
Solution: Optimisation des requêtes et vérification de la charge serveur.
Statut: Résolu"
TICKET-0946,Performance lente,Haute,Temps de réponse très élevé lors de l'affichage - 7 secondes.,Optimisation des requêtes et vérification de la charge serveur.,"Catégorie: Performance lente
Priorité: Haute
Description: Temps de réponse très élevé lors de l'affichage - 7 secondes.
Solution: Optimisation des requêtes et vérification de la charge serveur.
Statut: Résolu"
TICKET-0947,Récupération de mot de passe,Normale,Problème de catégorie Récupération de mot de passe pour l'utilisateur 947.,Solution en cours d'élaboration.,"Catégorie: Récupération de mot de passe
Priorité: Normale
Description: Problème de catégorie Récupération de mot de passe pour l'utilisateur 947.
Solution: Solution en cours d'élaboration.
Statut: Résolu"
TICKET-0948,Performance lente,Haute,Temps de réponse très élevé lors de l'affichage - 17 secondes.,Optimisation des requêtes et vérification de la charge serveur.,"Catégorie: Performance lente
Priorité: Haute
Description: Temps de réponse très élevé lors de l'affichage - 17 secondes.
Solution: Optimisation des requêtes et vérification de la charge serveur.
Statut: Résolu"
TICKET-0949,Formation utilisateur,Haute,Problème de catégorie Formation utilisateur pour l'utilisateur 949.,Organisation de session de formation et création de guides.,"Catégorie: Formation utilisateur
Priorité: Haute
Description: Problème de catégorie Formation utilisateur pour l'utilisateur 949.
Solution: Organisation de session de formation et création de guides.
Statut: Résolu"
TICKET-0950,Récupération de mot de passe,Critique,Problème de catégorie Récupération de mot de passe pour l'utilisateur 950.,Solution en cours d'élaboration.,"Catégorie: Récupération de mot de passe
Priorité: Critique
Description: Problème de catégorie Récupération de mot de passe pour l'utilisateur 950.
Solution: Solution en cours d'élaboration.
Statut: Résolu"
TICKET-0951,Problème technique,Basse,L'utilisateur 951 rencontre un dysfonctionnement avec l'application.,Vérification des logs système et redémarrage du service concerné.,"Catégorie: Problème technique
Priorité: Basse
Description: L'utilisateur 951 rencontre un dysfonctionnement avec l'application.
Solution: Vérification des logs système et redémarrage du service concerné.
Statut: Résolu"
TICKET-0952,Accès refusé,Normale,Impossible d'accéder à la base de données - Permissions insuffisantes.,Vérification des permissions utilisateur et mise à jour des droits d'accès.,"Catégorie: Accès refusé
Priorité: Normale
Description: Impossible d'accéder à la base de données - Permissions insuffisantes.
Solution: Vérification des permissions utilisateur et mise à jour des droits d'accès.
Statut: Résolu"
TICKET-0953,Problème technique,Critique,L'utilisateur 953 rencontre un dysfonctionnement avec le système.,Vérification des logs système et redémarrage du service concerné.,"Catégorie: Problème technique
Priorité: Critique
Description: L'utilisateur 953 rencontre un dysfonctionnement avec le système.
Solution: Vérification des logs système et redémarrage du service concerné.
Statut: Résolu"
TICKET-0954,Erreur de connexion,Normale,Échec de connexion au serveur web - Timeout après 74 secondes.,Test de connectivité réseau et reconfiguration des paramètres.,"Catégorie: Erreur de connexion
Priorité: Normale
Description: Échec de connexion au serveur web - Timeout après 74 secondes.
Solution: Test de connectivité réseau et reconfiguration des paramètres.
Statut: Résolu"
TICKET-0955,Formation utilisateur,Basse,Problème de catégorie Formation utilisateur pour l'utilisateur 955.,Organisation de session de formation et création de guides.,"Catégorie: Formation utilisateur
Priorité: Basse
Description: Problème de catégorie Formation utilisateur pour l'utilisateur 955.
Solution: Organisation de session de formation et création de guides.
Statut: Résolu"
TICKET-0956,Performance lente,Normale,Temps de réponse très élevé lors de l'affichage - 29 secondes.,Optimisation des requêtes et vérification de la charge serveur.,"Catégorie: Performance lente
Priorité: Normale
Description: Temps de réponse très élevé lors de l'affichage - 29 secondes.
Solution: Optimisation des requêtes et vérification de la charge serveur.
Statut: Résolu"
TICKET-0957,Récupération de mot de passe,Critique,Problème de catégorie Récupération de mot de passe pour l'utilisateur 957.,Solution en cours d'élaboration.,"Catégorie: Récupération de mot de passe
Priorité: Critique
Description: Problème de catégorie Récupération de mot de passe pour l'utilisateur 957.
Solution: Solution en cours d'élaboration.
Statut: Résolu"
TICKET-0958,Demande d'information,Basse,Demande d'aide pour comprendre le système.,Fourniture de la documentation appropriée et explication détaillée.,"Catégorie: Demande d'information
Priorité: Basse
Description: Demande d'aide pour comprendre le système.
Solution: Fourniture de la documentation appropriée et explication détaillée.
Statut: Résolu"
TICKET-0959,Problème technique,Haute,L'utilisateur 959 rencontre un dysfonctionnement avec l'application.,Vérification des logs système et redémarrage du service concerné.,"Catégorie: Problème technique
Priorité: Haute
Description: L'utilisateur 959 rencontre un dysfonctionnement avec l'application.
Solution: Vérification des logs système et redémarrage du service concerné.
Statut: Résolu"
TICKET-0960,Formation utilisateur,Haute,Problème de catégorie Formation utilisateur pour l'utilisateur 960.,Organisation de session de formation et création de guides.,"Catégorie: Formation utilisateur
Priorité: Haute
Description: Problème de catégorie Formation utilisateur pour l'utilisateur 960.
Solution: Organisation de session de formation et création de guides.
Statut: Résolu"
TICKET-0961,Formation utilisateur,Haute,Problème de catégorie Formation utilisateur pour l'utilisateur 961.,Organisation de session de formation et création de guides.,"Catégorie: Formation utilisateur
Priorité: Haute
Description: Problème de catégorie Formation utilisateur pour l'utilisateur 961.
Solution: Organisation de session de formation et création de guides.
Statut: Résolu"
TICKET-0962,Demande d'information,Critique,Demande d'aide pour comprendre la fonctionnalité.,Fourniture de la documentation appropriée et explication détaillée.,"Catégorie: Demande d'information
Priorité: Critique
Description: Demande d'aide pour comprendre la fonctionnalité.
Solution: Fourniture de la documentation appropriée et explication détaillée.
Statut: Résolu"
TICKET-0963,Mise à jour requise,Basse,Problème de catégorie Mise à jour requise pour l'utilisateur 963.,Planification et exécution de la mise à jour système.,"Catégorie: Mise à jour requise
Priorité: Basse
Description: Problème de catégorie Mise à jour requise pour l'utilisateur 963.
Solution: Planification et exécution de la mise à jour système.
Statut: Résolu"
TICKET-0964,Erreur de connexion,Basse,Échec de connexion au serveur database - Timeout après 62 secondes.,Test de connectivité réseau et reconfiguration des paramètres.,"Catégorie: Erreur de connexion
Priorité: Basse
Description: Échec de connexion au serveur database - Timeout après 62 secondes.
Solution: Test de connectivité réseau et reconfiguration des paramètres.
Statut: Résolu"
TICKET-0965,Erreur de connexion,Normale,Échec de connexion au serveur email - Timeout après 50 secondes.,Test de connectivité réseau et reconfiguration des paramètres.,"Catégorie: Erreur de connexion
Priorité: Normale
Description: Échec de connexion au serveur email - Timeout après 50 secondes.
Solution: Test de connectivité réseau et reconfiguration des paramètres.
Statut: Résolu"
TICKET-0966,Mise à jour requise,Basse,Problème de catégorie Mise à jour requise pour l'utilisateur 966.,Planification et exécution de la mise à jour système.,"Catégorie: Mise à jour requise
Priorité: Basse
Description: Problème de catégorie Mise à jour requise pour l'utilisateur 966.
Solution: Planification et exécution de la mise à jour système.
Statut: Résolu"
TICKET-0967,Performance lente,Normale,Temps de réponse très élevé lors de la connexion - 7 secondes.,Optimisation des requêtes et vérification de la charge serveur.,"Catégorie: Performance lente
Priorité: Normale
Description: Temps de réponse très élevé lors de la connexion - 7 secondes.
Solution: Optimisation des requêtes et vérification de la charge serveur.
Statut: Résolu"
TICKET-0968,Accès refusé,Haute,Impossible d'accéder à l'application - Permissions insuffisantes.,Vérification des permissions utilisateur et mise à jour des droits d'accès.,"Catégorie: Accès refusé
Priorité: Haute
Description: Impossible d'accéder à l'application - Permissions insuffisantes.
Solution: Vérification des permissions utilisateur et mise à jour des droits d'accès.
Statut: Résolu"
TICKET-0969,Problème technique,Basse,L'utilisateur 969 rencontre un dysfonctionnement avec l'interface.,Vérification des logs système et redémarrage du service concerné.,"Catégorie: Problème technique
Priorité: Basse
Description: L'utilisateur 969 rencontre un dysfonctionnement avec l'interface.
Solution: Vérification des logs système et redémarrage du service concerné.
Statut: Résolu"
TICKET-0970,Mise à jour requise,Critique,Problème de catégorie Mise à jour requise pour l'utilisateur 970.,Planification et exécution de la mise à jour système.,"Catégorie: Mise à jour requise
Priorité: Critique
Description: Problème de catégorie Mise à jour requise pour l'utilisateur 970.
Solution: Planification et exécution de la mise à jour système.
Statut: Résolu"
TICKET-0971,Formation utilisateur,Normale,Problème de catégorie Formation utilisateur pour l'utilisateur 971.,Organisation de session de formation et création de guides.,"Catégorie: Formation utilisateur
Priorité: Normale
Description: Problème de catégorie Formation utilisateur pour l'utilisateur 971.
Solution: Organisation de session de formation et création de guides.
Statut: Résolu"
TICKET-0972,Performance lente,Critique,Temps de réponse très élevé lors de la connexion - 16 secondes.,Optimisation des requêtes et vérification de la charge serveur.,"Catégorie: Performance lente
Priorité: Critique
Description: Temps de réponse très élevé lors de la connexion - 16 secondes.
Solution: Optimisation des requêtes et vérification de la charge serveur.
Statut: Résolu"
TICKET-0973,Demande d'information,Critique,Demande d'aide pour utiliser la fonctionnalité.,Fourniture de la documentation appropriée et explication détaillée.,"Catégorie: Demande d'information
Priorité: Critique
Description: Demande d'aide pour utiliser la fonctionnalité.
Solution: Fourniture de la documentation appropriée et explication détaillée.
Statut: Résolu"
TICKET-0974,Erreur de connexion,Basse,Échec de connexion au serveur web - Timeout après 120 secondes.,Test de connectivité réseau et reconfiguration des paramètres.,"Catégorie: Erreur de connexion
Priorité: Basse
Description: Échec de connexion au serveur web - Timeout après 120 secondes.
Solution: Test de connectivité réseau et reconfiguration des paramètres.
Statut: Résolu"
TICKET-0975,Bug logiciel,Haute,Erreur détectée lors de la sauvegarde - Code erreur: 385.,"Identification du bug, correction dans le code et déploiement du patch.","Catégorie: Bug logiciel
Priorité: Haute
Description: Erreur détectée lors de la sauvegarde - Code erreur: 385.
Solution: Identification du bug, correction dans le code et déploiement du patch.
Statut: Résolu"
TICKET-0976,Mise à jour requise,Critique,Problème de catégorie Mise à jour requise pour l'utilisateur 976.,Planification et exécution de la mise à jour système.,"Catégorie: Mise à jour requise
Priorité: Critique
Description: Problème de catégorie Mise à jour requise pour l'utilisateur 976.
Solution: Planification et exécution de la mise à jour système.
Statut: Résolu"
TICKET-0977,Récupération de mot de passe,Haute,Problème de catégorie Récupération de mot de passe pour l'utilisateur 977.,Solution en cours d'élaboration.,"Catégorie: Récupération de mot de passe
Priorité: Haute
Description: Problème de catégorie Récupération de mot de passe pour l'utilisateur 977.
Solution: Solution en cours d'élaboration.
Statut: Résolu"
TICKET-0978,Accès refusé,Basse,Impossible d'accéder à le serveur - Permissions insuffisantes.,Vérification des permissions utilisateur et mise à jour des droits d'accès.,"Catégorie: Accès refusé
Priorité: Basse
Description: Impossible d'accéder à le serveur - Permissions insuffisantes.
Solution: Vérification des permissions utilisateur et mise à jour des droits d'accès.
Statut: Résolu"
TICKET-0979,Récupération de mot de passe,Haute,Problème de catégorie Récupération de mot de passe pour l'utilisateur 979.,Solution en cours d'élaboration.,"Catégorie: Récupération de mot de passe
Priorité: Haute
Description: Problème de catégorie Récupération de mot de passe pour l'utilisateur 979.
Solution: Solution en cours d'élaboration.
Statut: Résolu"
TICKET-0980,Problème technique,Normale,L'utilisateur 980 rencontre un dysfonctionnement avec le système.,Vérification des logs système et redémarrage du service concerné.,"Catégorie: Problème technique
Priorité: Normale
Description: L'utilisateur 980 rencontre un dysfonctionnement avec le système.
Solution: Vérification des logs système et redémarrage du service concerné.
Statut: Résolu"
TICKET-0981,Formation utilisateur,Normale,Problème de catégorie Formation utilisateur pour l'utilisateur 981.,Organisation de session de formation et création de guides.,"Catégorie: Formation utilisateur
Priorité: Normale
Description: Problème de catégorie Formation utilisateur pour l'utilisateur 981.
Solution: Organisation de session de formation et création de guides.
Statut: Résolu"
TICKET-0982,Formation utilisateur,Critique,Problème de catégorie Formation utilisateur pour l'utilisateur 982.,Organisation de session de formation et création de guides.,"Catégorie: Formation utilisateur
Priorité: Critique
Description: Problème de catégorie Formation utilisateur pour l'utilisateur 982.
Solution: Organisation de session de formation et création de guides.
Statut: Résolu"
TICKET-0983,Demande d'information,Critique,Demande d'aide pour configurer la fonctionnalité.,Fourniture de la documentation appropriée et explication détaillée.,"Catégorie: Demande d'information
Priorité: Critique
Description: Demande d'aide pour configurer la fonctionnalité.
Solution: Fourniture de la documentation appropriée et explication détaillée.
Statut: Résolu"
TICKET-0984,Demande d'information,Basse,Demande d'aide pour comprendre le système.,Fourniture de la documentation appropriée et explication détaillée.,"Catégorie: Demande d'information
Priorité: Basse
Description: Demande d'aide pour comprendre le système.
Solution: Fourniture de la documentation appropriée et explication détaillée.
Statut: Résolu"
TICKET-0985,Récupération de mot de passe,Basse,Problème de catégorie Récupération de mot de passe pour l'utilisateur 985.,Solution en cours d'élaboration.,"Catégorie: Récupération de mot de passe
Priorité: Basse
Description: Problème de catégorie Récupération de mot de passe pour l'utilisateur 985.
Solution: Solution en cours d'élaboration.
Statut: Résolu"
TICKET-0986,Demande d'information,Critique,Demande d'aide pour comprendre la fonctionnalité.,Fourniture de la documentation appropriée et explication détaillée.,"Catégorie: Demande d'information
Priorité: Critique
Description: Demande d'aide pour comprendre la fonctionnalité.
Solution: Fourniture de la documentation appropriée et explication détaillée.
Statut: Résolu"
TICKET-0987,Récupération de mot de passe,Critique,Problème de catégorie Récupération de mot de passe pour l'utilisateur 987.,Solution en cours d'élaboration.,"Catégorie: Récupération de mot de passe
Priorité: Critique
Description: Problème de catégorie Récupération de mot de passe pour l'utilisateur 987.
Solution: Solution en cours d'élaboration.
Statut: Résolu"
TICKET-0988,Accès refusé,Haute,Impossible d'accéder à la base de données - Permissions insuffisantes.,Vérification des permissions utilisateur et mise à jour des droits d'accès.,"Catégorie: Accès refusé
Priorité: Haute
Description: Impossible d'accéder à la base de données - Permissions insuffisantes.
Solution: Vérification des permissions utilisateur et mise à jour des droits d'accès.
Statut: Résolu"
TICKET-0989,Demande d'information,Haute,Demande d'aide pour comprendre l'application.,Fourniture de la documentation appropriée et explication détaillée.,"Catégorie: Demande d'information
Priorité: Haute
Description: Demande d'aide pour comprendre l'application.
Solution: Fourniture de la documentation appropriée et explication détaillée.
Statut: Résolu"
TICKET-0990,Bug logiciel,Normale,Erreur détectée lors de la sauvegarde - Code erreur: 373.,"Identification du bug, correction dans le code et déploiement du patch.","Catégorie: Bug logiciel
Priorité: Normale
Description: Erreur détectée lors de la sauvegarde - Code erreur: 373.
Solution: Identification du bug, correction dans le code et déploiement du patch.
Statut: Résolu"
TICKET-0991,Mise à jour requise,Critique,Problème de catégorie Mise à jour requise pour l'utilisateur 991.,Planification et exécution de la mise à jour système.,"Catégorie: Mise à jour requise
Priorité: Critique
Description: Problème de catégorie Mise à jour requise pour l'utilisateur 991.
Solution: Planification et exécution de la mise à jour système.
Statut: Résolu"
TICKET-0992,Accès refusé,Basse,Impossible d'accéder à le serveur - Permissions insuffisantes.,Vérification des permissions utilisateur et mise à jour des droits d'accès.,"Catégorie: Accès refusé
Priorité: Basse
Description: Impossible d'accéder à le serveur - Permissions insuffisantes.
Solution: Vérification des permissions utilisateur et mise à jour des droits d'accès.
Statut: Résolu"
TICKET-0993,Bug logiciel,Critique,Erreur détectée lors de l'utilisation - Code erreur: 403.,"Identification du bug, correction dans le code et déploiement du patch.","Catégorie: Bug logiciel
Priorité: Critique
Description: Erreur détectée lors de l'utilisation - Code erreur: 403.
Solution: Identification du bug, correction dans le code et déploiement du patch.
Statut: Résolu"
TICKET-0994,Problème technique,Normale,L'utilisateur 994 rencontre un dysfonctionnement avec l'application.,Vérification des logs système et redémarrage du service concerné.,"Catégorie: Problème technique
Priorité: Normale
Description: L'utilisateur 994 rencontre un dysfonctionnement avec l'application.
Solution: Vérification des logs système et redémarrage du service concerné.
Statut: Résolu"
TICKET-0995,Demande d'information,Basse,Demande d'aide pour configurer l'application.,Fourniture de la documentation appropriée et explication détaillée.,"Catégorie: Demande d'information
Priorité: Basse
Description: Demande d'aide pour configurer l'application.
Solution: Fourniture de la documentation appropriée et explication détaillée.
Statut: Résolu"
TICKET-0996,Accès refusé,Critique,Impossible d'accéder à la base de données - Permissions insuffisantes.,Vérification des permissions utilisateur et mise à jour des droits d'accès.,"Catégorie: Accès refusé
Priorité: Critique
Description: Impossible d'accéder à la base de données - Permissions insuffisantes.
Solution: Vérification des permissions utilisateur et mise à jour des droits d'accès.
Statut: Résolu"
TICKET-0997,Erreur de connexion,Basse,Échec de connexion au serveur database - Timeout après 31 secondes.,Test de connectivité réseau et reconfiguration des paramètres.,"Catégorie: Erreur de connexion
Priorité: Basse
Description: Échec de connexion au serveur database - Timeout après 31 secondes.
Solution: Test de connectivité réseau et reconfiguration des paramètres.
Statut: Résolu"
TICKET-0998,Formation utilisateur,Critique,Problème de catégorie Formation utilisateur pour l'utilisateur 998.,Organisation de session de formation et création de guides.,"Catégorie: Formation utilisateur
Priorité: Critique
Description: Problème de catégorie Formation utilisateur pour l'utilisateur 998.
Solution: Organisation de session de formation et création de guides.
Statut: Résolu"
TICKET-0999,Bug logiciel,Critique,Erreur détectée lors de l'utilisation - Code erreur: 861.,"Identification du bug, correction dans le code et déploiement du patch.","Catégorie: Bug logiciel
Priorité: Critique
Description: Erreur détectée lors de l'utilisation - Code erreur: 861.
Solution: Identification du bug, correction dans le code et déploiement du patch.
Statut: Résolu"
TICKET-1000,Erreur de connexion,Haute,Échec de connexion au serveur email - Timeout après 105 secondes.,Test de connectivité réseau et reconfiguration des paramètres.,"Catégorie: Erreur de connexion
Priorité: Haute
Description: Échec de connexion au serveur email - Timeout après 105 secondes.
Solution: Test de connectivité réseau et reconfiguration des paramètres.
Statut: Résolu"
TICKET-1001,Bug logiciel,Basse,Erreur détectée lors de l'utilisation - Code erreur: 896.,"Identification du bug, correction dans le code et déploiement du patch.","Catégorie: Bug logiciel
Priorité: Basse
Description: Erreur détectée lors de l'utilisation - Code erreur: 896.
Solution: Identification du bug, correction dans le code et déploiement du patch.
Statut: Résolu"
TICKET-1002,Problème technique,Haute,L'utilisateur 1002 rencontre un dysfonctionnement avec l'interface.,Vérification des logs système et redémarrage du service concerné.,"Catégorie: Problème technique
Priorité: Haute
Description: L'utilisateur 1002 rencontre un dysfonctionnement avec l'interface.
Solution: Vérification des logs système et redémarrage du service concerné.
Statut: Résolu"
TICKET-1003,Problème technique,Haute,L'utilisateur 1003 rencontre un dysfonctionnement avec l'interface.,Vérification des logs système et redémarrage du service concerné.,"Catégorie: Problème technique
Priorité: Haute
Description: L'utilisateur 1003 rencontre un dysfonctionnement avec l'interface.
Solution: Vérification des logs système et redémarrage du service concerné.
Statut: Résolu"
TICKET-1004,Demande d'information,Haute,Demande d'aide pour utiliser le système.,Fourniture de la documentation appropriée et explication détaillée.,"Catégorie: Demande d'information
Priorité: Haute
Description: Demande d'aide pour utiliser le système.
Solution: Fourniture de la documentation appropriée et explication détaillée.
Statut: Résolu"
TICKET-1005,Demande d'information,Critique,Demande d'aide pour configurer l'application.,Fourniture de la documentation appropriée et explication détaillée.,"Catégorie: Demande d'information
Priorité: Critique
Description: Demande d'aide pour configurer l'application.
Solution: Fourniture de la documentation appropriée et explication détaillée.
Statut: Résolu"
TICKET-1006,Mise à jour requise,Haute,Problème de catégorie Mise à jour requise pour l'utilisateur 1006.,Planification et exécution de la mise à jour système.,"Catégorie: Mise à jour requise
Priorité: Haute
Description: Problème de catégorie Mise à jour requise pour l'utilisateur 1006.
Solution: Planification et exécution de la mise à jour système.
Statut: Résolu"
TICKET-1007,Formation utilisateur,Haute,Problème de catégorie Formation utilisateur pour l'utilisateur 1007.,Organisation de session de formation et création de guides.,"Catégorie: Formation utilisateur
Priorité: Haute
Description: Problème de catégorie Formation utilisateur pour l'utilisateur 1007.
Solution: Organisation de session de formation et création de guides.
Statut: Résolu"
TICKET-1008,Formation utilisateur,Haute,Problème de catégorie Formation utilisateur pour l'utilisateur 1008.,Organisation de session de formation et création de guides.,"Catégorie: Formation utilisateur
Priorité: Haute
Description: Problème de catégorie Formation utilisateur pour l'utilisateur 1008.
Solution: Organisation de session de formation et création de guides.
Statut: Résolu"
TICKET-1009,Mise à jour requise,Basse,Problème de catégorie Mise à jour requise pour l'utilisateur 1009.,Planification et exécution de la mise à jour système.,"Catégorie: Mise à jour requise
Priorité: Basse
Description: Problème de catégorie Mise à jour requise pour l'utilisateur 1009.
Solution: Planification et exécution de la mise à jour système.
Statut: Résolu"
TICKET-1010,Demande d'information,Normale,Demande d'aide pour comprendre la fonctionnalité.,Fourniture de la documentation appropriée et explication détaillée.,"Catégorie: Demande d'information
Priorité: Normale
Description: Demande d'aide pour comprendre la fonctionnalité.
Solution: Fourniture de la documentation appropriée et explication détaillée.
Statut: Résolu"
TICKET-1011,Mise à jour requise,Haute,Problème de catégorie Mise à jour requise pour l'utilisateur 1011.,Planification et exécution de la mise à jour système.,"Catégorie: Mise à jour requise
Priorité: Haute
Description: Problème de catégorie Mise à jour requise pour l'utilisateur 1011.
Solution: Planification et exécution de la mise à jour système.
Statut: Résolu"
TICKET-1012,Formation utilisateur,Haute,Problème de catégorie Formation utilisateur pour l'utilisateur 1012.,Organisation de session de formation et création de guides.,"Catégorie: Formation utilisateur
Priorité: Haute
Description: Problème de catégorie Formation utilisateur pour l'utilisateur 1012.
Solution: Organisation de session de formation et création de guides.
Statut: Résolu"
TICKET-1013,Bug logiciel,Critique,Erreur détectée lors de la sauvegarde - Code erreur: 663.,"Identification du bug, correction dans le code et déploiement du patch.","Catégorie: Bug logiciel
Priorité: Critique
Description: Erreur détectée lors de la sauvegarde - Code erreur: 663.
Solution: Identification du bug, correction dans le code et déploiement du patch.
Statut: Résolu"
TICKET-1014,Problème technique,Haute,L'utilisateur 1014 rencontre un dysfonctionnement avec l'interface.,Vérification des logs système et redémarrage du service concerné.,"Catégorie: Problème technique
Priorité: Haute
Description: L'utilisateur 1014 rencontre un dysfonctionnement avec l'interface.
Solution: Vérification des logs système et redémarrage du service concerné.
Statut: Résolu"
TICKET-1015,Demande d'information,Normale,Demande d'aide pour configurer l'application.,Fourniture de la documentation appropriée et explication détaillée.,"Catégorie: Demande d'information
Priorité: Normale
Description: Demande d'aide pour configurer l'application.
Solution: Fourniture de la documentation appropriée et explication détaillée.
Statut: Résolu"
TICKET-1016,Accès refusé,Critique,Impossible d'accéder à l'application - Permissions insuffisantes.,Vérification des permissions utilisateur et mise à jour des droits d'accès.,"Catégorie: Accès refusé
Priorité: Critique
Description: Impossible d'accéder à l'application - Permissions insuffisantes.
Solution: Vérification des permissions utilisateur et mise à jour des droits d'accès.
Statut: Résolu"
TICKET-1017,Accès refusé,Basse,Impossible d'accéder à la base de données - Permissions insuffisantes.,Vérification des permissions utilisateur et mise à jour des droits d'accès.,"Catégorie: Accès refusé
Priorité: Basse
Description: Impossible d'accéder à la base de données - Permissions insuffisantes.
Solution: Vérification des permissions utilisateur et mise à jour des droits d'accès.
Statut: Résolu"
TICKET-1018,Récupération de mot de passe,Critique,Problème de catégorie Récupération de mot de passe pour l'utilisateur 1018.,Solution en cours d'élaboration.,"Catégorie: Récupération de mot de passe
Priorité: Critique
Description: Problème de catégorie Récupération de mot de passe pour l'utilisateur 1018.
Solution: Solution en cours d'élaboration.
Statut: Résolu"
TICKET-1019,Formation utilisateur,Basse,Problème de catégorie Formation utilisateur pour l'utilisateur 1019.,Organisation de session de formation et création de guides.,"Catégorie: Formation utilisateur
Priorité: Basse
Description: Problème de catégorie Formation utilisateur pour l'utilisateur 1019.
Solution: Organisation de session de formation et création de guides.
Statut: Résolu"
TICKET-1020,Récupération de mot de passe,Normale,Problème de catégorie Récupération de mot de passe pour l'utilisateur 1020.,Solution en cours d'élaboration.,"Catégorie: Récupération de mot de passe
Priorité: Normale
Description: Problème de catégorie Récupération de mot de passe pour l'utilisateur 1020.
Solution: Solution en cours d'élaboration.
Statut: Résolu"
TICKET-1021,Demande d'information,Critique,Demande d'aide pour comprendre le système.,Fourniture de la documentation appropriée et explication détaillée.,"Catégorie: Demande d'information
Priorité: Critique
Description: Demande d'aide pour comprendre le système.
Solution: Fourniture de la documentation appropriée et explication détaillée.
Statut: Résolu"
TICKET-1022,Performance lente,Normale,Temps de réponse très élevé lors de la recherche - 6 secondes.,Optimisation des requêtes et vérification de la charge serveur.,"Catégorie: Performance lente
Priorité: Normale
Description: Temps de réponse très élevé lors de la recherche - 6 secondes.
Solution: Optimisation des requêtes et vérification de la charge serveur.
Statut: Résolu"
TICKET-1023,Récupération de mot de passe,Critique,Problème de catégorie Récupération de mot de passe pour l'utilisateur 1023.,Solution en cours d'élaboration.,"Catégorie: Récupération de mot de passe
Priorité: Critique
Description: Problème de catégorie Récupération de mot de passe pour l'utilisateur 1023.
Solution: Solution en cours d'élaboration.
Statut: Résolu"
TICKET-1024,Récupération de mot de passe,Normale,Problème de catégorie Récupération de mot de passe pour l'utilisateur 1024.,Solution en cours d'élaboration.,"Catégorie: Récupération de mot de passe
Priorité: Normale
Description: Problème de catégorie Récupération de mot de passe pour l'utilisateur 1024.
Solution: Solution en cours d'élaboration.
Statut: Résolu"
TICKET-1025,Problème technique,Normale,L'utilisateur 1025 rencontre un dysfonctionnement avec le système.,Vérification des logs système et redémarrage du service concerné.,"Catégorie: Problème technique
Priorité: Normale
Description: L'utilisateur 1025 rencontre un dysfonctionnement avec le système.
Solution: Vérification des logs système et redémarrage du service concerné.
Statut: Résolu"
TICKET-1026,Mise à jour requise,Haute,Problème de catégorie Mise à jour requise pour l'utilisateur 1026.,Planification et exécution de la mise à jour système.,"Catégorie: Mise à jour requise
Priorité: Haute
Description: Problème de catégorie Mise à jour requise pour l'utilisateur 1026.
Solution: Planification et exécution de la mise à jour système.
Statut: Résolu"
TICKET-1027,Erreur de connexion,Critique,Échec de connexion au serveur web - Timeout après 44 secondes.,Test de connectivité réseau et reconfiguration des paramètres.,"Catégorie: Erreur de connexion
Priorité: Critique
Description: Échec de connexion au serveur web - Timeout après 44 secondes.
Solution: Test de connectivité réseau et reconfiguration des paramètres.
Statut: Résolu"
TICKET-1028,Récupération de mot de passe,Critique,Problème de catégorie Récupération de mot de passe pour l'utilisateur 1028.,Solution en cours d'élaboration.,"Catégorie: Récupération de mot de passe
Priorité: Critique
Description: Problème de catégorie Récupération de mot de passe pour l'utilisateur 1028.
Solution: Solution en cours d'élaboration.
Statut: Résolu"
TICKET-1029,Mise à jour requise,Basse,Problème de catégorie Mise à jour requise pour l'utilisateur 1029.,Planification et exécution de la mise à jour système.,"Catégorie: Mise à jour requise
Priorité: Basse
Description: Problème de catégorie Mise à jour requise pour l'utilisateur 1029.
Solution: Planification et exécution de la mise à jour système.
Statut: Résolu"
TICKET-1030,Mise à jour requise,Normale,Problème de catégorie Mise à jour requise pour l'utilisateur 1030.,Planification et exécution de la mise à jour système.,"Catégorie: Mise à jour requise
Priorité: Normale
Description: Problème de catégorie Mise à jour requise pour l'utilisateur 1030.
Solution: Planification et exécution de la mise à jour système.
Statut: Résolu"
TICKET-1031,Mise à jour requise,Basse,Problème de catégorie Mise à jour requise pour l'utilisateur 1031.,Planification et exécution de la mise à jour système.,"Catégorie: Mise à jour requise
Priorité: Basse
Description: Problème de catégorie Mise à jour requise pour l'utilisateur 1031.
Solution: Planification et exécution de la mise à jour système.
Statut: Résolu"
TICKET-1032,Mise à jour requise,Basse,Problème de catégorie Mise à jour requise pour l'utilisateur 1032.,Planification et exécution de la mise à jour système.,"Catégorie: Mise à jour requise
Priorité: Basse
Description: Problème de catégorie Mise à jour requise pour l'utilisateur 1032.
Solution: Planification et exécution de la mise à jour système.
Statut: Résolu"
TICKET-1033,Accès refusé,Critique,Impossible d'accéder à le serveur - Permissions insuffisantes.,Vérification des permissions utilisateur et mise à jour des droits d'accès.,"Catégorie: Accès refusé
Priorité: Critique
Description: Impossible d'accéder à le serveur - Permissions insuffisantes.
Solution: Vérification des permissions utilisateur et mise à jour des droits d'accès.
Statut: Résolu"
TICKET-1034,Bug logiciel,Basse,Erreur détectée lors de l'utilisation - Code erreur: 832.,"Identification du bug, correction dans le code et déploiement du patch.","Catégorie: Bug logiciel
Priorité: Basse
Description: Erreur détectée lors de l'utilisation - Code erreur: 832.
Solution: Identification du bug, correction dans le code et déploiement du patch.
Statut: Résolu"
TICKET-1035,Récupération de mot de passe,Critique,Problème de catégorie Récupération de mot de passe pour l'utilisateur 1035.,Solution en cours d'élaboration.,"Catégorie: Récupération de mot de passe
Priorité: Critique
Description: Problème de catégorie Récupération de mot de passe pour l'utilisateur 1035.
Solution: Solution en cours d'élaboration.
Statut: Résolu"
TICKET-1036,Accès refusé,Critique,Impossible d'accéder à le serveur - Permissions insuffisantes.,Vérification des permissions utilisateur et mise à jour des droits d'accès.,"Catégorie: Accès refusé
Priorité: Critique
Description: Impossible d'accéder à le serveur - Permissions insuffisantes.
Solution: Vérification des permissions utilisateur et mise à jour des droits d'accès.
Statut: Résolu"
TICKET-1037,Récupération de mot de passe,Critique,Problème de catégorie Récupération de mot de passe pour l'utilisateur 1037.,Solution en cours d'élaboration.,"Catégorie: Récupération de mot de passe
Priorité: Critique
Description: Problème de catégorie Récupération de mot de passe pour l'utilisateur 1037.
Solution: Solution en cours d'élaboration.
Statut: Résolu"
TICKET-1038,Mise à jour requise,Haute,Problème de catégorie Mise à jour requise pour l'utilisateur 1038.,Planification et exécution de la mise à jour système.,"Catégorie: Mise à jour requise
Priorité: Haute
Description: Problème de catégorie Mise à jour requise pour l'utilisateur 1038.
Solution: Planification et exécution de la mise à jour système.
Statut: Résolu"
TICKET-1039,Formation utilisateur,Basse,Problème de catégorie Formation utilisateur pour l'utilisateur 1039.,Organisation de session de formation et création de guides.,"Catégorie: Formation utilisateur
Priorité: Basse
Description: Problème de catégorie Formation utilisateur pour l'utilisateur 1039.
Solution: Organisation de session de formation et création de guides.
Statut: Résolu"
TICKET-1040,Récupération de mot de passe,Normale,Problème de catégorie Récupération de mot de passe pour l'utilisateur 1040.,Solution en cours d'élaboration.,"Catégorie: Récupération de mot de passe
Priorité: Normale
Description: Problème de catégorie Récupération de mot de passe pour l'utilisateur 1040.
Solution: Solution en cours d'élaboration.
Statut: Résolu"
TICKET-1041,Demande d'information,Basse,Demande d'aide pour utiliser l'application.,Fourniture de la documentation appropriée et explication détaillée.,"Catégorie: Demande d'information
Priorité: Basse
Description: Demande d'aide pour utiliser l'application.
Solution: Fourniture de la documentation appropriée et explication détaillée.
Statut: Résolu"
TICKET-1042,Erreur de connexion,Critique,Échec de connexion au serveur web - Timeout après 117 secondes.,Test de connectivité réseau et reconfiguration des paramètres.,"Catégorie: Erreur de connexion
Priorité: Critique
Description: Échec de connexion au serveur web - Timeout après 117 secondes.
Solution: Test de connectivité réseau et reconfiguration des paramètres.
Statut: Résolu"
TICKET-1043,Mise à jour requise,Haute,Problème de catégorie Mise à jour requise pour l'utilisateur 1043.,Planification et exécution de la mise à jour système.,"Catégorie: Mise à jour requise
Priorité: Haute
Description: Problème de catégorie Mise à jour requise pour l'utilisateur 1043.
Solution: Planification et exécution de la mise à jour système.
Statut: Résolu"
TICKET-1044,Erreur de connexion,Critique,Échec de connexion au serveur web - Timeout après 105 secondes.,Test de connectivité réseau et reconfiguration des paramètres.,"Catégorie: Erreur de connexion
Priorité: Critique
Description: Échec de connexion au serveur web - Timeout après 105 secondes.
Solution: Test de connectivité réseau et reconfiguration des paramètres.
Statut: Résolu"
TICKET-1045,Performance lente,Critique,Temps de réponse très élevé lors de la recherche - 9 secondes.,Optimisation des requêtes et vérification de la charge serveur.,"Catégorie: Performance lente
Priorité: Critique
Description: Temps de réponse très élevé lors de la recherche - 9 secondes.
Solution: Optimisation des requêtes et vérification de la charge serveur.
Statut: Résolu"
TICKET-1046,Récupération de mot de passe,Normale,Problème de catégorie Récupération de mot de passe pour l'utilisateur 1046.,Solution en cours d'élaboration.,"Catégorie: Récupération de mot de passe
Priorité: Normale
Description: Problème de catégorie Récupération de mot de passe pour l'utilisateur 1046.
Solution: Solution en cours d'élaboration.
Statut: Résolu"
TICKET-1047,Récupération de mot de passe,Critique,Problème de catégorie Récupération de mot de passe pour l'utilisateur 1047.,Solution en cours d'élaboration.,"Catégorie: Récupération de mot de passe
Priorité: Critique
Description: Problème de catégorie Récupération de mot de passe pour l'utilisateur 1047.
Solution: Solution en cours d'élaboration.
Statut: Résolu"
TICKET-1048,Mise à jour requise,Critique,Problème de catégorie Mise à jour requise pour l'utilisateur 1048.,Planification et exécution de la mise à jour système.,"Catégorie: Mise à jour requise
Priorité: Critique
Description: Problème de catégorie Mise à jour requise pour l'utilisateur 1048.
Solution: Planification et exécution de la mise à jour système.
Statut: Résolu"
TICKET-1049,Formation utilisateur,Normale,Problème de catégorie Formation utilisateur pour l'utilisateur 1049.,Organisation de session de formation et création de guides.,"Catégorie: Formation utilisateur
Priorité: Normale
Description: Problème de catégorie Formation utilisateur pour l'utilisateur 1049.
Solution: Organisation de session de formation et création de guides.
Statut: Résolu"
TICKET-1050,Mise à jour requise,Haute,Problème de catégorie Mise à jour requise pour l'utilisateur 1050.,Planification et exécution de la mise à jour système.,"Catégorie: Mise à jour requise
Priorité: Haute
Description: Problème de catégorie Mise à jour requise pour l'utilisateur 1050.
Solution: Planification et exécution de la mise à jour système.
Statut: Résolu"
TICKET-1051,Récupération de mot de passe,Basse,Problème de catégorie Récupération de mot de passe pour l'utilisateur 1051.,Solution en cours d'élaboration.,"Catégorie: Récupération de mot de passe
Priorité: Basse
Description: Problème de catégorie Récupération de mot de passe pour l'utilisateur 1051.
Solution: Solution en cours d'élaboration.
Statut: Résolu"
TICKET-1052,Bug logiciel,Critique,Erreur détectée lors de la connexion - Code erreur: 934.,"Identification du bug, correction dans le code et déploiement du patch.","Catégorie: Bug logiciel
Priorité: Critique
Description: Erreur détectée lors de la connexion - Code erreur: 934.
Solution: Identification du bug, correction dans le code et déploiement du patch.
Statut: Résolu"
TICKET-1053,Problème technique,Haute,L'utilisateur 1053 rencontre un dysfonctionnement avec l'application.,Vérification des logs système et redémarrage du service concerné.,"Catégorie: Problème technique
Priorité: Haute
Description: L'utilisateur 1053 rencontre un dysfonctionnement avec l'application.
Solution: Vérification des logs système et redémarrage du service concerné.
Statut: Résolu"
TICKET-1054,Bug logiciel,Haute,Erreur détectée lors de l'utilisation - Code erreur: 345.,"Identification du bug, correction dans le code et déploiement du patch.","Catégorie: Bug logiciel
Priorité: Haute
Description: Erreur détectée lors de l'utilisation - Code erreur: 345.
Solution: Identification du bug, correction dans le code et déploiement du patch.
Statut: Résolu"
TICKET-1055,Demande d'information,Haute,Demande d'aide pour configurer le système.,Fourniture de la documentation appropriée et explication détaillée.,"Catégorie: Demande d'information
Priorité: Haute
Description: Demande d'aide pour configurer le système.
Solution: Fourniture de la documentation appropriée et explication détaillée.
Statut: Résolu"
TICKET-1056,Erreur de connexion,Critique,Échec de connexion au serveur email - Timeout après 46 secondes.,Test de connectivité réseau et reconfiguration des paramètres.,"Catégorie: Erreur de connexion
Priorité: Critique
Description: Échec de connexion au serveur email - Timeout après 46 secondes.
Solution: Test de connectivité réseau et reconfiguration des paramètres.
Statut: Résolu"
TICKET-1057,Accès refusé,Haute,Impossible d'accéder à la base de données - Permissions insuffisantes.,Vérification des permissions utilisateur et mise à jour des droits d'accès.,"Catégorie: Accès refusé
Priorité: Haute
Description: Impossible d'accéder à la base de données - Permissions insuffisantes.
Solution: Vérification des permissions utilisateur et mise à jour des droits d'accès.
Statut: Résolu"
TICKET-1058,Erreur de connexion,Normale,Échec de connexion au serveur email - Timeout après 40 secondes.,Test de connectivité réseau et reconfiguration des paramètres.,"Catégorie: Erreur de connexion
Priorité: Normale
Description: Échec de connexion au serveur email - Timeout après 40 secondes.
Solution: Test de connectivité réseau et reconfiguration des paramètres.
Statut: Résolu"
TICKET-1059,Performance lente,Basse,Temps de réponse très élevé lors de la connexion - 16 secondes.,Optimisation des requêtes et vérification de la charge serveur.,"Catégorie: Performance lente
Priorité: Basse
Description: Temps de réponse très élevé lors de la connexion - 16 secondes.
Solution: Optimisation des requêtes et vérification de la charge serveur.
Statut: Résolu"
TICKET-1060,Performance lente,Critique,Temps de réponse très élevé lors de la connexion - 8 secondes.,Optimisation des requêtes et vérification de la charge serveur.,"Catégorie: Performance lente
Priorité: Critique
Description: Temps de réponse très élevé lors de la connexion - 8 secondes.
Solution: Optimisation des requêtes et vérification de la charge serveur.
Statut: Résolu"
TICKET-1061,Bug logiciel,Normale,Erreur détectée lors de la sauvegarde - Code erreur: 820.,"Identification du bug, correction dans le code et déploiement du patch.","Catégorie: Bug logiciel
Priorité: Normale
Description: Erreur détectée lors de la sauvegarde - Code erreur: 820.
Solution: Identification du bug, correction dans le code et déploiement du patch.
Statut: Résolu"
TICKET-1062,Mise à jour requise,Critique,Problème de catégorie Mise à jour requise pour l'utilisateur 1062.,Planification et exécution de la mise à jour système.,"Catégorie: Mise à jour requise
Priorité: Critique
Description: Problème de catégorie Mise à jour requise pour l'utilisateur 1062.
Solution: Planification et exécution de la mise à jour système.
Statut: Résolu"
TICKET-1063,Problème technique,Normale,L'utilisateur 1063 rencontre un dysfonctionnement avec le système.,Vérification des logs système et redémarrage du service concerné.,"Catégorie: Problème technique
Priorité: Normale
Description: L'utilisateur 1063 rencontre un dysfonctionnement avec le système.
Solution: Vérification des logs système et redémarrage du service concerné.
Statut: Résolu"
TICKET-1064,Erreur de connexion,Critique,Échec de connexion au serveur database - Timeout après 31 secondes.,Test de connectivité réseau et reconfiguration des paramètres.,"Catégorie: Erreur de connexion
Priorité: Critique
Description: Échec de connexion au serveur database - Timeout après 31 secondes.
Solution: Test de connectivité réseau et reconfiguration des paramètres.
Statut: Résolu"
TICKET-1065,Performance lente,Critique,Temps de réponse très élevé lors de l'affichage - 26 secondes.,Optimisation des requêtes et vérification de la charge serveur.,"Catégorie: Performance lente
Priorité: Critique
Description: Temps de réponse très élevé lors de l'affichage - 26 secondes.
Solution: Optimisation des requêtes et vérification de la charge serveur.
Statut: Résolu"
TICKET-1066,Récupération de mot de passe,Critique,Problème de catégorie Récupération de mot de passe pour l'utilisateur 1066.,Solution en cours d'élaboration.,"Catégorie: Récupération de mot de passe
Priorité: Critique
Description: Problème de catégorie Récupération de mot de passe pour l'utilisateur 1066.
Solution: Solution en cours d'élaboration.
Statut: Résolu"
TICKET-1067,Problème technique,Haute,L'utilisateur 1067 rencontre un dysfonctionnement avec l'interface.,Vérification des logs système et redémarrage du service concerné.,"Catégorie: Problème technique
Priorité: Haute
Description: L'utilisateur 1067 rencontre un dysfonctionnement avec l'interface.
Solution: Vérification des logs système et redémarrage du service concerné.
Statut: Résolu"
TICKET-1068,Accès refusé,Basse,Impossible d'accéder à la base de données - Permissions insuffisantes.,Vérification des permissions utilisateur et mise à jour des droits d'accès.,"Catégorie: Accès refusé
Priorité: Basse
Description: Impossible d'accéder à la base de données - Permissions insuffisantes.
Solution: Vérification des permissions utilisateur et mise à jour des droits d'accès.
Statut: Résolu"
TICKET-1069,Problème technique,Normale,L'utilisateur 1069 rencontre un dysfonctionnement avec l'interface.,Vérification des logs système et redémarrage du service concerné.,"Catégorie: Problème technique
Priorité: Normale
Description: L'utilisateur 1069 rencontre un dysfonctionnement avec l'interface.
Solution: Vérification des logs système et redémarrage du service concerné.
Statut: Résolu"
TICKET-1070,Demande d'information,Normale,Demande d'aide pour configurer l'application.,Fourniture de la documentation appropriée et explication détaillée.,"Catégorie: Demande d'information
Priorité: Normale
Description: Demande d'aide pour configurer l'application.
Solution: Fourniture de la documentation appropriée et explication détaillée.
Statut: Résolu"
TICKET-1071,Problème technique,Normale,L'utilisateur 1071 rencontre un dysfonctionnement avec l'application.,Vérification des logs système et redémarrage du service concerné.,"Catégorie: Problème technique
Priorité: Normale
Description: L'utilisateur 1071 rencontre un dysfonctionnement avec l'application.
Solution: Vérification des logs système et redémarrage du service concerné.
Statut: Résolu"
TICKET-1072,Mise à jour requise,Haute,Problème de catégorie Mise à jour requise pour l'utilisateur 1072.,Planification et exécution de la mise à jour système.,"Catégorie: Mise à jour requise
Priorité: Haute
Description: Problème de catégorie Mise à jour requise pour l'utilisateur 1072.
Solution: Planification et exécution de la mise à jour système.
Statut: Résolu"
TICKET-1073,Bug logiciel,Basse,Erreur détectée lors de la connexion - Code erreur: 552.,"Identification du bug, correction dans le code et déploiement du patch.","Catégorie: Bug logiciel
Priorité: Basse
Description: Erreur détectée lors de la connexion - Code erreur: 552.
Solution: Identification du bug, correction dans le code et déploiement du patch.
Statut: Résolu"
TICKET-1074,Problème technique,Basse,L'utilisateur 1074 rencontre un dysfonctionnement avec l'application.,Vérification des logs système et redémarrage du service concerné.,"Catégorie: Problème technique
Priorité: Basse
Description: L'utilisateur 1074 rencontre un dysfonctionnement avec l'application.
Solution: Vérification des logs système et redémarrage du service concerné.
Statut: Résolu"
TICKET-1075,Formation utilisateur,Critique,Problème de catégorie Formation utilisateur pour l'utilisateur 1075.,Organisation de session de formation et création de guides.,"Catégorie: Formation utilisateur
Priorité: Critique
Description: Problème de catégorie Formation utilisateur pour l'utilisateur 1075.
Solution: Organisation de session de formation et création de guides.
Statut: Résolu"
TICKET-1076,Bug logiciel,Normale,Erreur détectée lors de la sauvegarde - Code erreur: 401.,"Identification du bug, correction dans le code et déploiement du patch.","Catégorie: Bug logiciel
Priorité: Normale
Description: Erreur détectée lors de la sauvegarde - Code erreur: 401.
Solution: Identification du bug, correction dans le code et déploiement du patch.
Statut: Résolu"
TICKET-1077,Accès refusé,Basse,Impossible d'accéder à le serveur - Permissions insuffisantes.,Vérification des permissions utilisateur et mise à jour des droits d'accès.,"Catégorie: Accès refusé
Priorité: Basse
Description: Impossible d'accéder à le serveur - Permissions insuffisantes.
Solution: Vérification des permissions utilisateur et mise à jour des droits d'accès.
Statut: Résolu"
TICKET-1078,Erreur de connexion,Basse,Échec de connexion au serveur email - Timeout après 104 secondes.,Test de connectivité réseau et reconfiguration des paramètres.,"Catégorie: Erreur de connexion
Priorité: Basse
Description: Échec de connexion au serveur email - Timeout après 104 secondes.
Solution: Test de connectivité réseau et reconfiguration des paramètres.
Statut: Résolu"
TICKET-1079,Mise à jour requise,Haute,Problème de catégorie Mise à jour requise pour l'utilisateur 1079.,Planification et exécution de la mise à jour système.,"Catégorie: Mise à jour requise
Priorité: Haute
Description: Problème de catégorie Mise à jour requise pour l'utilisateur 1079.
Solution: Planification et exécution de la mise à jour système.
Statut: Résolu"
TICKET-1080,Formation utilisateur,Critique,Problème de catégorie Formation utilisateur pour l'utilisateur 1080.,Organisation de session de formation et création de guides.,"Catégorie: Formation utilisateur
Priorité: Critique
Description: Problème de catégorie Formation utilisateur pour l'utilisateur 1080.
Solution: Organisation de session de formation et création de guides.
Statut: Résolu"
TICKET-1081,Demande d'information,Normale,Demande d'aide pour comprendre l'application.,Fourniture de la documentation appropriée et explication détaillée.,"Catégorie: Demande d'information
Priorité: Normale
Description: Demande d'aide pour comprendre l'application.
Solution: Fourniture de la documentation appropriée et explication détaillée.
Statut: Résolu"
TICKET-1082,Problème technique,Normale,L'utilisateur 1082 rencontre un dysfonctionnement avec le système.,Vérification des logs système et redémarrage du service concerné.,"Catégorie: Problème technique
Priorité: Normale
Description: L'utilisateur 1082 rencontre un dysfonctionnement avec le système.
Solution: Vérification des logs système et redémarrage du service concerné.
Statut: Résolu"
TICKET-1083,Bug logiciel,Critique,Erreur détectée lors de l'utilisation - Code erreur: 591.,"Identification du bug, correction dans le code et déploiement du patch.","Catégorie: Bug logiciel
Priorité: Critique
Description: Erreur détectée lors de l'utilisation - Code erreur: 591.
Solution: Identification du bug, correction dans le code et déploiement du patch.
Statut: Résolu"
TICKET-1084,Problème technique,Critique,L'utilisateur 1084 rencontre un dysfonctionnement avec l'interface.,Vérification des logs système et redémarrage du service concerné.,"Catégorie: Problème technique
Priorité: Critique
Description: L'utilisateur 1084 rencontre un dysfonctionnement avec l'interface.
Solution: Vérification des logs système et redémarrage du service concerné.
Statut: Résolu"
TICKET-1085,Bug logiciel,Normale,Erreur détectée lors de la connexion - Code erreur: 715.,"Identification du bug, correction dans le code et déploiement du patch.","Catégorie: Bug logiciel
Priorité: Normale
Description: Erreur détectée lors de la connexion - Code erreur: 715.
Solution: Identification du bug, correction dans le code et déploiement du patch.
Statut: Résolu"
TICKET-1086,Demande d'information,Normale,Demande d'aide pour utiliser la fonctionnalité.,Fourniture de la documentation appropriée et explication détaillée.,"Catégorie: Demande d'information
Priorité: Normale
Description: Demande d'aide pour utiliser la fonctionnalité.
Solution: Fourniture de la documentation appropriée et explication détaillée.
Statut: Résolu"
TICKET-1087,Mise à jour requise,Haute,Problème de catégorie Mise à jour requise pour l'utilisateur 1087.,Planification et exécution de la mise à jour système.,"Catégorie: Mise à jour requise
Priorité: Haute
Description: Problème de catégorie Mise à jour requise pour l'utilisateur 1087.
Solution: Planification et exécution de la mise à jour système.
Statut: Résolu"
TICKET-1088,Problème technique,Critique,L'utilisateur 1088 rencontre un dysfonctionnement avec l'interface.,Vérification des logs système et redémarrage du service concerné.,"Catégorie: Problème technique
Priorité: Critique
Description: L'utilisateur 1088 rencontre un dysfonctionnement avec l'interface.
Solution: Vérification des logs système et redémarrage du service concerné.
Statut: Résolu"
TICKET-1089,Récupération de mot de passe,Haute,Problème de catégorie Récupération de mot de passe pour l'utilisateur 1089.,Solution en cours d'élaboration.,"Catégorie: Récupération de mot de passe
Priorité: Haute
Description: Problème de catégorie Récupération de mot de passe pour l'utilisateur 1089.
Solution: Solution en cours d'élaboration.
Statut: Résolu"
TICKET-1090,Formation utilisateur,Haute,Problème de catégorie Formation utilisateur pour l'utilisateur 1090.,Organisation de session de formation et création de guides.,"Catégorie: Formation utilisateur
Priorité: Haute
Description: Problème de catégorie Formation utilisateur pour l'utilisateur 1090.
Solution: Organisation de session de formation et création de guides.
Statut: Résolu"
TICKET-1091,Erreur de connexion,Normale,Échec de connexion au serveur web - Timeout après 90 secondes.,Test de connectivité réseau et reconfiguration des paramètres.,"Catégorie: Erreur de connexion
Priorité: Normale
Description: Échec de connexion au serveur web - Timeout après 90 secondes.
Solution: Test de connectivité réseau et reconfiguration des paramètres.
Statut: Résolu"
TICKET-1092,Formation utilisateur,Normale,Problème de catégorie Formation utilisateur pour l'utilisateur 1092.,Organisation de session de formation et création de guides.,"Catégorie: Formation utilisateur
Priorité: Normale
Description: Problème de catégorie Formation utilisateur pour l'utilisateur 1092.
Solution: Organisation de session de formation et création de guides.
Statut: Résolu"
TICKET-1093,Problème technique,Critique,L'utilisateur 1093 rencontre un dysfonctionnement avec l'interface.,Vérification des logs système et redémarrage du service concerné.,"Catégorie: Problème technique
Priorité: Critique
Description: L'utilisateur 1093 rencontre un dysfonctionnement avec l'interface.
Solution: Vérification des logs système et redémarrage du service concerné.
Statut: Résolu"
TICKET-1094,Bug logiciel,Critique,Erreur détectée lors de la connexion - Code erreur: 426.,"Identification du bug, correction dans le code et déploiement du patch.","Catégorie: Bug logiciel
Priorité: Critique
Description: Erreur détectée lors de la connexion - Code erreur: 426.
Solution: Identification du bug, correction dans le code et déploiement du patch.
Statut: Résolu"
TICKET-1095,Erreur de connexion,Haute,Échec de connexion au serveur web - Timeout après 57 secondes.,Test de connectivité réseau et reconfiguration des paramètres.,"Catégorie: Erreur de connexion
Priorité: Haute
Description: Échec de connexion au serveur web - Timeout après 57 secondes.
Solution: Test de connectivité réseau et reconfiguration des paramètres.
Statut: Résolu"
TICKET-1096,Performance lente,Haute,Temps de réponse très élevé lors de l'affichage - 24 secondes.,Optimisation des requêtes et vérification de la charge serveur.,"Catégorie: Performance lente
Priorité: Haute
Description: Temps de réponse très élevé lors de l'affichage - 24 secondes.
Solution: Optimisation des requêtes et vérification de la charge serveur.
Statut: Résolu"
TICKET-1097,Erreur de connexion,Normale,Échec de connexion au serveur email - Timeout après 87 secondes.,Test de connectivité réseau et reconfiguration des paramètres.,"Catégorie: Erreur de connexion
Priorité: Normale
Description: Échec de connexion au serveur email - Timeout après 87 secondes.
Solution: Test de connectivité réseau et reconfiguration des paramètres.
Statut: Résolu"
TICKET-1098,Demande d'information,Critique,Demande d'aide pour configurer l'application.,Fourniture de la documentation appropriée et explication détaillée.,"Catégorie: Demande d'information
Priorité: Critique
Description: Demande d'aide pour configurer l'application.
Solution: Fourniture de la documentation appropriée et explication détaillée.
Statut: Résolu"
TICKET-1099,Demande d'information,Basse,Demande d'aide pour configurer le système.,Fourniture de la documentation appropriée et explication détaillée.,"Catégorie: Demande d'information
Priorité: Basse
Description: Demande d'aide pour configurer le système.
Solution: Fourniture de la documentation appropriée et explication détaillée.
Statut: Résolu"
TICKET-1100,Performance lente,Normale,Temps de réponse très élevé lors de la recherche - 12 secondes.,Optimisation des requêtes et vérification de la charge serveur.,"Catégorie: Performance lente
Priorité: Normale
Description: Temps de réponse très élevé lors de la recherche - 12 secondes.
Solution: Optimisation des requêtes et vérification de la charge serveur.
Statut: Résolu"
TICKET-1101,Formation utilisateur,Haute,Problème de catégorie Formation utilisateur pour l'utilisateur 1101.,Organisation de session de formation et création de guides.,"Catégorie: Formation utilisateur
Priorité: Haute
Description: Problème de catégorie Formation utilisateur pour l'utilisateur 1101.
Solution: Organisation de session de formation et création de guides.
Statut: Résolu"
TICKET-1102,Erreur de connexion,Critique,Échec de connexion au serveur email - Timeout après 30 secondes.,Test de connectivité réseau et reconfiguration des paramètres.,"Catégorie: Erreur de connexion
Priorité: Critique
Description: Échec de connexion au serveur email - Timeout après 30 secondes.
Solution: Test de connectivité réseau et reconfiguration des paramètres.
Statut: Résolu"
TICKET-1103,Récupération de mot de passe,Basse,Problème de catégorie Récupération de mot de passe pour l'utilisateur 1103.,Solution en cours d'élaboration.,"Catégorie: Récupération de mot de passe
Priorité: Basse
Description: Problème de catégorie Récupération de mot de passe pour l'utilisateur 1103.
Solution: Solution en cours d'élaboration.
Statut: Résolu"
TICKET-1104,Accès refusé,Basse,Impossible d'accéder à l'application - Permissions insuffisantes.,Vérification des permissions utilisateur et mise à jour des droits d'accès.,"Catégorie: Accès refusé
Priorité: Basse
Description: Impossible d'accéder à l'application - Permissions insuffisantes.
Solution: Vérification des permissions utilisateur et mise à jour des droits d'accès.
Statut: Résolu"
TICKET-1105,Mise à jour requise,Haute,Problème de catégorie Mise à jour requise pour l'utilisateur 1105.,Planification et exécution de la mise à jour système.,"Catégorie: Mise à jour requise
Priorité: Haute
Description: Problème de catégorie Mise à jour requise pour l'utilisateur 1105.
Solution: Planification et exécution de la mise à jour système.
Statut: Résolu"
TICKET-1106,Problème technique,Normale,L'utilisateur 1106 rencontre un dysfonctionnement avec l'interface.,Vérification des logs système et redémarrage du service concerné.,"Catégorie: Problème technique
Priorité: Normale
Description: L'utilisateur 1106 rencontre un dysfonctionnement avec l'interface.
Solution: Vérification des logs système et redémarrage du service concerné.
Statut: Résolu"
TICKET-1107,Accès refusé,Normale,Impossible d'accéder à la base de données - Permissions insuffisantes.,Vérification des permissions utilisateur et mise à jour des droits d'accès.,"Catégorie: Accès refusé
Priorité: Normale
Description: Impossible d'accéder à la base de données - Permissions insuffisantes.
Solution: Vérification des permissions utilisateur et mise à jour des droits d'accès.
Statut: Résolu"
TICKET-1108,Problème technique,Haute,L'utilisateur 1108 rencontre un dysfonctionnement avec le système.,Vérification des logs système et redémarrage du service concerné.,"Catégorie: Problème technique
Priorité: Haute
Description: L'utilisateur 1108 rencontre un dysfonctionnement avec le système.
Solution: Vérification des logs système et redémarrage du service concerné.
Statut: Résolu"
TICKET-1109,Problème technique,Critique,L'utilisateur 1109 rencontre un dysfonctionnement avec le système.,Vérification des logs système et redémarrage du service concerné.,"Catégorie: Problème technique
Priorité: Critique
Description: L'utilisateur 1109 rencontre un dysfonctionnement avec le système.
Solution: Vérification des logs système et redémarrage du service concerné.
Statut: Résolu"
TICKET-1110,Formation utilisateur,Critique,Problème de catégorie Formation utilisateur pour l'utilisateur 1110.,Organisation de session de formation et création de guides.,"Catégorie: Formation utilisateur
Priorité: Critique
Description: Problème de catégorie Formation utilisateur pour l'utilisateur 1110.
Solution: Organisation de session de formation et création de guides.
Statut: Résolu"
TICKET-1111,Problème technique,Normale,L'utilisateur 1111 rencontre un dysfonctionnement avec l'interface.,Vérification des logs système et redémarrage du service concerné.,"Catégorie: Problème technique
Priorité: Normale
Description: L'utilisateur 1111 rencontre un dysfonctionnement avec l'interface.
Solution: Vérification des logs système et redémarrage du service concerné.
Statut: Résolu"
TICKET-1112,Récupération de mot de passe,Normale,Problème de catégorie Récupération de mot de passe pour l'utilisateur 1112.,Solution en cours d'élaboration.,"Catégorie: Récupération de mot de passe
Priorité: Normale
Description: Problème de catégorie Récupération de mot de passe pour l'utilisateur 1112.
Solution: Solution en cours d'élaboration.
Statut: Résolu"
TICKET-1113,Bug logiciel,Basse,Erreur détectée lors de la connexion - Code erreur: 260.,"Identification du bug, correction dans le code et déploiement du patch.","Catégorie: Bug logiciel
Priorité: Basse
Description: Erreur détectée lors de la connexion - Code erreur: 260.
Solution: Identification du bug, correction dans le code et déploiement du patch.
Statut: Résolu"
TICKET-1114,Erreur de connexion,Normale,Échec de connexion au serveur email - Timeout après 120 secondes.,Test de connectivité réseau et reconfiguration des paramètres.,"Catégorie: Erreur de connexion
Priorité: Normale
Description: Échec de connexion au serveur email - Timeout après 120 secondes.
Solution: Test de connectivité réseau et reconfiguration des paramètres.
Statut: Résolu"
TICKET-1115,Performance lente,Haute,Temps de réponse très élevé lors de l'affichage - 10 secondes.,Optimisation des requêtes et vérification de la charge serveur.,"Catégorie: Performance lente
Priorité: Haute
Description: Temps de réponse très élevé lors de l'affichage - 10 secondes.
Solution: Optimisation des requêtes et vérification de la charge serveur.
Statut: Résolu"
TICKET-1116,Demande d'information,Normale,Demande d'aide pour comprendre la fonctionnalité.,Fourniture de la documentation appropriée et explication détaillée.,"Catégorie: Demande d'information
Priorité: Normale
Description: Demande d'aide pour comprendre la fonctionnalité.
Solution: Fourniture de la documentation appropriée et explication détaillée.
Statut: Résolu"
TICKET-1117,Accès refusé,Basse,Impossible d'accéder à le serveur - Permissions insuffisantes.,Vérification des permissions utilisateur et mise à jour des droits d'accès.,"Catégorie: Accès refusé
Priorité: Basse
Description: Impossible d'accéder à le serveur - Permissions insuffisantes.
Solution: Vérification des permissions utilisateur et mise à jour des droits d'accès.
Statut: Résolu"
TICKET-1118,Demande d'information,Haute,Demande d'aide pour utiliser le système.,Fourniture de la documentation appropriée et explication détaillée.,"Catégorie: Demande d'information
Priorité: Haute
Description: Demande d'aide pour utiliser le système.
Solution: Fourniture de la documentation appropriée et explication détaillée.
Statut: Résolu"
TICKET-1119,Bug logiciel,Critique,Erreur détectée lors de l'utilisation - Code erreur: 821.,"Identification du bug, correction dans le code et déploiement du patch.","Catégorie: Bug logiciel
Priorité: Critique
Description: Erreur détectée lors de l'utilisation - Code erreur: 821.
Solution: Identification du bug, correction dans le code et déploiement du patch.
Statut: Résolu"
TICKET-1120,Récupération de mot de passe,Basse,Problème de catégorie Récupération de mot de passe pour l'utilisateur 1120.,Solution en cours d'élaboration.,"Catégorie: Récupération de mot de passe
Priorité: Basse
Description: Problème de catégorie Récupération de mot de passe pour l'utilisateur 1120.
Solution: Solution en cours d'élaboration.
Statut: Résolu"
TICKET-1121,Performance lente,Critique,Temps de réponse très élevé lors de la connexion - 6 secondes.,Optimisation des requêtes et vérification de la charge serveur.,"Catégorie: Performance lente
Priorité: Critique
Description: Temps de réponse très élevé lors de la connexion - 6 secondes.
Solution: Optimisation des requêtes et vérification de la charge serveur.
Statut: Résolu"
TICKET-1122,Formation utilisateur,Normale,Problème de catégorie Formation utilisateur pour l'utilisateur 1122.,Organisation de session de formation et création de guides.,"Catégorie: Formation utilisateur
Priorité: Normale
Description: Problème de catégorie Formation utilisateur pour l'utilisateur 1122.
Solution: Organisation de session de formation et création de guides.
Statut: Résolu"
TICKET-1123,Erreur de connexion,Haute,Échec de connexion au serveur email - Timeout après 38 secondes.,Test de connectivité réseau et reconfiguration des paramètres.,"Catégorie: Erreur de connexion
Priorité: Haute
Description: Échec de connexion au serveur email - Timeout après 38 secondes.
Solution: Test de connectivité réseau et reconfiguration des paramètres.
Statut: Résolu"
TICKET-1124,Erreur de connexion,Normale,Échec de connexion au serveur database - Timeout après 88 secondes.,Test de connectivité réseau et reconfiguration des paramètres.,"Catégorie: Erreur de connexion
Priorité: Normale
Description: Échec de connexion au serveur database - Timeout après 88 secondes.
Solution: Test de connectivité réseau et reconfiguration des paramètres.
Statut: Résolu"
TICKET-1125,Erreur de connexion,Basse,Échec de connexion au serveur web - Timeout après 79 secondes.,Test de connectivité réseau et reconfiguration des paramètres.,"Catégorie: Erreur de connexion
Priorité: Basse
Description: Échec de connexion au serveur web - Timeout après 79 secondes.
Solution: Test de connectivité réseau et reconfiguration des paramètres.
Statut: Résolu"
TICKET-1126,Demande d'information,Haute,Demande d'aide pour configurer la fonctionnalité.,Fourniture de la documentation appropriée et explication détaillée.,"Catégorie: Demande d'information
Priorité: Haute
Description: Demande d'aide pour configurer la fonctionnalité.
Solution: Fourniture de la documentation appropriée et explication détaillée.
Statut: Résolu"
TICKET-1127,Récupération de mot de passe,Normale,Problème de catégorie Récupération de mot de passe pour l'utilisateur 1127.,Solution en cours d'élaboration.,"Catégorie: Récupération de mot de passe
Priorité: Normale
Description: Problème de catégorie Récupération de mot de passe pour l'utilisateur 1127.
Solution: Solution en cours d'élaboration.
Statut: Résolu"
TICKET-1128,Problème technique,Normale,L'utilisateur 1128 rencontre un dysfonctionnement avec l'application.,Vérification des logs système et redémarrage du service concerné.,"Catégorie: Problème technique
Priorité: Normale
Description: L'utilisateur 1128 rencontre un dysfonctionnement avec l'application.
Solution: Vérification des logs système et redémarrage du service concerné.
Statut: Résolu"
TICKET-1129,Formation utilisateur,Basse,Problème de catégorie Formation utilisateur pour l'utilisateur 1129.,Organisation de session de formation et création de guides.,"Catégorie: Formation utilisateur
Priorité: Basse
Description: Problème de catégorie Formation utilisateur pour l'utilisateur 1129.
Solution: Organisation de session de formation et création de guides.
Statut: Résolu"
TICKET-1130,Problème technique,Haute,L'utilisateur 1130 rencontre un dysfonctionnement avec l'application.,Vérification des logs système et redémarrage du service concerné.,"Catégorie: Problème technique
Priorité: Haute
Description: L'utilisateur 1130 rencontre un dysfonctionnement avec l'application.
Solution: Vérification des logs système et redémarrage du service concerné.
Statut: Résolu"
TICKET-1131,Erreur de connexion,Haute,Échec de connexion au serveur web - Timeout après 39 secondes.,Test de connectivité réseau et reconfiguration des paramètres.,"Catégorie: Erreur de connexion
Priorité: Haute
Description: Échec de connexion au serveur web - Timeout après 39 secondes.
Solution: Test de connectivité réseau et reconfiguration des paramètres.
Statut: Résolu"
TICKET-1132,Mise à jour requise,Haute,Problème de catégorie Mise à jour requise pour l'utilisateur 1132.,Planification et exécution de la mise à jour système.,"Catégorie: Mise à jour requise
Priorité: Haute
Description: Problème de catégorie Mise à jour requise pour l'utilisateur 1132.
Solution: Planification et exécution de la mise à jour système.
Statut: Résolu"
TICKET-1133,Performance lente,Basse,Temps de réponse très élevé lors de la recherche - 15 secondes.,Optimisation des requêtes et vérification de la charge serveur.,"Catégorie: Performance lente
Priorité: Basse
Description: Temps de réponse très élevé lors de la recherche - 15 secondes.
Solution: Optimisation des requêtes et vérification de la charge serveur.
Statut: Résolu"
TICKET-1134,Demande d'information,Critique,Demande d'aide pour comprendre le système.,Fourniture de la documentation appropriée et explication détaillée.,"Catégorie: Demande d'information
Priorité: Critique
Description: Demande d'aide pour comprendre le système.
Solution: Fourniture de la documentation appropriée et explication détaillée.
Statut: Résolu"
TICKET-1135,Demande d'information,Critique,Demande d'aide pour configurer la fonctionnalité.,Fourniture de la documentation appropriée et explication détaillée.,"Catégorie: Demande d'information
Priorité: Critique
Description: Demande d'aide pour configurer la fonctionnalité.
Solution: Fourniture de la documentation appropriée et explication détaillée.
Statut: Résolu"
TICKET-1136,Demande d'information,Haute,Demande d'aide pour utiliser la fonctionnalité.,Fourniture de la documentation appropriée et explication détaillée.,"Catégorie: Demande d'information
Priorité: Haute
Description: Demande d'aide pour utiliser la fonctionnalité.
Solution: Fourniture de la documentation appropriée et explication détaillée.
Statut: Résolu"
TICKET-1137,Erreur de connexion,Basse,Échec de connexion au serveur web - Timeout après 67 secondes.,Test de connectivité réseau et reconfiguration des paramètres.,"Catégorie: Erreur de connexion
Priorité: Basse
Description: Échec de connexion au serveur web - Timeout après 67 secondes.
Solution: Test de connectivité réseau et reconfiguration des paramètres.
Statut: Résolu"
TICKET-1138,Erreur de connexion,Basse,Échec de connexion au serveur web - Timeout après 52 secondes.,Test de connectivité réseau et reconfiguration des paramètres.,"Catégorie: Erreur de connexion
Priorité: Basse
Description: Échec de connexion au serveur web - Timeout après 52 secondes.
Solution: Test de connectivité réseau et reconfiguration des paramètres.
Statut: Résolu"
TICKET-1139,Récupération de mot de passe,Basse,Problème de catégorie Récupération de mot de passe pour l'utilisateur 1139.,Solution en cours d'élaboration.,"Catégorie: Récupération de mot de passe
Priorité: Basse
Description: Problème de catégorie Récupération de mot de passe pour l'utilisateur 1139.
Solution: Solution en cours d'élaboration.
Statut: Résolu"
TICKET-1140,Mise à jour requise,Critique,Problème de catégorie Mise à jour requise pour l'utilisateur 1140.,Planification et exécution de la mise à jour système.,"Catégorie: Mise à jour requise
Priorité: Critique
Description: Problème de catégorie Mise à jour requise pour l'utilisateur 1140.
Solution: Planification et exécution de la mise à jour système.
Statut: Résolu"
TICKET-1141,Mise à jour requise,Haute,Problème de catégorie Mise à jour requise pour l'utilisateur 1141.,Planification et exécution de la mise à jour système.,"Catégorie: Mise à jour requise
Priorité: Haute
Description: Problème de catégorie Mise à jour requise pour l'utilisateur 1141.
Solution: Planification et exécution de la mise à jour système.
Statut: Résolu"
TICKET-1142,Demande d'information,Basse,Demande d'aide pour comprendre la fonctionnalité.,Fourniture de la documentation appropriée et explication détaillée.,"Catégorie: Demande d'information
Priorité: Basse
Description: Demande d'aide pour comprendre la fonctionnalité.
Solution: Fourniture de la documentation appropriée et explication détaillée.
Statut: Résolu"
TICKET-1143,Performance lente,Haute,Temps de réponse très élevé lors de la connexion - 10 secondes.,Optimisation des requêtes et vérification de la charge serveur.,"Catégorie: Performance lente
Priorité: Haute
Description: Temps de réponse très élevé lors de la connexion - 10 secondes.
Solution: Optimisation des requêtes et vérification de la charge serveur.
Statut: Résolu"
TICKET-1144,Performance lente,Haute,Temps de réponse très élevé lors de la connexion - 17 secondes.,Optimisation des requêtes et vérification de la charge serveur.,"Catégorie: Performance lente
Priorité: Haute
Description: Temps de réponse très élevé lors de la connexion - 17 secondes.
Solution: Optimisation des requêtes et vérification de la charge serveur.
Statut: Résolu"
TICKET-1145,Bug logiciel,Critique,Erreur détectée lors de la connexion - Code erreur: 913.,"Identification du bug, correction dans le code et déploiement du patch.","Catégorie: Bug logiciel
Priorité: Critique
Description: Erreur détectée lors de la connexion - Code erreur: 913.
Solution: Identification du bug, correction dans le code et déploiement du patch.
Statut: Résolu"
TICKET-1146,Performance lente,Basse,Temps de réponse très élevé lors de la recherche - 18 secondes.,Optimisation des requêtes et vérification de la charge serveur.,"Catégorie: Performance lente
Priorité: Basse
Description: Temps de réponse très élevé lors de la recherche - 18 secondes.
Solution: Optimisation des requêtes et vérification de la charge serveur.
Statut: Résolu"
TICKET-1147,Erreur de connexion,Normale,Échec de connexion au serveur email - Timeout après 100 secondes.,Test de connectivité réseau et reconfiguration des paramètres.,"Catégorie: Erreur de connexion
Priorité: Normale
Description: Échec de connexion au serveur email - Timeout après 100 secondes.
Solution: Test de connectivité réseau et reconfiguration des paramètres.
Statut: Résolu"
TICKET-1148,Bug logiciel,Normale,Erreur détectée lors de l'utilisation - Code erreur: 515.,"Identification du bug, correction dans le code et déploiement du patch.","Catégorie: Bug logiciel
Priorité: Normale
Description: Erreur détectée lors de l'utilisation - Code erreur: 515.
Solution: Identification du bug, correction dans le code et déploiement du patch.
Statut: Résolu"
TICKET-1149,Formation utilisateur,Basse,Problème de catégorie Formation utilisateur pour l'utilisateur 1149.,Organisation de session de formation et création de guides.,"Catégorie: Formation utilisateur
Priorité: Basse
Description: Problème de catégorie Formation utilisateur pour l'utilisateur 1149.
Solution: Organisation de session de formation et création de guides.
Statut: Résolu"
TICKET-1150,Mise à jour requise,Basse,Problème de catégorie Mise à jour requise pour l'utilisateur 1150.,Planification et exécution de la mise à jour système.,"Catégorie: Mise à jour requise
Priorité: Basse
Description: Problème de catégorie Mise à jour requise pour l'utilisateur 1150.
Solution: Planification et exécution de la mise à jour système.
Statut: Résolu"
TICKET-1151,Mise à jour requise,Critique,Problème de catégorie Mise à jour requise pour l'utilisateur 1151.,Planification et exécution de la mise à jour système.,"Catégorie: Mise à jour requise
Priorité: Critique
Description: Problème de catégorie Mise à jour requise pour l'utilisateur 1151.
Solution: Planification et exécution de la mise à jour système.
Statut: Résolu"
TICKET-1152,Récupération de mot de passe,Critique,Problème de catégorie Récupération de mot de passe pour l'utilisateur 1152.,Solution en cours d'élaboration.,"Catégorie: Récupération de mot de passe
Priorité: Critique
Description: Problème de catégorie Récupération de mot de passe pour l'utilisateur 1152.
Solution: Solution en cours d'élaboration.
Statut: Résolu"
TICKET-1153,Erreur de connexion,Basse,Échec de connexion au serveur email - Timeout après 119 secondes.,Test de connectivité réseau et reconfiguration des paramètres.,"Catégorie: Erreur de connexion
Priorité: Basse
Description: Échec de connexion au serveur email - Timeout après 119 secondes.
Solution: Test de connectivité réseau et reconfiguration des paramètres.
Statut: Résolu"
TICKET-1154,Mise à jour requise,Basse,Problème de catégorie Mise à jour requise pour l'utilisateur 1154.,Planification et exécution de la mise à jour système.,"Catégorie: Mise à jour requise
Priorité: Basse
Description: Problème de catégorie Mise à jour requise pour l'utilisateur 1154.
Solution: Planification et exécution de la mise à jour système.
Statut: Résolu"
TICKET-1155,Problème technique,Critique,L'utilisateur 1155 rencontre un dysfonctionnement avec le système.,Vérification des logs système et redémarrage du service concerné.,"Catégorie: Problème technique
Priorité: Critique
Description: L'utilisateur 1155 rencontre un dysfonctionnement avec le système.
Solution: Vérification des logs système et redémarrage du service concerné.
Statut: Résolu"
TICKET-1156,Formation utilisateur,Basse,Problème de catégorie Formation utilisateur pour l'utilisateur 1156.,Organisation de session de formation et création de guides.,"Catégorie: Formation utilisateur
Priorité: Basse
Description: Problème de catégorie Formation utilisateur pour l'utilisateur 1156.
Solution: Organisation de session de formation et création de guides.
Statut: Résolu"
TICKET-1157,Performance lente,Haute,Temps de réponse très élevé lors de la connexion - 28 secondes.,Optimisation des requêtes et vérification de la charge serveur.,"Catégorie: Performance lente
Priorité: Haute
Description: Temps de réponse très élevé lors de la connexion - 28 secondes.
Solution: Optimisation des requêtes et vérification de la charge serveur.
Statut: Résolu"
TICKET-1158,Bug logiciel,Normale,Erreur détectée lors de la connexion - Code erreur: 993.,"Identification du bug, correction dans le code et déploiement du patch.","Catégorie: Bug logiciel
Priorité: Normale
Description: Erreur détectée lors de la connexion - Code erreur: 993.
Solution: Identification du bug, correction dans le code et déploiement du patch.
Statut: Résolu"
TICKET-1159,Formation utilisateur,Basse,Problème de catégorie Formation utilisateur pour l'utilisateur 1159.,Organisation de session de formation et création de guides.,"Catégorie: Formation utilisateur
Priorité: Basse
Description: Problème de catégorie Formation utilisateur pour l'utilisateur 1159.
Solution: Organisation de session de formation et création de guides.
Statut: Résolu"
TICKET-1160,Formation utilisateur,Basse,Problème de catégorie Formation utilisateur pour l'utilisateur 1160.,Organisation de session de formation et création de guides.,"Catégorie: Formation utilisateur
Priorité: Basse
Description: Problème de catégorie Formation utilisateur pour l'utilisateur 1160.
Solution: Organisation de session de formation et création de guides.
Statut: Résolu"
TICKET-1161,Accès refusé,Critique,Impossible d'accéder à l'application - Permissions insuffisantes.,Vérification des permissions utilisateur et mise à jour des droits d'accès.,"Catégorie: Accès refusé
Priorité: Critique
Description: Impossible d'accéder à l'application - Permissions insuffisantes.
Solution: Vérification des permissions utilisateur et mise à jour des droits d'accès.
Statut: Résolu"
TICKET-1162,Performance lente,Basse,Temps de réponse très élevé lors de l'affichage - 24 secondes.,Optimisation des requêtes et vérification de la charge serveur.,"Catégorie: Performance lente
Priorité: Basse
Description: Temps de réponse très élevé lors de l'affichage - 24 secondes.
Solution: Optimisation des requêtes et vérification de la charge serveur.
Statut: Résolu"
TICKET-1163,Erreur de connexion,Basse,Échec de connexion au serveur email - Timeout après 60 secondes.,Test de connectivité réseau et reconfiguration des paramètres.,"Catégorie: Erreur de connexion
Priorité: Basse
Description: Échec de connexion au serveur email - Timeout après 60 secondes.
Solution: Test de connectivité réseau et reconfiguration des paramètres.
Statut: Résolu"
TICKET-1164,Accès refusé,Critique,Impossible d'accéder à la base de données - Permissions insuffisantes.,Vérification des permissions utilisateur et mise à jour des droits d'accès.,"Catégorie: Accès refusé
Priorité: Critique
Description: Impossible d'accéder à la base de données - Permissions insuffisantes.
Solution: Vérification des permissions utilisateur et mise à jour des droits d'accès.
Statut: Résolu"
TICKET-1165,Récupération de mot de passe,Basse,Problème de catégorie Récupération de mot de passe pour l'utilisateur 1165.,Solution en cours d'élaboration.,"Catégorie: Récupération de mot de passe
Priorité: Basse
Description: Problème de catégorie Récupération de mot de passe pour l'utilisateur 1165.
Solution: Solution en cours d'élaboration.
Statut: Résolu"
TICKET-1166,Performance lente,Basse,Temps de réponse très élevé lors de la recherche - 27 secondes.,Optimisation des requêtes et vérification de la charge serveur.,"Catégorie: Performance lente
Priorité: Basse
Description: Temps de réponse très élevé lors de la recherche - 27 secondes.
Solution: Optimisation des requêtes et vérification de la charge serveur.
Statut: Résolu"
TICKET-1167,Demande d'information,Normale,Demande d'aide pour utiliser l'application.,Fourniture de la documentation appropriée et explication détaillée.,"Catégorie: Demande d'information
Priorité: Normale
Description: Demande d'aide pour utiliser l'application.
Solution: Fourniture de la documentation appropriée et explication détaillée.
Statut: Résolu"
TICKET-1168,Récupération de mot de passe,Haute,Problème de catégorie Récupération de mot de passe pour l'utilisateur 1168.,Solution en cours d'élaboration.,"Catégorie: Récupération de mot de passe
Priorité: Haute
Description: Problème de catégorie Récupération de mot de passe pour l'utilisateur 1168.
Solution: Solution en cours d'élaboration.
Statut: Résolu"
TICKET-1169,Mise à jour requise,Basse,Problème de catégorie Mise à jour requise pour l'utilisateur 1169.,Planification et exécution de la mise à jour système.,"Catégorie: Mise à jour requise
Priorité: Basse
Description: Problème de catégorie Mise à jour requise pour l'utilisateur 1169.
Solution: Planification et exécution de la mise à jour système.
Statut: Résolu"
TICKET-1170,Erreur de connexion,Haute,Échec de connexion au serveur web - Timeout après 85 secondes.,Test de connectivité réseau et reconfiguration des paramètres.,"Catégorie: Erreur de connexion
Priorité: Haute
Description: Échec de connexion au serveur web - Timeout après 85 secondes.
Solution: Test de connectivité réseau et reconfiguration des paramètres.
Statut: Résolu"
TICKET-1171,Demande d'information,Critique,Demande d'aide pour configurer l'application.,Fourniture de la documentation appropriée et explication détaillée.,"Catégorie: Demande d'information
Priorité: Critique
Description: Demande d'aide pour configurer l'application.
Solution: Fourniture de la documentation appropriée et explication détaillée.
Statut: Résolu"
TICKET-1172,Accès refusé,Haute,Impossible d'accéder à l'application - Permissions insuffisantes.,Vérification des permissions utilisateur et mise à jour des droits d'accès.,"Catégorie: Accès refusé
Priorité: Haute
Description: Impossible d'accéder à l'application - Permissions insuffisantes.
Solution: Vérification des permissions utilisateur et mise à jour des droits d'accès.
Statut: Résolu"
TICKET-1173,Problème technique,Critique,L'utilisateur 1173 rencontre un dysfonctionnement avec le système.,Vérification des logs système et redémarrage du service concerné.,"Catégorie: Problème technique
Priorité: Critique
Description: L'utilisateur 1173 rencontre un dysfonctionnement avec le système.
Solution: Vérification des logs système et redémarrage du service concerné.
Statut: Résolu"
TICKET-1174,Formation utilisateur,Basse,Problème de catégorie Formation utilisateur pour l'utilisateur 1174.,Organisation de session de formation et création de guides.,"Catégorie: Formation utilisateur
Priorité: Basse
Description: Problème de catégorie Formation utilisateur pour l'utilisateur 1174.
Solution: Organisation de session de formation et création de guides.
Statut: Résolu"
TICKET-1175,Problème technique,Basse,L'utilisateur 1175 rencontre un dysfonctionnement avec l'interface.,Vérification des logs système et redémarrage du service concerné.,"Catégorie: Problème technique
Priorité: Basse
Description: L'utilisateur 1175 rencontre un dysfonctionnement avec l'interface.
Solution: Vérification des logs système et redémarrage du service concerné.
Statut: Résolu"
TICKET-1176,Erreur de connexion,Normale,Échec de connexion au serveur email - Timeout après 110 secondes.,Test de connectivité réseau et reconfiguration des paramètres.,"Catégorie: Erreur de connexion
Priorité: Normale
Description: Échec de connexion au serveur email - Timeout après 110 secondes.
Solution: Test de connectivité réseau et reconfiguration des paramètres.
Statut: Résolu"
TICKET-1177,Performance lente,Basse,Temps de réponse très élevé lors de l'affichage - 23 secondes.,Optimisation des requêtes et vérification de la charge serveur.,"Catégorie: Performance lente
Priorité: Basse
Description: Temps de réponse très élevé lors de l'affichage - 23 secondes.
Solution: Optimisation des requêtes et vérification de la charge serveur.
Statut: Résolu"
TICKET-1178,Formation utilisateur,Basse,Problème de catégorie Formation utilisateur pour l'utilisateur 1178.,Organisation de session de formation et création de guides.,"Catégorie: Formation utilisateur
Priorité: Basse
Description: Problème de catégorie Formation utilisateur pour l'utilisateur 1178.
Solution: Organisation de session de formation et création de guides.
Statut: Résolu"
TICKET-1179,Problème technique,Basse,L'utilisateur 1179 rencontre un dysfonctionnement avec le système.,Vérification des logs système et redémarrage du service concerné.,"Catégorie: Problème technique
Priorité: Basse
Description: L'utilisateur 1179 rencontre un dysfonctionnement avec le système.
Solution: Vérification des logs système et redémarrage du service concerné.
Statut: Résolu"
TICKET-1180,Problème technique,Basse,L'utilisateur 1180 rencontre un dysfonctionnement avec l'application.,Vérification des logs système et redémarrage du service concerné.,"Catégorie: Problème technique
Priorité: Basse
Description: L'utilisateur 1180 rencontre un dysfonctionnement avec l'application.
Solution: Vérification des logs système et redémarrage du service concerné.
Statut: Résolu"
TICKET-1181,Récupération de mot de passe,Haute,Problème de catégorie Récupération de mot de passe pour l'utilisateur 1181.,Solution en cours d'élaboration.,"Catégorie: Récupération de mot de passe
Priorité: Haute
Description: Problème de catégorie Récupération de mot de passe pour l'utilisateur 1181.
Solution: Solution en cours d'élaboration.
Statut: Résolu"
TICKET-1182,Mise à jour requise,Normale,Problème de catégorie Mise à jour requise pour l'utilisateur 1182.,Planification et exécution de la mise à jour système.,"Catégorie: Mise à jour requise
Priorité: Normale
Description: Problème de catégorie Mise à jour requise pour l'utilisateur 1182.
Solution: Planification et exécution de la mise à jour système.
Statut: Résolu"
TICKET-1183,Erreur de connexion,Basse,Échec de connexion au serveur web - Timeout après 80 secondes.,Test de connectivité réseau et reconfiguration des paramètres.,"Catégorie: Erreur de connexion
Priorité: Basse
Description: Échec de connexion au serveur web - Timeout après 80 secondes.
Solution: Test de connectivité réseau et reconfiguration des paramètres.
Statut: Résolu"
TICKET-1184,Performance lente,Basse,Temps de réponse très élevé lors de la recherche - 21 secondes.,Optimisation des requêtes et vérification de la charge serveur.,"Catégorie: Performance lente
Priorité: Basse
Description: Temps de réponse très élevé lors de la recherche - 21 secondes.
Solution: Optimisation des requêtes et vérification de la charge serveur.
Statut: Résolu"
TICKET-1185,Accès refusé,Normale,Impossible d'accéder à l'application - Permissions insuffisantes.,Vérification des permissions utilisateur et mise à jour des droits d'accès.,"Catégorie: Accès refusé
Priorité: Normale
Description: Impossible d'accéder à l'application - Permissions insuffisantes.
Solution: Vérification des permissions utilisateur et mise à jour des droits d'accès.
Statut: Résolu"
TICKET-1186,Formation utilisateur,Basse,Problème de catégorie Formation utilisateur pour l'utilisateur 1186.,Organisation de session de formation et création de guides.,"Catégorie: Formation utilisateur
Priorité: Basse
Description: Problème de catégorie Formation utilisateur pour l'utilisateur 1186.
Solution: Organisation de session de formation et création de guides.
Statut: Résolu"
TICKET-1187,Performance lente,Basse,Temps de réponse très élevé lors de la recherche - 7 secondes.,Optimisation des requêtes et vérification de la charge serveur.,"Catégorie: Performance lente
Priorité: Basse
Description: Temps de réponse très élevé lors de la recherche - 7 secondes.
Solution: Optimisation des requêtes et vérification de la charge serveur.
Statut: Résolu"
TICKET-1188,Bug logiciel,Critique,Erreur détectée lors de la connexion - Code erreur: 608.,"Identification du bug, correction dans le code et déploiement du patch.","Catégorie: Bug logiciel
Priorité: Critique
Description: Erreur détectée lors de la connexion - Code erreur: 608.
Solution: Identification du bug, correction dans le code et déploiement du patch.
Statut: Résolu"
TICKET-1189,Formation utilisateur,Normale,Problème de catégorie Formation utilisateur pour l'utilisateur 1189.,Organisation de session de formation et création de guides.,"Catégorie: Formation utilisateur
Priorité: Normale
Description: Problème de catégorie Formation utilisateur pour l'utilisateur 1189.
Solution: Organisation de session de formation et création de guides.
Statut: Résolu"
TICKET-1190,Erreur de connexion,Critique,Échec de connexion au serveur database - Timeout après 35 secondes.,Test de connectivité réseau et reconfiguration des paramètres.,"Catégorie: Erreur de connexion
Priorité: Critique
Description: Échec de connexion au serveur database - Timeout après 35 secondes.
Solution: Test de connectivité réseau et reconfiguration des paramètres.
Statut: Résolu"
TICKET-1191,Accès refusé,Basse,Impossible d'accéder à le serveur - Permissions insuffisantes.,Vérification des permissions utilisateur et mise à jour des droits d'accès.,"Catégorie: Accès refusé
Priorité: Basse
Description: Impossible d'accéder à le serveur - Permissions insuffisantes.
Solution: Vérification des permissions utilisateur et mise à jour des droits d'accès.
Statut: Résolu"
TICKET-1192,Problème technique,Haute,L'utilisateur 1192 rencontre un dysfonctionnement avec le système.,Vérification des logs système et redémarrage du service concerné.,"Catégorie: Problème technique
Priorité: Haute
Description: L'utilisateur 1192 rencontre un dysfonctionnement avec le système.
Solution: Vérification des logs système et redémarrage du service concerné.
Statut: Résolu"
TICKET-1193,Performance lente,Normale,Temps de réponse très élevé lors de la recherche - 26 secondes.,Optimisation des requêtes et vérification de la charge serveur.,"Catégorie: Performance lente
Priorité: Normale
Description: Temps de réponse très élevé lors de la recherche - 26 secondes.
Solution: Optimisation des requêtes et vérification de la charge serveur.
Statut: Résolu"
TICKET-1194,Bug logiciel,Normale,Erreur détectée lors de la sauvegarde - Code erreur: 654.,"Identification du bug, correction dans le code et déploiement du patch.","Catégorie: Bug logiciel
Priorité: Normale
Description: Erreur détectée lors de la sauvegarde - Code erreur: 654.
Solution: Identification du bug, correction dans le code et déploiement du patch.
Statut: Résolu"
TICKET-1195,Récupération de mot de passe,Normale,Problème de catégorie Récupération de mot de passe pour l'utilisateur 1195.,Solution en cours d'élaboration.,"Catégorie: Récupération de mot de passe
Priorité: Normale
Description: Problème de catégorie Récupération de mot de passe pour l'utilisateur 1195.
Solution: Solution en cours d'élaboration.
Statut: Résolu"
TICKET-1196,Bug logiciel,Critique,Erreur détectée lors de la sauvegarde - Code erreur: 549.,"Identification du bug, correction dans le code et déploiement du patch.","Catégorie: Bug logiciel
Priorité: Critique
Description: Erreur détectée lors de la sauvegarde - Code erreur: 549.
Solution: Identification du bug, correction dans le code et déploiement du patch.
Statut: Résolu"
TICKET-1197,Problème technique,Critique,L'utilisateur 1197 rencontre un dysfonctionnement avec le système.,Vérification des logs système et redémarrage du service concerné.,"Catégorie: Problème technique
Priorité: Critique
Description: L'utilisateur 1197 rencontre un dysfonctionnement avec le système.
Solution: Vérification des logs système et redémarrage du service concerné.
Statut: Résolu"
TICKET-1198,Formation utilisateur,Critique,Problème de catégorie Formation utilisateur pour l'utilisateur 1198.,Organisation de session de formation et création de guides.,"Catégorie: Formation utilisateur
Priorité: Critique
Description: Problème de catégorie Formation utilisateur pour l'utilisateur 1198.
Solution: Organisation de session de formation et création de guides.
Statut: Résolu"
TICKET-1199,Erreur de connexion,Critique,Échec de connexion au serveur web - Timeout après 97 secondes.,Test de connectivité réseau et reconfiguration des paramètres.,"Catégorie: Erreur de connexion
Priorité: Critique
Description: Échec de connexion au serveur web - Timeout après 97 secondes.
Solution: Test de connectivité réseau et reconfiguration des paramètres.
Statut: Résolu"
TICKET-1200,Mise à jour requise,Normale,Problème de catégorie Mise à jour requise pour l'utilisateur 1200.,Planification et exécution de la mise à jour système.,"Catégorie: Mise à jour requise
Priorité: Normale
Description: Problème de catégorie Mise à jour requise pour l'utilisateur 1200.
Solution: Planification et exécution de la mise à jour système.
Statut: Résolu"
TICKET-1201,Accès refusé,Normale,Impossible d'accéder à le serveur - Permissions insuffisantes.,Vérification des permissions utilisateur et mise à jour des droits d'accès.,"Catégorie: Accès refusé
Priorité: Normale
Description: Impossible d'accéder à le serveur - Permissions insuffisantes.
Solution: Vérification des permissions utilisateur et mise à jour des droits d'accès.
Statut: Résolu"
TICKET-1202,Demande d'information,Critique,Demande d'aide pour configurer l'application.,Fourniture de la documentation appropriée et explication détaillée.,"Catégorie: Demande d'information
Priorité: Critique
Description: Demande d'aide pour configurer l'application.
Solution: Fourniture de la documentation appropriée et explication détaillée.
Statut: Résolu"
TICKET-1203,Accès refusé,Normale,Impossible d'accéder à le serveur - Permissions insuffisantes.,Vérification des permissions utilisateur et mise à jour des droits d'accès.,"Catégorie: Accès refusé
Priorité: Normale
Description: Impossible d'accéder à le serveur - Permissions insuffisantes.
Solution: Vérification des permissions utilisateur et mise à jour des droits d'accès.
Statut: Résolu"
TICKET-1204,Mise à jour requise,Haute,Problème de catégorie Mise à jour requise pour l'utilisateur 1204.,Planification et exécution de la mise à jour système.,"Catégorie: Mise à jour requise
Priorité: Haute
Description: Problème de catégorie Mise à jour requise pour l'utilisateur 1204.
Solution: Planification et exécution de la mise à jour système.
Statut: Résolu"
TICKET-1205,Demande d'information,Normale,Demande d'aide pour configurer le système.,Fourniture de la documentation appropriée et explication détaillée.,"Catégorie: Demande d'information
Priorité: Normale
Description: Demande d'aide pour configurer le système.
Solution: Fourniture de la documentation appropriée et explication détaillée.
Statut: Résolu"
TICKET-1206,Erreur de connexion,Haute,Échec de connexion au serveur email - Timeout après 95 secondes.,Test de connectivité réseau et reconfiguration des paramètres.,"Catégorie: Erreur de connexion
Priorité: Haute
Description: Échec de connexion au serveur email - Timeout après 95 secondes.
Solution: Test de connectivité réseau et reconfiguration des paramètres.
Statut: Résolu"
TICKET-1207,Problème technique,Basse,L'utilisateur 1207 rencontre un dysfonctionnement avec l'interface.,Vérification des logs système et redémarrage du service concerné.,"Catégorie: Problème technique
Priorité: Basse
Description: L'utilisateur 1207 rencontre un dysfonctionnement avec l'interface.
Solution: Vérification des logs système et redémarrage du service concerné.
Statut: Résolu"
TICKET-1208,Mise à jour requise,Haute,Problème de catégorie Mise à jour requise pour l'utilisateur 1208.,Planification et exécution de la mise à jour système.,"Catégorie: Mise à jour requise
Priorité: Haute
Description: Problème de catégorie Mise à jour requise pour l'utilisateur 1208.
Solution: Planification et exécution de la mise à jour système.
Statut: Résolu"
TICKET-1209,Formation utilisateur,Basse,Problème de catégorie Formation utilisateur pour l'utilisateur 1209.,Organisation de session de formation et création de guides.,"Catégorie: Formation utilisateur
Priorité: Basse
Description: Problème de catégorie Formation utilisateur pour l'utilisateur 1209.
Solution: Organisation de session de formation et création de guides.
Statut: Résolu"
TICKET-1210,Problème technique,Basse,L'utilisateur 1210 rencontre un dysfonctionnement avec l'interface.,Vérification des logs système et redémarrage du service concerné.,"Catégorie: Problème technique
Priorité: Basse
Description: L'utilisateur 1210 rencontre un dysfonctionnement avec l'interface.
Solution: Vérification des logs système et redémarrage du service concerné.
Statut: Résolu"
TICKET-1211,Erreur de connexion,Critique,Échec de connexion au serveur email - Timeout après 95 secondes.,Test de connectivité réseau et reconfiguration des paramètres.,"Catégorie: Erreur de connexion
Priorité: Critique
Description: Échec de connexion au serveur email - Timeout après 95 secondes.
Solution: Test de connectivité réseau et reconfiguration des paramètres.
Statut: Résolu"
TICKET-1212,Mise à jour requise,Critique,Problème de catégorie Mise à jour requise pour l'utilisateur 1212.,Planification et exécution de la mise à jour système.,"Catégorie: Mise à jour requise
Priorité: Critique
Description: Problème de catégorie Mise à jour requise pour l'utilisateur 1212.
Solution: Planification et exécution de la mise à jour système.
Statut: Résolu"
TICKET-1213,Erreur de connexion,Normale,Échec de connexion au serveur web - Timeout après 111 secondes.,Test de connectivité réseau et reconfiguration des paramètres.,"Catégorie: Erreur de connexion
Priorité: Normale
Description: Échec de connexion au serveur web - Timeout après 111 secondes.
Solution: Test de connectivité réseau et reconfiguration des paramètres.
Statut: Résolu"
TICKET-1214,Performance lente,Critique,Temps de réponse très élevé lors de la connexion - 14 secondes.,Optimisation des requêtes et vérification de la charge serveur.,"Catégorie: Performance lente
Priorité: Critique
Description: Temps de réponse très élevé lors de la connexion - 14 secondes.
Solution: Optimisation des requêtes et vérification de la charge serveur.
Statut: Résolu"
TICKET-1215,Performance lente,Normale,Temps de réponse très élevé lors de la connexion - 8 secondes.,Optimisation des requêtes et vérification de la charge serveur.,"Catégorie: Performance lente
Priorité: Normale
Description: Temps de réponse très élevé lors de la connexion - 8 secondes.
Solution: Optimisation des requêtes et vérification de la charge serveur.
Statut: Résolu"
TICKET-1216,Récupération de mot de passe,Basse,Problème de catégorie Récupération de mot de passe pour l'utilisateur 1216.,Solution en cours d'élaboration.,"Catégorie: Récupération de mot de passe
Priorité: Basse
Description: Problème de catégorie Récupération de mot de passe pour l'utilisateur 1216.
Solution: Solution en cours d'élaboration.
Statut: Résolu"
TICKET-1217,Problème technique,Normale,L'utilisateur 1217 rencontre un dysfonctionnement avec l'interface.,Vérification des logs système et redémarrage du service concerné.,"Catégorie: Problème technique
Priorité: Normale
Description: L'utilisateur 1217 rencontre un dysfonctionnement avec l'interface.
Solution: Vérification des logs système et redémarrage du service concerné.
Statut: Résolu"
TICKET-1218,Formation utilisateur,Haute,Problème de catégorie Formation utilisateur pour l'utilisateur 1218.,Organisation de session de formation et création de guides.,"Catégorie: Formation utilisateur
Priorité: Haute
Description: Problème de catégorie Formation utilisateur pour l'utilisateur 1218.
Solution: Organisation de session de formation et création de guides.
Statut: Résolu"
TICKET-1219,Problème technique,Critique,L'utilisateur 1219 rencontre un dysfonctionnement avec l'application.,Vérification des logs système et redémarrage du service concerné.,"Catégorie: Problème technique
Priorité: Critique
Description: L'utilisateur 1219 rencontre un dysfonctionnement avec l'application.
Solution: Vérification des logs système et redémarrage du service concerné.
Statut: Résolu"
TICKET-1220,Bug logiciel,Normale,Erreur détectée lors de l'utilisation - Code erreur: 857.,"Identification du bug, correction dans le code et déploiement du patch.","Catégorie: Bug logiciel
Priorité: Normale
Description: Erreur détectée lors de l'utilisation - Code erreur: 857.
Solution: Identification du bug, correction dans le code et déploiement du patch.
Statut: Résolu"
TICKET-1221,Récupération de mot de passe,Normale,Problème de catégorie Récupération de mot de passe pour l'utilisateur 1221.,Solution en cours d'élaboration.,"Catégorie: Récupération de mot de passe
Priorité: Normale
Description: Problème de catégorie Récupération de mot de passe pour l'utilisateur 1221.
Solution: Solution en cours d'élaboration.
Statut: Résolu"
TICKET-1222,Performance lente,Critique,Temps de réponse très élevé lors de la connexion - 27 secondes.,Optimisation des requêtes et vérification de la charge serveur.,"Catégorie: Performance lente
Priorité: Critique
Description: Temps de réponse très élevé lors de la connexion - 27 secondes.
Solution: Optimisation des requêtes et vérification de la charge serveur.
Statut: Résolu"
TICKET-1223,Formation utilisateur,Haute,Problème de catégorie Formation utilisateur pour l'utilisateur 1223.,Organisation de session de formation et création de guides.,"Catégorie: Formation utilisateur
Priorité: Haute
Description: Problème de catégorie Formation utilisateur pour l'utilisateur 1223.
Solution: Organisation de session de formation et création de guides.
Statut: Résolu"
TICKET-1224,Bug logiciel,Haute,Erreur détectée lors de la connexion - Code erreur: 548.,"Identification du bug, correction dans le code et déploiement du patch.","Catégorie: Bug logiciel
Priorité: Haute
Description: Erreur détectée lors de la connexion - Code erreur: 548.
Solution: Identification du bug, correction dans le code et déploiement du patch.
Statut: Résolu"
TICKET-1225,Demande d'information,Critique,Demande d'aide pour utiliser la fonctionnalité.,Fourniture de la documentation appropriée et explication détaillée.,"Catégorie: Demande d'information
Priorité: Critique
Description: Demande d'aide pour utiliser la fonctionnalité.
Solution: Fourniture de la documentation appropriée et explication détaillée.
Statut: Résolu"
TICKET-1226,Problème technique,Basse,L'utilisateur 1226 rencontre un dysfonctionnement avec l'application.,Vérification des logs système et redémarrage du service concerné.,"Catégorie: Problème technique
Priorité: Basse
Description: L'utilisateur 1226 rencontre un dysfonctionnement avec l'application.
Solution: Vérification des logs système et redémarrage du service concerné.
Statut: Résolu"
TICKET-1227,Mise à jour requise,Haute,Problème de catégorie Mise à jour requise pour l'utilisateur 1227.,Planification et exécution de la mise à jour système.,"Catégorie: Mise à jour requise
Priorité: Haute
Description: Problème de catégorie Mise à jour requise pour l'utilisateur 1227.
Solution: Planification et exécution de la mise à jour système.
Statut: Résolu"
TICKET-1228,Formation utilisateur,Basse,Problème de catégorie Formation utilisateur pour l'utilisateur 1228.,Organisation de session de formation et création de guides.,"Catégorie: Formation utilisateur
Priorité: Basse
Description: Problème de catégorie Formation utilisateur pour l'utilisateur 1228.
Solution: Organisation de session de formation et création de guides.
Statut: Résolu"
TICKET-1229,Bug logiciel,Normale,Erreur détectée lors de la connexion - Code erreur: 216.,"Identification du bug, correction dans le code et déploiement du patch.","Catégorie: Bug logiciel
Priorité: Normale
Description: Erreur détectée lors de la connexion - Code erreur: 216.
Solution: Identification du bug, correction dans le code et déploiement du patch.
Statut: Résolu"
TICKET-1230,Mise à jour requise,Critique,Problème de catégorie Mise à jour requise pour l'utilisateur 1230.,Planification et exécution de la mise à jour système.,"Catégorie: Mise à jour requise
Priorité: Critique
Description: Problème de catégorie Mise à jour requise pour l'utilisateur 1230.
Solution: Planification et exécution de la mise à jour système.
Statut: Résolu"
TICKET-1231,Accès refusé,Critique,Impossible d'accéder à le serveur - Permissions insuffisantes.,Vérification des permissions utilisateur et mise à jour des droits d'accès.,"Catégorie: Accès refusé
Priorité: Critique
Description: Impossible d'accéder à le serveur - Permissions insuffisantes.
Solution: Vérification des permissions utilisateur et mise à jour des droits d'accès.
Statut: Résolu"
TICKET-1232,Problème technique,Haute,L'utilisateur 1232 rencontre un dysfonctionnement avec l'interface.,Vérification des logs système et redémarrage du service concerné.,"Catégorie: Problème technique
Priorité: Haute
Description: L'utilisateur 1232 rencontre un dysfonctionnement avec l'interface.
Solution: Vérification des logs système et redémarrage du service concerné.
Statut: Résolu"
TICKET-1233,Bug logiciel,Basse,Erreur détectée lors de la sauvegarde - Code erreur: 860.,"Identification du bug, correction dans le code et déploiement du patch.","Catégorie: Bug logiciel
Priorité: Basse
Description: Erreur détectée lors de la sauvegarde - Code erreur: 860.
Solution: Identification du bug, correction dans le code et déploiement du patch.
Statut: Résolu"
TICKET-1234,Demande d'information,Basse,Demande d'aide pour configurer l'application.,Fourniture de la documentation appropriée et explication détaillée.,"Catégorie: Demande d'information
Priorité: Basse
Description: Demande d'aide pour configurer l'application.
Solution: Fourniture de la documentation appropriée et explication détaillée.
Statut: Résolu"
TICKET-1235,Formation utilisateur,Basse,Problème de catégorie Formation utilisateur pour l'utilisateur 1235.,Organisation de session de formation et création de guides.,"Catégorie: Formation utilisateur
Priorité: Basse
Description: Problème de catégorie Formation utilisateur pour l'utilisateur 1235.
Solution: Organisation de session de formation et création de guides.
Statut: Résolu"
TICKET-1236,Performance lente,Critique,Temps de réponse très élevé lors de la recherche - 12 secondes.,Optimisation des requêtes et vérification de la charge serveur.,"Catégorie: Performance lente
Priorité: Critique
Description: Temps de réponse très élevé lors de la recherche - 12 secondes.
Solution: Optimisation des requêtes et vérification de la charge serveur.
Statut: Résolu"
TICKET-1237,Demande d'information,Basse,Demande d'aide pour configurer l'application.,Fourniture de la documentation appropriée et explication détaillée.,"Catégorie: Demande d'information
Priorité: Basse
Description: Demande d'aide pour configurer l'application.
Solution: Fourniture de la documentation appropriée et explication détaillée.
Statut: Résolu"
TICKET-1238,Récupération de mot de passe,Haute,Problème de catégorie Récupération de mot de passe pour l'utilisateur 1238.,Solution en cours d'élaboration.,"Catégorie: Récupération de mot de passe
Priorité: Haute
Description: Problème de catégorie Récupération de mot de passe pour l'utilisateur 1238.
Solution: Solution en cours d'élaboration.
Statut: Résolu"
TICKET-1239,Demande d'information,Basse,Demande d'aide pour comprendre l'application.,Fourniture de la documentation appropriée et explication détaillée.,"Catégorie: Demande d'information
Priorité: Basse
Description: Demande d'aide pour comprendre l'application.
Solution: Fourniture de la documentation appropriée et explication détaillée.
Statut: Résolu"
TICKET-1240,Formation utilisateur,Normale,Problème de catégorie Formation utilisateur pour l'utilisateur 1240.,Organisation de session de formation et création de guides.,"Catégorie: Formation utilisateur
Priorité: Normale
Description: Problème de catégorie Formation utilisateur pour l'utilisateur 1240.
Solution: Organisation de session de formation et création de guides.
Statut: Résolu"
TICKET-1241,Demande d'information,Normale,Demande d'aide pour configurer la fonctionnalité.,Fourniture de la documentation appropriée et explication détaillée.,"Catégorie: Demande d'information
Priorité: Normale
Description: Demande d'aide pour configurer la fonctionnalité.
Solution: Fourniture de la documentation appropriée et explication détaillée.
Statut: Résolu"
TICKET-1242,Formation utilisateur,Critique,Problème de catégorie Formation utilisateur pour l'utilisateur 1242.,Organisation de session de formation et création de guides.,"Catégorie: Formation utilisateur
Priorité: Critique
Description: Problème de catégorie Formation utilisateur pour l'utilisateur 1242.
Solution: Organisation de session de formation et création de guides.
Statut: Résolu"
TICKET-1243,Performance lente,Normale,Temps de réponse très élevé lors de l'affichage - 18 secondes.,Optimisation des requêtes et vérification de la charge serveur.,"Catégorie: Performance lente
Priorité: Normale
Description: Temps de réponse très élevé lors de l'affichage - 18 secondes.
Solution: Optimisation des requêtes et vérification de la charge serveur.
Statut: Résolu"
TICKET-1244,Erreur de connexion,Normale,Échec de connexion au serveur web - Timeout après 57 secondes.,Test de connectivité réseau et reconfiguration des paramètres.,"Catégorie: Erreur de connexion
Priorité: Normale
Description: Échec de connexion au serveur web - Timeout après 57 secondes.
Solution: Test de connectivité réseau et reconfiguration des paramètres.
Statut: Résolu"
TICKET-1245,Demande d'information,Basse,Demande d'aide pour configurer la fonctionnalité.,Fourniture de la documentation appropriée et explication détaillée.,"Catégorie: Demande d'information
Priorité: Basse
Description: Demande d'aide pour configurer la fonctionnalité.
Solution: Fourniture de la documentation appropriée et explication détaillée.
Statut: Résolu"
TICKET-1246,Formation utilisateur,Haute,Problème de catégorie Formation utilisateur pour l'utilisateur 1246.,Organisation de session de formation et création de guides.,"Catégorie: Formation utilisateur
Priorité: Haute
Description: Problème de catégorie Formation utilisateur pour l'utilisateur 1246.
Solution: Organisation de session de formation et création de guides.
Statut: Résolu"
TICKET-1247,Demande d'information,Normale,Demande d'aide pour configurer la fonctionnalité.,Fourniture de la documentation appropriée et explication détaillée.,"Catégorie: Demande d'information
Priorité: Normale
Description: Demande d'aide pour configurer la fonctionnalité.
Solution: Fourniture de la documentation appropriée et explication détaillée.
Statut: Résolu"
TICKET-1248,Demande d'information,Critique,Demande d'aide pour configurer le système.,Fourniture de la documentation appropriée et explication détaillée.,"Catégorie: Demande d'information
Priorité: Critique
Description: Demande d'aide pour configurer le système.
Solution: Fourniture de la documentation appropriée et explication détaillée.
Statut: Résolu"
TICKET-1249,Formation utilisateur,Normale,Problème de catégorie Formation utilisateur pour l'utilisateur 1249.,Organisation de session de formation et création de guides.,"Catégorie: Formation utilisateur
Priorité: Normale
Description: Problème de catégorie Formation utilisateur pour l'utilisateur 1249.
Solution: Organisation de session de formation et création de guides.
Statut: Résolu"
TICKET-1250,Récupération de mot de passe,Basse,Problème de catégorie Récupération de mot de passe pour l'utilisateur 1250.,Solution en cours d'élaboration.,"Catégorie: Récupération de mot de passe
Priorité: Basse
Description: Problème de catégorie Récupération de mot de passe pour l'utilisateur 1250.
Solution: Solution en cours d'élaboration.
Statut: Résolu"
TICKET-1251,Mise à jour requise,Basse,Problème de catégorie Mise à jour requise pour l'utilisateur 1251.,Planification et exécution de la mise à jour système.,"Catégorie: Mise à jour requise
Priorité: Basse
Description: Problème de catégorie Mise à jour requise pour l'utilisateur 1251.
Solution: Planification et exécution de la mise à jour système.
Statut: Résolu"
TICKET-1252,Bug logiciel,Normale,Erreur détectée lors de la sauvegarde - Code erreur: 357.,"Identification du bug, correction dans le code et déploiement du patch.","Catégorie: Bug logiciel
Priorité: Normale
Description: Erreur détectée lors de la sauvegarde - Code erreur: 357.
Solution: Identification du bug, correction dans le code et déploiement du patch.
Statut: Résolu"
TICKET-1253,Erreur de connexion,Critique,Échec de connexion au serveur web - Timeout après 110 secondes.,Test de connectivité réseau et reconfiguration des paramètres.,"Catégorie: Erreur de connexion
Priorité: Critique
Description: Échec de connexion au serveur web - Timeout après 110 secondes.
Solution: Test de connectivité réseau et reconfiguration des paramètres.
Statut: Résolu"
TICKET-1254,Formation utilisateur,Normale,Problème de catégorie Formation utilisateur pour l'utilisateur 1254.,Organisation de session de formation et création de guides.,"Catégorie: Formation utilisateur
Priorité: Normale
Description: Problème de catégorie Formation utilisateur pour l'utilisateur 1254.
Solution: Organisation de session de formation et création de guides.
Statut: Résolu"
TICKET-1255,Demande d'information,Haute,Demande d'aide pour utiliser le système.,Fourniture de la documentation appropriée et explication détaillée.,"Catégorie: Demande d'information
Priorité: Haute
Description: Demande d'aide pour utiliser le système.
Solution: Fourniture de la documentation appropriée et explication détaillée.
Statut: Résolu"
TICKET-1256,Mise à jour requise,Critique,Problème de catégorie Mise à jour requise pour l'utilisateur 1256.,Planification et exécution de la mise à jour système.,"Catégorie: Mise à jour requise
Priorité: Critique
Description: Problème de catégorie Mise à jour requise pour l'utilisateur 1256.
Solution: Planification et exécution de la mise à jour système.
Statut: Résolu"
TICKET-1257,Erreur de connexion,Normale,Échec de connexion au serveur web - Timeout après 117 secondes.,Test de connectivité réseau et reconfiguration des paramètres.,"Catégorie: Erreur de connexion
Priorité: Normale
Description: Échec de connexion au serveur web - Timeout après 117 secondes.
Solution: Test de connectivité réseau et reconfiguration des paramètres.
Statut: Résolu"
TICKET-1258,Demande d'information,Haute,Demande d'aide pour comprendre l'application.,Fourniture de la documentation appropriée et explication détaillée.,"Catégorie: Demande d'information
Priorité: Haute
Description: Demande d'aide pour comprendre l'application.
Solution: Fourniture de la documentation appropriée et explication détaillée.
Statut: Résolu"
TICKET-1259,Mise à jour requise,Critique,Problème de catégorie Mise à jour requise pour l'utilisateur 1259.,Planification et exécution de la mise à jour système.,"Catégorie: Mise à jour requise
Priorité: Critique
Description: Problème de catégorie Mise à jour requise pour l'utilisateur 1259.
Solution: Planification et exécution de la mise à jour système.
Statut: Résolu"
TICKET-1260,Demande d'information,Basse,Demande d'aide pour configurer le système.,Fourniture de la documentation appropriée et explication détaillée.,"Catégorie: Demande d'information
Priorité: Basse
Description: Demande d'aide pour configurer le système.
Solution: Fourniture de la documentation appropriée et explication détaillée.
Statut: Résolu"
TICKET-1261,Bug logiciel,Normale,Erreur détectée lors de la sauvegarde - Code erreur: 647.,"Identification du bug, correction dans le code et déploiement du patch.","Catégorie: Bug logiciel
Priorité: Normale
Description: Erreur détectée lors de la sauvegarde - Code erreur: 647.
Solution: Identification du bug, correction dans le code et déploiement du patch.
Statut: Résolu"
TICKET-1262,Problème technique,Haute,L'utilisateur 1262 rencontre un dysfonctionnement avec l'application.,Vérification des logs système et redémarrage du service concerné.,"Catégorie: Problème technique
Priorité: Haute
Description: L'utilisateur 1262 rencontre un dysfonctionnement avec l'application.
Solution: Vérification des logs système et redémarrage du service concerné.
Statut: Résolu"
TICKET-1263,Formation utilisateur,Normale,Problème de catégorie Formation utilisateur pour l'utilisateur 1263.,Organisation de session de formation et création de guides.,"Catégorie: Formation utilisateur
Priorité: Normale
Description: Problème de catégorie Formation utilisateur pour l'utilisateur 1263.
Solution: Organisation de session de formation et création de guides.
Statut: Résolu"
TICKET-1264,Problème technique,Normale,L'utilisateur 1264 rencontre un dysfonctionnement avec l'interface.,Vérification des logs système et redémarrage du service concerné.,"Catégorie: Problème technique
Priorité: Normale
Description: L'utilisateur 1264 rencontre un dysfonctionnement avec l'interface.
Solution: Vérification des logs système et redémarrage du service concerné.
Statut: Résolu"
TICKET-1265,Formation utilisateur,Haute,Problème de catégorie Formation utilisateur pour l'utilisateur 1265.,Organisation de session de formation et création de guides.,"Catégorie: Formation utilisateur
Priorité: Haute
Description: Problème de catégorie Formation utilisateur pour l'utilisateur 1265.
Solution: Organisation de session de formation et création de guides.
Statut: Résolu"
TICKET-1266,Performance lente,Normale,Temps de réponse très élevé lors de la recherche - 21 secondes.,Optimisation des requêtes et vérification de la charge serveur.,"Catégorie: Performance lente
Priorité: Normale
Description: Temps de réponse très élevé lors de la recherche - 21 secondes.
Solution: Optimisation des requêtes et vérification de la charge serveur.
Statut: Résolu"
TICKET-1267,Accès refusé,Normale,Impossible d'accéder à l'application - Permissions insuffisantes.,Vérification des permissions utilisateur et mise à jour des droits d'accès.,"Catégorie: Accès refusé
Priorité: Normale
Description: Impossible d'accéder à l'application - Permissions insuffisantes.
Solution: Vérification des permissions utilisateur et mise à jour des droits d'accès.
Statut: Résolu"
TICKET-1268,Erreur de connexion,Basse,Échec de connexion au serveur email - Timeout après 79 secondes.,Test de connectivité réseau et reconfiguration des paramètres.,"Catégorie: Erreur de connexion
Priorité: Basse
Description: Échec de connexion au serveur email - Timeout après 79 secondes.
Solution: Test de connectivité réseau et reconfiguration des paramètres.
Statut: Résolu"
TICKET-1269,Demande d'information,Critique,Demande d'aide pour comprendre le système.,Fourniture de la documentation appropriée et explication détaillée.,"Catégorie: Demande d'information
Priorité: Critique
Description: Demande d'aide pour comprendre le système.
Solution: Fourniture de la documentation appropriée et explication détaillée.
Statut: Résolu"
TICKET-1270,Formation utilisateur,Normale,Problème de catégorie Formation utilisateur pour l'utilisateur 1270.,Organisation de session de formation et création de guides.,"Catégorie: Formation utilisateur
Priorité: Normale
Description: Problème de catégorie Formation utilisateur pour l'utilisateur 1270.
Solution: Organisation de session de formation et création de guides.
Statut: Résolu"
TICKET-1271,Demande d'information,Critique,Demande d'aide pour comprendre le système.,Fourniture de la documentation appropriée et explication détaillée.,"Catégorie: Demande d'information
Priorité: Critique
Description: Demande d'aide pour comprendre le système.
Solution: Fourniture de la documentation appropriée et explication détaillée.
Statut: Résolu"
TICKET-1272,Demande d'information,Critique,Demande d'aide pour configurer la fonctionnalité.,Fourniture de la documentation appropriée et explication détaillée.,"Catégorie: Demande d'information
Priorité: Critique
Description: Demande d'aide pour configurer la fonctionnalité.
Solution: Fourniture de la documentation appropriée et explication détaillée.
Statut: Résolu"
TICKET-1273,Erreur de connexion,Haute,Échec de connexion au serveur database - Timeout après 108 secondes.,Test de connectivité réseau et reconfiguration des paramètres.,"Catégorie: Erreur de connexion
Priorité: Haute
Description: Échec de connexion au serveur database - Timeout après 108 secondes.
Solution: Test de connectivité réseau et reconfiguration des paramètres.
Statut: Résolu"
TICKET-1274,Récupération de mot de passe,Normale,Problème de catégorie Récupération de mot de passe pour l'utilisateur 1274.,Solution en cours d'élaboration.,"Catégorie: Récupération de mot de passe
Priorité: Normale
Description: Problème de catégorie Récupération de mot de passe pour l'utilisateur 1274.
Solution: Solution en cours d'élaboration.
Statut: Résolu"
TICKET-1275,Demande d'information,Critique,Demande d'aide pour utiliser l'application.,Fourniture de la documentation appropriée et explication détaillée.,"Catégorie: Demande d'information
Priorité: Critique
Description: Demande d'aide pour utiliser l'application.
Solution: Fourniture de la documentation appropriée et explication détaillée.
Statut: Résolu"
TICKET-1276,Performance lente,Haute,Temps de réponse très élevé lors de la connexion - 15 secondes.,Optimisation des requêtes et vérification de la charge serveur.,"Catégorie: Performance lente
Priorité: Haute
Description: Temps de réponse très élevé lors de la connexion - 15 secondes.
Solution: Optimisation des requêtes et vérification de la charge serveur.
Statut: Résolu"
TICKET-1277,Accès refusé,Basse,Impossible d'accéder à l'application - Permissions insuffisantes.,Vérification des permissions utilisateur et mise à jour des droits d'accès.,"Catégorie: Accès refusé
Priorité: Basse
Description: Impossible d'accéder à l'application - Permissions insuffisantes.
Solution: Vérification des permissions utilisateur et mise à jour des droits d'accès.
Statut: Résolu"
TICKET-1278,Demande d'information,Basse,Demande d'aide pour comprendre le système.,Fourniture de la documentation appropriée et explication détaillée.,"Catégorie: Demande d'information
Priorité: Basse
Description: Demande d'aide pour comprendre le système.
Solution: Fourniture de la documentation appropriée et explication détaillée.
Statut: Résolu"
TICKET-1279,Accès refusé,Haute,Impossible d'accéder à l'application - Permissions insuffisantes.,Vérification des permissions utilisateur et mise à jour des droits d'accès.,"Catégorie: Accès refusé
Priorité: Haute
Description: Impossible d'accéder à l'application - Permissions insuffisantes.
Solution: Vérification des permissions utilisateur et mise à jour des droits d'accès.
Statut: Résolu"
TICKET-1280,Bug logiciel,Normale,Erreur détectée lors de l'utilisation - Code erreur: 482.,"Identification du bug, correction dans le code et déploiement du patch.","Catégorie: Bug logiciel
Priorité: Normale
Description: Erreur détectée lors de l'utilisation - Code erreur: 482.
Solution: Identification du bug, correction dans le code et déploiement du patch.
Statut: Résolu"
TICKET-1281,Bug logiciel,Haute,Erreur détectée lors de la sauvegarde - Code erreur: 832.,"Identification du bug, correction dans le code et déploiement du patch.","Catégorie: Bug logiciel
Priorité: Haute
Description: Erreur détectée lors de la sauvegarde - Code erreur: 832.
Solution: Identification du bug, correction dans le code et déploiement du patch.
Statut: Résolu"
TICKET-1282,Performance lente,Normale,Temps de réponse très élevé lors de la recherche - 8 secondes.,Optimisation des requêtes et vérification de la charge serveur.,"Catégorie: Performance lente
Priorité: Normale
Description: Temps de réponse très élevé lors de la recherche - 8 secondes.
Solution: Optimisation des requêtes et vérification de la charge serveur.
Statut: Résolu"
TICKET-1283,Formation utilisateur,Basse,Problème de catégorie Formation utilisateur pour l'utilisateur 1283.,Organisation de session de formation et création de guides.,"Catégorie: Formation utilisateur
Priorité: Basse
Description: Problème de catégorie Formation utilisateur pour l'utilisateur 1283.
Solution: Organisation de session de formation et création de guides.
Statut: Résolu"
TICKET-1284,Performance lente,Normale,Temps de réponse très élevé lors de la recherche - 6 secondes.,Optimisation des requêtes et vérification de la charge serveur.,"Catégorie: Performance lente
Priorité: Normale
Description: Temps de réponse très élevé lors de la recherche - 6 secondes.
Solution: Optimisation des requêtes et vérification de la charge serveur.
Statut: Résolu"
TICKET-1285,Formation utilisateur,Haute,Problème de catégorie Formation utilisateur pour l'utilisateur 1285.,Organisation de session de formation et création de guides.,"Catégorie: Formation utilisateur
Priorité: Haute
Description: Problème de catégorie Formation utilisateur pour l'utilisateur 1285.
Solution: Organisation de session de formation et création de guides.
Statut: Résolu"
TICKET-1286,Récupération de mot de passe,Basse,Problème de catégorie Récupération de mot de passe pour l'utilisateur 1286.,Solution en cours d'élaboration.,"Catégorie: Récupération de mot de passe
Priorité: Basse
Description: Problème de catégorie Récupération de mot de passe pour l'utilisateur 1286.
Solution: Solution en cours d'élaboration.
Statut: Résolu"
TICKET-1287,Formation utilisateur,Haute,Problème de catégorie Formation utilisateur pour l'utilisateur 1287.,Organisation de session de formation et création de guides.,"Catégorie: Formation utilisateur
Priorité: Haute
Description: Problème de catégorie Formation utilisateur pour l'utilisateur 1287.
Solution: Organisation de session de formation et création de guides.
Statut: Résolu"
TICKET-1288,Problème technique,Normale,L'utilisateur 1288 rencontre un dysfonctionnement avec le système.,Vérification des logs système et redémarrage du service concerné.,"Catégorie: Problème technique
Priorité: Normale
Description: L'utilisateur 1288 rencontre un dysfonctionnement avec le système.
Solution: Vérification des logs système et redémarrage du service concerné.
Statut: Résolu"
TICKET-1289,Erreur de connexion,Basse,Échec de connexion au serveur web - Timeout après 40 secondes.,Test de connectivité réseau et reconfiguration des paramètres.,"Catégorie: Erreur de connexion
Priorité: Basse
Description: Échec de connexion au serveur web - Timeout après 40 secondes.
Solution: Test de connectivité réseau et reconfiguration des paramètres.
Statut: Résolu"
TICKET-1290,Formation utilisateur,Haute,Problème de catégorie Formation utilisateur pour l'utilisateur 1290.,Organisation de session de formation et création de guides.,"Catégorie: Formation utilisateur
Priorité: Haute
Description: Problème de catégorie Formation utilisateur pour l'utilisateur 1290.
Solution: Organisation de session de formation et création de guides.
Statut: Résolu"
TICKET-1291,Mise à jour requise,Haute,Problème de catégorie Mise à jour requise pour l'utilisateur 1291.,Planification et exécution de la mise à jour système.,"Catégorie: Mise à jour requise
Priorité: Haute
Description: Problème de catégorie Mise à jour requise pour l'utilisateur 1291.
Solution: Planification et exécution de la mise à jour système.
Statut: Résolu"
TICKET-1292,Bug logiciel,Critique,Erreur détectée lors de la sauvegarde - Code erreur: 301.,"Identification du bug, correction dans le code et déploiement du patch.","Catégorie: Bug logiciel
Priorité: Critique
Description: Erreur détectée lors de la sauvegarde - Code erreur: 301.
Solution: Identification du bug, correction dans le code et déploiement du patch.
Statut: Résolu"
TICKET-1293,Performance lente,Critique,Temps de réponse très élevé lors de la connexion - 19 secondes.,Optimisation des requêtes et vérification de la charge serveur.,"Catégorie: Performance lente
Priorité: Critique
Description: Temps de réponse très élevé lors de la connexion - 19 secondes.
Solution: Optimisation des requêtes et vérification de la charge serveur.
Statut: Résolu"
TICKET-1294,Problème technique,Haute,L'utilisateur 1294 rencontre un dysfonctionnement avec l'interface.,Vérification des logs système et redémarrage du service concerné.,"Catégorie: Problème technique
Priorité: Haute
Description: L'utilisateur 1294 rencontre un dysfonctionnement avec l'interface.
Solution: Vérification des logs système et redémarrage du service concerné.
Statut: Résolu"
TICKET-1295,Récupération de mot de passe,Critique,Problème de catégorie Récupération de mot de passe pour l'utilisateur 1295.,Solution en cours d'élaboration.,"Catégorie: Récupération de mot de passe
Priorité: Critique
Description: Problème de catégorie Récupération de mot de passe pour l'utilisateur 1295.
Solution: Solution en cours d'élaboration.
Statut: Résolu"
TICKET-1296,Formation utilisateur,Basse,Problème de catégorie Formation utilisateur pour l'utilisateur 1296.,Organisation de session de formation et création de guides.,"Catégorie: Formation utilisateur
Priorité: Basse
Description: Problème de catégorie Formation utilisateur pour l'utilisateur 1296.
Solution: Organisation de session de formation et création de guides.
Statut: Résolu"
TICKET-1297,Récupération de mot de passe,Normale,Problème de catégorie Récupération de mot de passe pour l'utilisateur 1297.,Solution en cours d'élaboration.,"Catégorie: Récupération de mot de passe
Priorité: Normale
Description: Problème de catégorie Récupération de mot de passe pour l'utilisateur 1297.
Solution: Solution en cours d'élaboration.
Statut: Résolu"
TICKET-1298,Performance lente,Critique,Temps de réponse très élevé lors de la recherche - 24 secondes.,Optimisation des requêtes et vérification de la charge serveur.,"Catégorie: Performance lente
Priorité: Critique
Description: Temps de réponse très élevé lors de la recherche - 24 secondes.
Solution: Optimisation des requêtes et vérification de la charge serveur.
Statut: Résolu"
TICKET-1299,Performance lente,Basse,Temps de réponse très élevé lors de l'affichage - 5 secondes.,Optimisation des requêtes et vérification de la charge serveur.,"Catégorie: Performance lente
Priorité: Basse
Description: Temps de réponse très élevé lors de l'affichage - 5 secondes.
Solution: Optimisation des requêtes et vérification de la charge serveur.
Statut: Résolu"
TICKET-1300,Demande d'information,Critique,Demande d'aide pour utiliser la fonctionnalité.,Fourniture de la documentation appropriée et explication détaillée.,"Catégorie: Demande d'information
Priorité: Critique
Description: Demande d'aide pour utiliser la fonctionnalité.
Solution: Fourniture de la documentation appropriée et explication détaillée.
Statut: Résolu"
TICKET-1301,Erreur de connexion,Critique,Échec de connexion au serveur web - Timeout après 114 secondes.,Test de connectivité réseau et reconfiguration des paramètres.,"Catégorie: Erreur de connexion
Priorité: Critique
Description: Échec de connexion au serveur web - Timeout après 114 secondes.
Solution: Test de connectivité réseau et reconfiguration des paramètres.
Statut: Résolu"
TICKET-1302,Formation utilisateur,Haute,Problème de catégorie Formation utilisateur pour l'utilisateur 1302.,Organisation de session de formation et création de guides.,"Catégorie: Formation utilisateur
Priorité: Haute
Description: Problème de catégorie Formation utilisateur pour l'utilisateur 1302.
Solution: Organisation de session de formation et création de guides.
Statut: Résolu"
TICKET-1303,Demande d'information,Basse,Demande d'aide pour comprendre l'application.,Fourniture de la documentation appropriée et explication détaillée.,"Catégorie: Demande d'information
Priorité: Basse
Description: Demande d'aide pour comprendre l'application.
Solution: Fourniture de la documentation appropriée et explication détaillée.
Statut: Résolu"
TICKET-1304,Accès refusé,Basse,Impossible d'accéder à le serveur - Permissions insuffisantes.,Vérification des permissions utilisateur et mise à jour des droits d'accès.,"Catégorie: Accès refusé
Priorité: Basse
Description: Impossible d'accéder à le serveur - Permissions insuffisantes.
Solution: Vérification des permissions utilisateur et mise à jour des droits d'accès.
Statut: Résolu"
TICKET-1305,Mise à jour requise,Haute,Problème de catégorie Mise à jour requise pour l'utilisateur 1305.,Planification et exécution de la mise à jour système.,"Catégorie: Mise à jour requise
Priorité: Haute
Description: Problème de catégorie Mise à jour requise pour l'utilisateur 1305.
Solution: Planification et exécution de la mise à jour système.
Statut: Résolu"
TICKET-1306,Mise à jour requise,Normale,Problème de catégorie Mise à jour requise pour l'utilisateur 1306.,Planification et exécution de la mise à jour système.,"Catégorie: Mise à jour requise
Priorité: Normale
Description: Problème de catégorie Mise à jour requise pour l'utilisateur 1306.
Solution: Planification et exécution de la mise à jour système.
Statut: Résolu"
TICKET-1307,Bug logiciel,Normale,Erreur détectée lors de l'utilisation - Code erreur: 869.,"Identification du bug, correction dans le code et déploiement du patch.","Catégorie: Bug logiciel
Priorité: Normale
Description: Erreur détectée lors de l'utilisation - Code erreur: 869.
Solution: Identification du bug, correction dans le code et déploiement du patch.
Statut: Résolu"
TICKET-1308,Problème technique,Normale,L'utilisateur 1308 rencontre un dysfonctionnement avec l'application.,Vérification des logs système et redémarrage du service concerné.,"Catégorie: Problème technique
Priorité: Normale
Description: L'utilisateur 1308 rencontre un dysfonctionnement avec l'application.
Solution: Vérification des logs système et redémarrage du service concerné.
Statut: Résolu"
TICKET-1309,Bug logiciel,Critique,Erreur détectée lors de la sauvegarde - Code erreur: 624.,"Identification du bug, correction dans le code et déploiement du patch.","Catégorie: Bug logiciel
Priorité: Critique
Description: Erreur détectée lors de la sauvegarde - Code erreur: 624.
Solution: Identification du bug, correction dans le code et déploiement du patch.
Statut: Résolu"
TICKET-1310,Mise à jour requise,Basse,Problème de catégorie Mise à jour requise pour l'utilisateur 1310.,Planification et exécution de la mise à jour système.,"Catégorie: Mise à jour requise
Priorité: Basse
Description: Problème de catégorie Mise à jour requise pour l'utilisateur 1310.
Solution: Planification et exécution de la mise à jour système.
Statut: Résolu"
TICKET-1311,Demande d'information,Basse,Demande d'aide pour configurer le système.,Fourniture de la documentation appropriée et explication détaillée.,"Catégorie: Demande d'information
Priorité: Basse
Description: Demande d'aide pour configurer le système.
Solution: Fourniture de la documentation appropriée et explication détaillée.
Statut: Résolu"
TICKET-1312,Problème technique,Critique,L'utilisateur 1312 rencontre un dysfonctionnement avec l'application.,Vérification des logs système et redémarrage du service concerné.,"Catégorie: Problème technique
Priorité: Critique
Description: L'utilisateur 1312 rencontre un dysfonctionnement avec l'application.
Solution: Vérification des logs système et redémarrage du service concerné.
Statut: Résolu"
TICKET-1313,Bug logiciel,Haute,Erreur détectée lors de l'utilisation - Code erreur: 371.,"Identification du bug, correction dans le code et déploiement du patch.","Catégorie: Bug logiciel
Priorité: Haute
Description: Erreur détectée lors de l'utilisation - Code erreur: 371.
Solution: Identification du bug, correction dans le code et déploiement du patch.
Statut: Résolu"
TICKET-1314,Bug logiciel,Basse,Erreur détectée lors de la sauvegarde - Code erreur: 288.,"Identification du bug, correction dans le code et déploiement du patch.","Catégorie: Bug logiciel
Priorité: Basse
Description: Erreur détectée lors de la sauvegarde - Code erreur: 288.
Solution: Identification du bug, correction dans le code et déploiement du patch.
Statut: Résolu"
TICKET-1315,Demande d'information,Normale,Demande d'aide pour comprendre le système.,Fourniture de la documentation appropriée et explication détaillée.,"Catégorie: Demande d'information
Priorité: Normale
Description: Demande d'aide pour comprendre le système.
Solution: Fourniture de la documentation appropriée et explication détaillée.
Statut: Résolu"
TICKET-1316,Demande d'information,Basse,Demande d'aide pour comprendre l'application.,Fourniture de la documentation appropriée et explication détaillée.,"Catégorie: Demande d'information
Priorité: Basse
Description: Demande d'aide pour comprendre l'application.
Solution: Fourniture de la documentation appropriée et explication détaillée.
Statut: Résolu"
TICKET-1317,Performance lente,Basse,Temps de réponse très élevé lors de l'affichage - 7 secondes.,Optimisation des requêtes et vérification de la charge serveur.,"Catégorie: Performance lente
Priorité: Basse
Description: Temps de réponse très élevé lors de l'affichage - 7 secondes.
Solution: Optimisation des requêtes et vérification de la charge serveur.
Statut: Résolu"
TICKET-1318,Problème technique,Haute,L'utilisateur 1318 rencontre un dysfonctionnement avec l'application.,Vérification des logs système et redémarrage du service concerné.,"Catégorie: Problème technique
Priorité: Haute
Description: L'utilisateur 1318 rencontre un dysfonctionnement avec l'application.
Solution: Vérification des logs système et redémarrage du service concerné.
Statut: Résolu"
TICKET-1319,Mise à jour requise,Basse,Problème de catégorie Mise à jour requise pour l'utilisateur 1319.,Planification et exécution de la mise à jour système.,"Catégorie: Mise à jour requise
Priorité: Basse
Description: Problème de catégorie Mise à jour requise pour l'utilisateur 1319.
Solution: Planification et exécution de la mise à jour système.
Statut: Résolu"
TICKET-1320,Mise à jour requise,Haute,Problème de catégorie Mise à jour requise pour l'utilisateur 1320.,Planification et exécution de la mise à jour système.,"Catégorie: Mise à jour requise
Priorité: Haute
Description: Problème de catégorie Mise à jour requise pour l'utilisateur 1320.
Solution: Planification et exécution de la mise à jour système.
Statut: Résolu"
TICKET-1321,Formation utilisateur,Critique,Problème de catégorie Formation utilisateur pour l'utilisateur 1321.,Organisation de session de formation et création de guides.,"Catégorie: Formation utilisateur
Priorité: Critique
Description: Problème de catégorie Formation utilisateur pour l'utilisateur 1321.
Solution: Organisation de session de formation et création de guides.
Statut: Résolu"
TICKET-1322,Erreur de connexion,Normale,Échec de connexion au serveur email - Timeout après 91 secondes.,Test de connectivité réseau et reconfiguration des paramètres.,"Catégorie: Erreur de connexion
Priorité: Normale
Description: Échec de connexion au serveur email - Timeout après 91 secondes.
Solution: Test de connectivité réseau et reconfiguration des paramètres.
Statut: Résolu"
TICKET-1323,Demande d'information,Critique,Demande d'aide pour configurer l'application.,Fourniture de la documentation appropriée et explication détaillée.,"Catégorie: Demande d'information
Priorité: Critique
Description: Demande d'aide pour configurer l'application.
Solution: Fourniture de la documentation appropriée et explication détaillée.
Statut: Résolu"
TICKET-1324,Performance lente,Haute,Temps de réponse très élevé lors de l'affichage - 25 secondes.,Optimisation des requêtes et vérification de la charge serveur.,"Catégorie: Performance lente
Priorité: Haute
Description: Temps de réponse très élevé lors de l'affichage - 25 secondes.
Solution: Optimisation des requêtes et vérification de la charge serveur.
Statut: Résolu"
TICKET-1325,Performance lente,Critique,Temps de réponse très élevé lors de l'affichage - 9 secondes.,Optimisation des requêtes et vérification de la charge serveur.,"Catégorie: Performance lente
Priorité: Critique
Description: Temps de réponse très élevé lors de l'affichage - 9 secondes.
Solution: Optimisation des requêtes et vérification de la charge serveur.
Statut: Résolu"
TICKET-1326,Performance lente,Basse,Temps de réponse très élevé lors de la recherche - 27 secondes.,Optimisation des requêtes et vérification de la charge serveur.,"Catégorie: Performance lente
Priorité: Basse
Description: Temps de réponse très élevé lors de la recherche - 27 secondes.
Solution: Optimisation des requêtes et vérification de la charge serveur.
Statut: Résolu"
TICKET-1327,Problème technique,Critique,L'utilisateur 1327 rencontre un dysfonctionnement avec le système.,Vérification des logs système et redémarrage du service concerné.,"Catégorie: Problème technique
Priorité: Critique
Description: L'utilisateur 1327 rencontre un dysfonctionnement avec le système.
Solution: Vérification des logs système et redémarrage du service concerné.
Statut: Résolu"
TICKET-1328,Demande d'information,Normale,Demande d'aide pour utiliser le système.,Fourniture de la documentation appropriée et explication détaillée.,"Catégorie: Demande d'information
Priorité: Normale
Description: Demande d'aide pour utiliser le système.
Solution: Fourniture de la documentation appropriée et explication détaillée.
Statut: Résolu"
TICKET-1329,Formation utilisateur,Critique,Problème de catégorie Formation utilisateur pour l'utilisateur 1329.,Organisation de session de formation et création de guides.,"Catégorie: Formation utilisateur
Priorité: Critique
Description: Problème de catégorie Formation utilisateur pour l'utilisateur 1329.
Solution: Organisation de session de formation et création de guides.
Statut: Résolu"
TICKET-1330,Erreur de connexion,Basse,Échec de connexion au serveur database - Timeout après 31 secondes.,Test de connectivité réseau et reconfiguration des paramètres.,"Catégorie: Erreur de connexion
Priorité: Basse
Description: Échec de connexion au serveur database - Timeout après 31 secondes.
Solution: Test de connectivité réseau et reconfiguration des paramètres.
Statut: Résolu"
TICKET-1331,Erreur de connexion,Haute,Échec de connexion au serveur web - Timeout après 84 secondes.,Test de connectivité réseau et reconfiguration des paramètres.,"Catégorie: Erreur de connexion
Priorité: Haute
Description: Échec de connexion au serveur web - Timeout après 84 secondes.
Solution: Test de connectivité réseau et reconfiguration des paramètres.
Statut: Résolu"
TICKET-1332,Problème technique,Critique,L'utilisateur 1332 rencontre un dysfonctionnement avec l'interface.,Vérification des logs système et redémarrage du service concerné.,"Catégorie: Problème technique
Priorité: Critique
Description: L'utilisateur 1332 rencontre un dysfonctionnement avec l'interface.
Solution: Vérification des logs système et redémarrage du service concerné.
Statut: Résolu"
TICKET-1333,Erreur de connexion,Haute,Échec de connexion au serveur email - Timeout après 61 secondes.,Test de connectivité réseau et reconfiguration des paramètres.,"Catégorie: Erreur de connexion
Priorité: Haute
Description: Échec de connexion au serveur email - Timeout après 61 secondes.
Solution: Test de connectivité réseau et reconfiguration des paramètres.
Statut: Résolu"
TICKET-1334,Mise à jour requise,Basse,Problème de catégorie Mise à jour requise pour l'utilisateur 1334.,Planification et exécution de la mise à jour système.,"Catégorie: Mise à jour requise
Priorité: Basse
Description: Problème de catégorie Mise à jour requise pour l'utilisateur 1334.
Solution: Planification et exécution de la mise à jour système.
Statut: Résolu"
TICKET-1335,Récupération de mot de passe,Critique,Problème de catégorie Récupération de mot de passe pour l'utilisateur 1335.,Solution en cours d'élaboration.,"Catégorie: Récupération de mot de passe
Priorité: Critique
Description: Problème de catégorie Récupération de mot de passe pour l'utilisateur 1335.
Solution: Solution en cours d'élaboration.
Statut: Résolu"
TICKET-1336,Mise à jour requise,Critique,Problème de catégorie Mise à jour requise pour l'utilisateur 1336.,Planification et exécution de la mise à jour système.,"Catégorie: Mise à jour requise
Priorité: Critique
Description: Problème de catégorie Mise à jour requise pour l'utilisateur 1336.
Solution: Planification et exécution de la mise à jour système.
Statut: Résolu"
TICKET-1337,Formation utilisateur,Normale,Problème de catégorie Formation utilisateur pour l'utilisateur 1337.,Organisation de session de formation et création de guides.,"Catégorie: Formation utilisateur
Priorité: Normale
Description: Problème de catégorie Formation utilisateur pour l'utilisateur 1337.
Solution: Organisation de session de formation et création de guides.
Statut: Résolu"
TICKET-1338,Demande d'information,Basse,Demande d'aide pour configurer le système.,Fourniture de la documentation appropriée et explication détaillée.,"Catégorie: Demande d'information
Priorité: Basse
Description: Demande d'aide pour configurer le système.
Solution: Fourniture de la documentation appropriée et explication détaillée.
Statut: Résolu"
TICKET-1339,Problème technique,Basse,L'utilisateur 1339 rencontre un dysfonctionnement avec l'application.,Vérification des logs système et redémarrage du service concerné.,"Catégorie: Problème technique
Priorité: Basse
Description: L'utilisateur 1339 rencontre un dysfonctionnement avec l'application.
Solution: Vérification des logs système et redémarrage du service concerné.
Statut: Résolu"
TICKET-1340,Formation utilisateur,Haute,Problème de catégorie Formation utilisateur pour l'utilisateur 1340.,Organisation de session de formation et création de guides.,"Catégorie: Formation utilisateur
Priorité: Haute
Description: Problème de catégorie Formation utilisateur pour l'utilisateur 1340.
Solution: Organisation de session de formation et création de guides.
Statut: Résolu"
TICKET-1341,Bug logiciel,Basse,Erreur détectée lors de l'utilisation - Code erreur: 125.,"Identification du bug, correction dans le code et déploiement du patch.","Catégorie: Bug logiciel
Priorité: Basse
Description: Erreur détectée lors de l'utilisation - Code erreur: 125.
Solution: Identification du bug, correction dans le code et déploiement du patch.
Statut: Résolu"
TICKET-1342,Demande d'information,Haute,Demande d'aide pour utiliser le système.,Fourniture de la documentation appropriée et explication détaillée.,"Catégorie: Demande d'information
Priorité: Haute
Description: Demande d'aide pour utiliser le système.
Solution: Fourniture de la documentation appropriée et explication détaillée.
Statut: Résolu"
TICKET-1343,Accès refusé,Critique,Impossible d'accéder à le serveur - Permissions insuffisantes.,Vérification des permissions utilisateur et mise à jour des droits d'accès.,"Catégorie: Accès refusé
Priorité: Critique
Description: Impossible d'accéder à le serveur - Permissions insuffisantes.
Solution: Vérification des permissions utilisateur et mise à jour des droits d'accès.
Statut: Résolu"
TICKET-1344,Demande d'information,Haute,Demande d'aide pour configurer l'application.,Fourniture de la documentation appropriée et explication détaillée.,"Catégorie: Demande d'information
Priorité: Haute
Description: Demande d'aide pour configurer l'application.
Solution: Fourniture de la documentation appropriée et explication détaillée.
Statut: Résolu"
TICKET-1345,Demande d'information,Haute,Demande d'aide pour utiliser la fonctionnalité.,Fourniture de la documentation appropriée et explication détaillée.,"Catégorie: Demande d'information
Priorité: Haute
Description: Demande d'aide pour utiliser la fonctionnalité.
Solution: Fourniture de la documentation appropriée et explication détaillée.
Statut: Résolu"
TICKET-1346,Récupération de mot de passe,Critique,Problème de catégorie Récupération de mot de passe pour l'utilisateur 1346.,Solution en cours d'élaboration.,"Catégorie: Récupération de mot de passe
Priorité: Critique
Description: Problème de catégorie Récupération de mot de passe pour l'utilisateur 1346.
Solution: Solution en cours d'élaboration.
Statut: Résolu"
TICKET-1347,Formation utilisateur,Haute,Problème de catégorie Formation utilisateur pour l'utilisateur 1347.,Organisation de session de formation et création de guides.,"Catégorie: Formation utilisateur
Priorité: Haute
Description: Problème de catégorie Formation utilisateur pour l'utilisateur 1347.
Solution: Organisation de session de formation et création de guides.
Statut: Résolu"
TICKET-1348,Mise à jour requise,Critique,Problème de catégorie Mise à jour requise pour l'utilisateur 1348.,Planification et exécution de la mise à jour système.,"Catégorie: Mise à jour requise
Priorité: Critique
Description: Problème de catégorie Mise à jour requise pour l'utilisateur 1348.
Solution: Planification et exécution de la mise à jour système.
Statut: Résolu"
TICKET-1349,Formation utilisateur,Critique,Problème de catégorie Formation utilisateur pour l'utilisateur 1349.,Organisation de session de formation et création de guides.,"Catégorie: Formation utilisateur
Priorité: Critique
Description: Problème de catégorie Formation utilisateur pour l'utilisateur 1349.
Solution: Organisation de session de formation et création de guides.
Statut: Résolu"
TICKET-1350,Erreur de connexion,Haute,Échec de connexion au serveur database - Timeout après 103 secondes.,Test de connectivité réseau et reconfiguration des paramètres.,"Catégorie: Erreur de connexion
Priorité: Haute
Description: Échec de connexion au serveur database - Timeout après 103 secondes.
Solution: Test de connectivité réseau et reconfiguration des paramètres.
Statut: Résolu"
TICKET-1351,Erreur de connexion,Critique,Échec de connexion au serveur database - Timeout après 78 secondes.,Test de connectivité réseau et reconfiguration des paramètres.,"Catégorie: Erreur de connexion
Priorité: Critique
Description: Échec de connexion au serveur database - Timeout après 78 secondes.
Solution: Test de connectivité réseau et reconfiguration des paramètres.
Statut: Résolu"
TICKET-1352,Performance lente,Critique,Temps de réponse très élevé lors de l'affichage - 22 secondes.,Optimisation des requêtes et vérification de la charge serveur.,"Catégorie: Performance lente
Priorité: Critique
Description: Temps de réponse très élevé lors de l'affichage - 22 secondes.
Solution: Optimisation des requêtes et vérification de la charge serveur.
Statut: Résolu"
TICKET-1353,Récupération de mot de passe,Basse,Problème de catégorie Récupération de mot de passe pour l'utilisateur 1353.,Solution en cours d'élaboration.,"Catégorie: Récupération de mot de passe
Priorité: Basse
Description: Problème de catégorie Récupération de mot de passe pour l'utilisateur 1353.
Solution: Solution en cours d'élaboration.
Statut: Résolu"
TICKET-1354,Accès refusé,Basse,Impossible d'accéder à l'application - Permissions insuffisantes.,Vérification des permissions utilisateur et mise à jour des droits d'accès.,"Catégorie: Accès refusé
Priorité: Basse
Description: Impossible d'accéder à l'application - Permissions insuffisantes.
Solution: Vérification des permissions utilisateur et mise à jour des droits d'accès.
Statut: Résolu"
TICKET-1355,Performance lente,Normale,Temps de réponse très élevé lors de la recherche - 18 secondes.,Optimisation des requêtes et vérification de la charge serveur.,"Catégorie: Performance lente
Priorité: Normale
Description: Temps de réponse très élevé lors de la recherche - 18 secondes.
Solution: Optimisation des requêtes et vérification de la charge serveur.
Statut: Résolu"
TICKET-1356,Demande d'information,Normale,Demande d'aide pour configurer le système.,Fourniture de la documentation appropriée et explication détaillée.,"Catégorie: Demande d'information
Priorité: Normale
Description: Demande d'aide pour configurer le système.
Solution: Fourniture de la documentation appropriée et explication détaillée.
Statut: Résolu"
TICKET-1357,Récupération de mot de passe,Normale,Problème de catégorie Récupération de mot de passe pour l'utilisateur 1357.,Solution en cours d'élaboration.,"Catégorie: Récupération de mot de passe
Priorité: Normale
Description: Problème de catégorie Récupération de mot de passe pour l'utilisateur 1357.
Solution: Solution en cours d'élaboration.
Statut: Résolu"
TICKET-1358,Mise à jour requise,Normale,Problème de catégorie Mise à jour requise pour l'utilisateur 1358.,Planification et exécution de la mise à jour système.,"Catégorie: Mise à jour requise
Priorité: Normale
Description: Problème de catégorie Mise à jour requise pour l'utilisateur 1358.
Solution: Planification et exécution de la mise à jour système.
Statut: Résolu"
TICKET-1359,Mise à jour requise,Normale,Problème de catégorie Mise à jour requise pour l'utilisateur 1359.,Planification et exécution de la mise à jour système.,"Catégorie: Mise à jour requise
Priorité: Normale
Description: Problème de catégorie Mise à jour requise pour l'utilisateur 1359.
Solution: Planification et exécution de la mise à jour système.
Statut: Résolu"
TICKET-1360,Performance lente,Basse,Temps de réponse très élevé lors de l'affichage - 28 secondes.,Optimisation des requêtes et vérification de la charge serveur.,"Catégorie: Performance lente
Priorité: Basse
Description: Temps de réponse très élevé lors de l'affichage - 28 secondes.
Solution: Optimisation des requêtes et vérification de la charge serveur.
Statut: Résolu"
TICKET-1361,Performance lente,Normale,Temps de réponse très élevé lors de la recherche - 13 secondes.,Optimisation des requêtes et vérification de la charge serveur.,"Catégorie: Performance lente
Priorité: Normale
Description: Temps de réponse très élevé lors de la recherche - 13 secondes.
Solution: Optimisation des requêtes et vérification de la charge serveur.
Statut: Résolu"
TICKET-1362,Demande d'information,Normale,Demande d'aide pour comprendre la fonctionnalité.,Fourniture de la documentation appropriée et explication détaillée.,"Catégorie: Demande d'information
Priorité: Normale
Description: Demande d'aide pour comprendre la fonctionnalité.
Solution: Fourniture de la documentation appropriée et explication détaillée.
Statut: Résolu"
TICKET-1363,Récupération de mot de passe,Normale,Problème de catégorie Récupération de mot de passe pour l'utilisateur 1363.,Solution en cours d'élaboration.,"Catégorie: Récupération de mot de passe
Priorité: Normale
Description: Problème de catégorie Récupération de mot de passe pour l'utilisateur 1363.
Solution: Solution en cours d'élaboration.
Statut: Résolu"
TICKET-1364,Formation utilisateur,Normale,Problème de catégorie Formation utilisateur pour l'utilisateur 1364.,Organisation de session de formation et création de guides.,"Catégorie: Formation utilisateur
Priorité: Normale
Description: Problème de catégorie Formation utilisateur pour l'utilisateur 1364.
Solution: Organisation de session de formation et création de guides.
Statut: Résolu"
TICKET-1365,Performance lente,Basse,Temps de réponse très élevé lors de la recherche - 7 secondes.,Optimisation des requêtes et vérification de la charge serveur.,"Catégorie: Performance lente
Priorité: Basse
Description: Temps de réponse très élevé lors de la recherche - 7 secondes.
Solution: Optimisation des requêtes et vérification de la charge serveur.
Statut: Résolu"
TICKET-1366,Erreur de connexion,Normale,Échec de connexion au serveur email - Timeout après 76 secondes.,Test de connectivité réseau et reconfiguration des paramètres.,"Catégorie: Erreur de connexion
Priorité: Normale
Description: Échec de connexion au serveur email - Timeout après 76 secondes.
Solution: Test de connectivité réseau et reconfiguration des paramètres.
Statut: Résolu"
TICKET-1367,Demande d'information,Normale,Demande d'aide pour utiliser la fonctionnalité.,Fourniture de la documentation appropriée et explication détaillée.,"Catégorie: Demande d'information
Priorité: Normale
Description: Demande d'aide pour utiliser la fonctionnalité.
Solution: Fourniture de la documentation appropriée et explication détaillée.
Statut: Résolu"
TICKET-1368,Mise à jour requise,Basse,Problème de catégorie Mise à jour requise pour l'utilisateur 1368.,Planification et exécution de la mise à jour système.,"Catégorie: Mise à jour requise
Priorité: Basse
Description: Problème de catégorie Mise à jour requise pour l'utilisateur 1368.
Solution: Planification et exécution de la mise à jour système.
Statut: Résolu"
TICKET-1369,Récupération de mot de passe,Critique,Problème de catégorie Récupération de mot de passe pour l'utilisateur 1369.,Solution en cours d'élaboration.,"Catégorie: Récupération de mot de passe
Priorité: Critique
Description: Problème de catégorie Récupération de mot de passe pour l'utilisateur 1369.
Solution: Solution en cours d'élaboration.
Statut: Résolu"
TICKET-1370,Récupération de mot de passe,Haute,Problème de catégorie Récupération de mot de passe pour l'utilisateur 1370.,Solution en cours d'élaboration.,"Catégorie: Récupération de mot de passe
Priorité: Haute
Description: Problème de catégorie Récupération de mot de passe pour l'utilisateur 1370.
Solution: Solution en cours d'élaboration.
Statut: Résolu"
TICKET-1371,Mise à jour requise,Basse,Problème de catégorie Mise à jour requise pour l'utilisateur 1371.,Planification et exécution de la mise à jour système.,"Catégorie: Mise à jour requise
Priorité: Basse
Description: Problème de catégorie Mise à jour requise pour l'utilisateur 1371.
Solution: Planification et exécution de la mise à jour système.
Statut: Résolu"
TICKET-1372,Demande d'information,Normale,Demande d'aide pour comprendre la fonctionnalité.,Fourniture de la documentation appropriée et explication détaillée.,"Catégorie: Demande d'information
Priorité: Normale
Description: Demande d'aide pour comprendre la fonctionnalité.
Solution: Fourniture de la documentation appropriée et explication détaillée.
Statut: Résolu"
TICKET-1373,Demande d'information,Haute,Demande d'aide pour configurer l'application.,Fourniture de la documentation appropriée et explication détaillée.,"Catégorie: Demande d'information
Priorité: Haute
Description: Demande d'aide pour configurer l'application.
Solution: Fourniture de la documentation appropriée et explication détaillée.
Statut: Résolu"
TICKET-1374,Performance lente,Normale,Temps de réponse très élevé lors de la connexion - 5 secondes.,Optimisation des requêtes et vérification de la charge serveur.,"Catégorie: Performance lente
Priorité: Normale
Description: Temps de réponse très élevé lors de la connexion - 5 secondes.
Solution: Optimisation des requêtes et vérification de la charge serveur.
Statut: Résolu"
TICKET-1375,Accès refusé,Basse,Impossible d'accéder à la base de données - Permissions insuffisantes.,Vérification des permissions utilisateur et mise à jour des droits d'accès.,"Catégorie: Accès refusé
Priorité: Basse
Description: Impossible d'accéder à la base de données - Permissions insuffisantes.
Solution: Vérification des permissions utilisateur et mise à jour des droits d'accès.
Statut: Résolu"
TICKET-1376,Mise à jour requise,Basse,Problème de catégorie Mise à jour requise pour l'utilisateur 1376.,Planification et exécution de la mise à jour système.,"Catégorie: Mise à jour requise
Priorité: Basse
Description: Problème de catégorie Mise à jour requise pour l'utilisateur 1376.
Solution: Planification et exécution de la mise à jour système.
Statut: Résolu"
TICKET-1377,Récupération de mot de passe,Basse,Problème de catégorie Récupération de mot de passe pour l'utilisateur 1377.,Solution en cours d'élaboration.,"Catégorie: Récupération de mot de passe
Priorité: Basse
Description: Problème de catégorie Récupération de mot de passe pour l'utilisateur 1377.
Solution: Solution en cours d'élaboration.
Statut: Résolu"
TICKET-1378,Accès refusé,Haute,Impossible d'accéder à le serveur - Permissions insuffisantes.,Vérification des permissions utilisateur et mise à jour des droits d'accès.,"Catégorie: Accès refusé
Priorité: Haute
Description: Impossible d'accéder à le serveur - Permissions insuffisantes.
Solution: Vérification des permissions utilisateur et mise à jour des droits d'accès.
Statut: Résolu"
TICKET-1379,Mise à jour requise,Critique,Problème de catégorie Mise à jour requise pour l'utilisateur 1379.,Planification et exécution de la mise à jour système.,"Catégorie: Mise à jour requise
Priorité: Critique
Description: Problème de catégorie Mise à jour requise pour l'utilisateur 1379.
Solution: Planification et exécution de la mise à jour système.
Statut: Résolu"
TICKET-1380,Erreur de connexion,Haute,Échec de connexion au serveur database - Timeout après 112 secondes.,Test de connectivité réseau et reconfiguration des paramètres.,"Catégorie: Erreur de connexion
Priorité: Haute
Description: Échec de connexion au serveur database - Timeout après 112 secondes.
Solution: Test de connectivité réseau et reconfiguration des paramètres.
Statut: Résolu"
TICKET-1381,Mise à jour requise,Normale,Problème de catégorie Mise à jour requise pour l'utilisateur 1381.,Planification et exécution de la mise à jour système.,"Catégorie: Mise à jour requise
Priorité: Normale
Description: Problème de catégorie Mise à jour requise pour l'utilisateur 1381.
Solution: Planification et exécution de la mise à jour système.
Statut: Résolu"
TICKET-1382,Formation utilisateur,Critique,Problème de catégorie Formation utilisateur pour l'utilisateur 1382.,Organisation de session de formation et création de guides.,"Catégorie: Formation utilisateur
Priorité: Critique
Description: Problème de catégorie Formation utilisateur pour l'utilisateur 1382.
Solution: Organisation de session de formation et création de guides.
Statut: Résolu"
TICKET-1383,Problème technique,Critique,L'utilisateur 1383 rencontre un dysfonctionnement avec l'application.,Vérification des logs système et redémarrage du service concerné.,"Catégorie: Problème technique
Priorité: Critique
Description: L'utilisateur 1383 rencontre un dysfonctionnement avec l'application.
Solution: Vérification des logs système et redémarrage du service concerné.
Statut: Résolu"
TICKET-1384,Mise à jour requise,Critique,Problème de catégorie Mise à jour requise pour l'utilisateur 1384.,Planification et exécution de la mise à jour système.,"Catégorie: Mise à jour requise
Priorité: Critique
Description: Problème de catégorie Mise à jour requise pour l'utilisateur 1384.
Solution: Planification et exécution de la mise à jour système.
Statut: Résolu"
TICKET-1385,Formation utilisateur,Critique,Problème de catégorie Formation utilisateur pour l'utilisateur 1385.,Organisation de session de formation et création de guides.,"Catégorie: Formation utilisateur
Priorité: Critique
Description: Problème de catégorie Formation utilisateur pour l'utilisateur 1385.
Solution: Organisation de session de formation et création de guides.
Statut: Résolu"
TICKET-1386,Mise à jour requise,Basse,Problème de catégorie Mise à jour requise pour l'utilisateur 1386.,Planification et exécution de la mise à jour système.,"Catégorie: Mise à jour requise
Priorité: Basse
Description: Problème de catégorie Mise à jour requise pour l'utilisateur 1386.
Solution: Planification et exécution de la mise à jour système.
Statut: Résolu"
TICKET-1387,Erreur de connexion,Haute,Échec de connexion au serveur web - Timeout après 117 secondes.,Test de connectivité réseau et reconfiguration des paramètres.,"Catégorie: Erreur de connexion
Priorité: Haute
Description: Échec de connexion au serveur web - Timeout après 117 secondes.
Solution: Test de connectivité réseau et reconfiguration des paramètres.
Statut: Résolu"
TICKET-1388,Performance lente,Normale,Temps de réponse très élevé lors de la recherche - 6 secondes.,Optimisation des requêtes et vérification de la charge serveur.,"Catégorie: Performance lente
Priorité: Normale
Description: Temps de réponse très élevé lors de la recherche - 6 secondes.
Solution: Optimisation des requêtes et vérification de la charge serveur.
Statut: Résolu"
TICKET-1389,Problème technique,Haute,L'utilisateur 1389 rencontre un dysfonctionnement avec l'interface.,Vérification des logs système et redémarrage du service concerné.,"Catégorie: Problème technique
Priorité: Haute
Description: L'utilisateur 1389 rencontre un dysfonctionnement avec l'interface.
Solution: Vérification des logs système et redémarrage du service concerné.
Statut: Résolu"
TICKET-1390,Problème technique,Haute,L'utilisateur 1390 rencontre un dysfonctionnement avec l'interface.,Vérification des logs système et redémarrage du service concerné.,"Catégorie: Problème technique
Priorité: Haute
Description: L'utilisateur 1390 rencontre un dysfonctionnement avec l'interface.
Solution: Vérification des logs système et redémarrage du service concerné.
Statut: Résolu"
TICKET-1391,Problème technique,Basse,L'utilisateur 1391 rencontre un dysfonctionnement avec l'application.,Vérification des logs système et redémarrage du service concerné.,"Catégorie: Problème technique
Priorité: Basse
Description: L'utilisateur 1391 rencontre un dysfonctionnement avec l'application.
Solution: Vérification des logs système et redémarrage du service concerné.
Statut: Résolu"
TICKET-1392,Bug logiciel,Critique,Erreur détectée lors de la sauvegarde - Code erreur: 799.,"Identification du bug, correction dans le code et déploiement du patch.","Catégorie: Bug logiciel
Priorité: Critique
Description: Erreur détectée lors de la sauvegarde - Code erreur: 799.
Solution: Identification du bug, correction dans le code et déploiement du patch.
Statut: Résolu"
TICKET-1393,Accès refusé,Basse,Impossible d'accéder à la base de données - Permissions insuffisantes.,Vérification des permissions utilisateur et mise à jour des droits d'accès.,"Catégorie: Accès refusé
Priorité: Basse
Description: Impossible d'accéder à la base de données - Permissions insuffisantes.
Solution: Vérification des permissions utilisateur et mise à jour des droits d'accès.
Statut: Résolu"
TICKET-1394,Récupération de mot de passe,Normale,Problème de catégorie Récupération de mot de passe pour l'utilisateur 1394.,Solution en cours d'élaboration.,"Catégorie: Récupération de mot de passe
Priorité: Normale
Description: Problème de catégorie Récupération de mot de passe pour l'utilisateur 1394.
Solution: Solution en cours d'élaboration.
Statut: Résolu"
TICKET-1395,Demande d'information,Haute,Demande d'aide pour utiliser le système.,Fourniture de la documentation appropriée et explication détaillée.,"Catégorie: Demande d'information
Priorité: Haute
Description: Demande d'aide pour utiliser le système.
Solution: Fourniture de la documentation appropriée et explication détaillée.
Statut: Résolu"
TICKET-1396,Récupération de mot de passe,Haute,Problème de catégorie Récupération de mot de passe pour l'utilisateur 1396.,Solution en cours d'élaboration.,"Catégorie: Récupération de mot de passe
Priorité: Haute
Description: Problème de catégorie Récupération de mot de passe pour l'utilisateur 1396.
Solution: Solution en cours d'élaboration.
Statut: Résolu"
TICKET-1397,Mise à jour requise,Haute,Problème de catégorie Mise à jour requise pour l'utilisateur 1397.,Planification et exécution de la mise à jour système.,"Catégorie: Mise à jour requise
Priorité: Haute
Description: Problème de catégorie Mise à jour requise pour l'utilisateur 1397.
Solution: Planification et exécution de la mise à jour système.
Statut: Résolu"
TICKET-1398,Erreur de connexion,Haute,Échec de connexion au serveur web - Timeout après 104 secondes.,Test de connectivité réseau et reconfiguration des paramètres.,"Catégorie: Erreur de connexion
Priorité: Haute
Description: Échec de connexion au serveur web - Timeout après 104 secondes.
Solution: Test de connectivité réseau et reconfiguration des paramètres.
Statut: Résolu"
TICKET-1399,Mise à jour requise,Haute,Problème de catégorie Mise à jour requise pour l'utilisateur 1399.,Planification et exécution de la mise à jour système.,"Catégorie: Mise à jour requise
Priorité: Haute
Description: Problème de catégorie Mise à jour requise pour l'utilisateur 1399.
Solution: Planification et exécution de la mise à jour système.
Statut: Résolu"
TICKET-1400,Récupération de mot de passe,Critique,Problème de catégorie Récupération de mot de passe pour l'utilisateur 1400.,Solution en cours d'élaboration.,"Catégorie: Récupération de mot de passe
Priorité: Critique
Description: Problème de catégorie Récupération de mot de passe pour l'utilisateur 1400.
Solution: Solution en cours d'élaboration.
Statut: Résolu"
TICKET-1401,Problème technique,Normale,L'utilisateur 1401 rencontre un dysfonctionnement avec le système.,Vérification des logs système et redémarrage du service concerné.,"Catégorie: Problème technique
Priorité: Normale
Description: L'utilisateur 1401 rencontre un dysfonctionnement avec le système.
Solution: Vérification des logs système et redémarrage du service concerné.
Statut: Résolu"
TICKET-1402,Accès refusé,Basse,Impossible d'accéder à la base de données - Permissions insuffisantes.,Vérification des permissions utilisateur et mise à jour des droits d'accès.,"Catégorie: Accès refusé
Priorité: Basse
Description: Impossible d'accéder à la base de données - Permissions insuffisantes.
Solution: Vérification des permissions utilisateur et mise à jour des droits d'accès.
Statut: Résolu"
TICKET-1403,Mise à jour requise,Basse,Problème de catégorie Mise à jour requise pour l'utilisateur 1403.,Planification et exécution de la mise à jour système.,"Catégorie: Mise à jour requise
Priorité: Basse
Description: Problème de catégorie Mise à jour requise pour l'utilisateur 1403.
Solution: Planification et exécution de la mise à jour système.
Statut: Résolu"
TICKET-1404,Bug logiciel,Haute,Erreur détectée lors de l'utilisation - Code erreur: 208.,"Identification du bug, correction dans le code et déploiement du patch.","Catégorie: Bug logiciel
Priorité: Haute
Description: Erreur détectée lors de l'utilisation - Code erreur: 208.
Solution: Identification du bug, correction dans le code et déploiement du patch.
Statut: Résolu"
TICKET-1405,Mise à jour requise,Normale,Problème de catégorie Mise à jour requise pour l'utilisateur 1405.,Planification et exécution de la mise à jour système.,"Catégorie: Mise à jour requise
Priorité: Normale
Description: Problème de catégorie Mise à jour requise pour l'utilisateur 1405.
Solution: Planification et exécution de la mise à jour système.
Statut: Résolu"
TICKET-1406,Accès refusé,Normale,Impossible d'accéder à le serveur - Permissions insuffisantes.,Vérification des permissions utilisateur et mise à jour des droits d'accès.,"Catégorie: Accès refusé
Priorité: Normale
Description: Impossible d'accéder à le serveur - Permissions insuffisantes.
Solution: Vérification des permissions utilisateur et mise à jour des droits d'accès.
Statut: Résolu"
TICKET-1407,Bug logiciel,Basse,Erreur détectée lors de la connexion - Code erreur: 935.,"Identification du bug, correction dans le code et déploiement du patch.","Catégorie: Bug logiciel
Priorité: Basse
Description: Erreur détectée lors de la connexion - Code erreur: 935.
Solution: Identification du bug, correction dans le code et déploiement du patch.
Statut: Résolu"
TICKET-1408,Récupération de mot de passe,Critique,Problème de catégorie Récupération de mot de passe pour l'utilisateur 1408.,Solution en cours d'élaboration.,"Catégorie: Récupération de mot de passe
Priorité: Critique
Description: Problème de catégorie Récupération de mot de passe pour l'utilisateur 1408.
Solution: Solution en cours d'élaboration.
Statut: Résolu"
TICKET-1409,Performance lente,Critique,Temps de réponse très élevé lors de l'affichage - 10 secondes.,Optimisation des requêtes et vérification de la charge serveur.,"Catégorie: Performance lente
Priorité: Critique
Description: Temps de réponse très élevé lors de l'affichage - 10 secondes.
Solution: Optimisation des requêtes et vérification de la charge serveur.
Statut: Résolu"
TICKET-1410,Erreur de connexion,Basse,Échec de connexion au serveur email - Timeout après 80 secondes.,Test de connectivité réseau et reconfiguration des paramètres.,"Catégorie: Erreur de connexion
Priorité: Basse
Description: Échec de connexion au serveur email - Timeout après 80 secondes.
Solution: Test de connectivité réseau et reconfiguration des paramètres.
Statut: Résolu"
TICKET-1411,Accès refusé,Normale,Impossible d'accéder à la base de données - Permissions insuffisantes.,Vérification des permissions utilisateur et mise à jour des droits d'accès.,"Catégorie: Accès refusé
Priorité: Normale
Description: Impossible d'accéder à la base de données - Permissions insuffisantes.
Solution: Vérification des permissions utilisateur et mise à jour des droits d'accès.
Statut: Résolu"
TICKET-1412,Erreur de connexion,Basse,Échec de connexion au serveur database - Timeout après 116 secondes.,Test de connectivité réseau et reconfiguration des paramètres.,"Catégorie: Erreur de connexion
Priorité: Basse
Description: Échec de connexion au serveur database - Timeout après 116 secondes.
Solution: Test de connectivité réseau et reconfiguration des paramètres.
Statut: Résolu"
TICKET-1413,Mise à jour requise,Normale,Problème de catégorie Mise à jour requise pour l'utilisateur 1413.,Planification et exécution de la mise à jour système.,"Catégorie: Mise à jour requise
Priorité: Normale
Description: Problème de catégorie Mise à jour requise pour l'utilisateur 1413.
Solution: Planification et exécution de la mise à jour système.
Statut: Résolu"
TICKET-1414,Récupération de mot de passe,Basse,Problème de catégorie Récupération de mot de passe pour l'utilisateur 1414.,Solution en cours d'élaboration.,"Catégorie: Récupération de mot de passe
Priorité: Basse
Description: Problème de catégorie Récupération de mot de passe pour l'utilisateur 1414.
Solution: Solution en cours d'élaboration.
Statut: Résolu"
TICKET-1415,Bug logiciel,Basse,Erreur détectée lors de l'utilisation - Code erreur: 377.,"Identification du bug, correction dans le code et déploiement du patch.","Catégorie: Bug logiciel
Priorité: Basse
Description: Erreur détectée lors de l'utilisation - Code erreur: 377.
Solution: Identification du bug, correction dans le code et déploiement du patch.
Statut: Résolu"
TICKET-1416,Performance lente,Normale,Temps de réponse très élevé lors de l'affichage - 8 secondes.,Optimisation des requêtes et vérification de la charge serveur.,"Catégorie: Performance lente
Priorité: Normale
Description: Temps de réponse très élevé lors de l'affichage - 8 secondes.
Solution: Optimisation des requêtes et vérification de la charge serveur.
Statut: Résolu"
TICKET-1417,Bug logiciel,Haute,Erreur détectée lors de la connexion - Code erreur: 578.,"Identification du bug, correction dans le code et déploiement du patch.","Catégorie: Bug logiciel
Priorité: Haute
Description: Erreur détectée lors de la connexion - Code erreur: 578.
Solution: Identification du bug, correction dans le code et déploiement du patch.
Statut: Résolu"
TICKET-1418,Erreur de connexion,Normale,Échec de connexion au serveur email - Timeout après 54 secondes.,Test de connectivité réseau et reconfiguration des paramètres.,"Catégorie: Erreur de connexion
Priorité: Normale
Description: Échec de connexion au serveur email - Timeout après 54 secondes.
Solution: Test de connectivité réseau et reconfiguration des paramètres.
Statut: Résolu"
TICKET-1419,Bug logiciel,Normale,Erreur détectée lors de la sauvegarde - Code erreur: 531.,"Identification du bug, correction dans le code et déploiement du patch.","Catégorie: Bug logiciel
Priorité: Normale
Description: Erreur détectée lors de la sauvegarde - Code erreur: 531.
Solution: Identification du bug, correction dans le code et déploiement du patch.
Statut: Résolu"
TICKET-1420,Demande d'information,Normale,Demande d'aide pour configurer la fonctionnalité.,Fourniture de la documentation appropriée et explication détaillée.,"Catégorie: Demande d'information
Priorité: Normale
Description: Demande d'aide pour configurer la fonctionnalité.
Solution: Fourniture de la documentation appropriée et explication détaillée.
Statut: Résolu"
TICKET-1421,Performance lente,Basse,Temps de réponse très élevé lors de la recherche - 18 secondes.,Optimisation des requêtes et vérification de la charge serveur.,"Catégorie: Performance lente
Priorité: Basse
Description: Temps de réponse très élevé lors de la recherche - 18 secondes.
Solution: Optimisation des requêtes et vérification de la charge serveur.
Statut: Résolu"
TICKET-1422,Demande d'information,Critique,Demande d'aide pour comprendre le système.,Fourniture de la documentation appropriée et explication détaillée.,"Catégorie: Demande d'information
Priorité: Critique
Description: Demande d'aide pour comprendre le système.
Solution: Fourniture de la documentation appropriée et explication détaillée.
Statut: Résolu"
TICKET-1423,Performance lente,Haute,Temps de réponse très élevé lors de l'affichage - 7 secondes.,Optimisation des requêtes et vérification de la charge serveur.,"Catégorie: Performance lente
Priorité: Haute
Description: Temps de réponse très élevé lors de l'affichage - 7 secondes.
Solution: Optimisation des requêtes et vérification de la charge serveur.
Statut: Résolu"
TICKET-1424,Mise à jour requise,Basse,Problème de catégorie Mise à jour requise pour l'utilisateur 1424.,Planification et exécution de la mise à jour système.,"Catégorie: Mise à jour requise
Priorité: Basse
Description: Problème de catégorie Mise à jour requise pour l'utilisateur 1424.
Solution: Planification et exécution de la mise à jour système.
Statut: Résolu"
TICKET-1425,Erreur de connexion,Normale,Échec de connexion au serveur web - Timeout après 32 secondes.,Test de connectivité réseau et reconfiguration des paramètres.,"Catégorie: Erreur de connexion
Priorité: Normale
Description: Échec de connexion au serveur web - Timeout après 32 secondes.
Solution: Test de connectivité réseau et reconfiguration des paramètres.
Statut: Résolu"
TICKET-1426,Erreur de connexion,Basse,Échec de connexion au serveur web - Timeout après 75 secondes.,Test de connectivité réseau et reconfiguration des paramètres.,"Catégorie: Erreur de connexion
Priorité: Basse
Description: Échec de connexion au serveur web - Timeout après 75 secondes.
Solution: Test de connectivité réseau et reconfiguration des paramètres.
Statut: Résolu"
TICKET-1427,Mise à jour requise,Critique,Problème de catégorie Mise à jour requise pour l'utilisateur 1427.,Planification et exécution de la mise à jour système.,"Catégorie: Mise à jour requise
Priorité: Critique
Description: Problème de catégorie Mise à jour requise pour l'utilisateur 1427.
Solution: Planification et exécution de la mise à jour système.
Statut: Résolu"
TICKET-1428,Problème technique,Normale,L'utilisateur 1428 rencontre un dysfonctionnement avec l'application.,Vérification des logs système et redémarrage du service concerné.,"Catégorie: Problème technique
Priorité: Normale
Description: L'utilisateur 1428 rencontre un dysfonctionnement avec l'application.
Solution: Vérification des logs système et redémarrage du service concerné.
Statut: Résolu"
TICKET-1429,Bug logiciel,Basse,Erreur détectée lors de la connexion - Code erreur: 473.,"Identification du bug, correction dans le code et déploiement du patch.","Catégorie: Bug logiciel
Priorité: Basse
Description: Erreur détectée lors de la connexion - Code erreur: 473.
Solution: Identification du bug, correction dans le code et déploiement du patch.
Statut: Résolu"
TICKET-1430,Formation utilisateur,Basse,Problème de catégorie Formation utilisateur pour l'utilisateur 1430.,Organisation de session de formation et création de guides.,"Catégorie: Formation utilisateur
Priorité: Basse
Description: Problème de catégorie Formation utilisateur pour l'utilisateur 1430.
Solution: Organisation de session de formation et création de guides.
Statut: Résolu"
TICKET-1431,Récupération de mot de passe,Normale,Problème de catégorie Récupération de mot de passe pour l'utilisateur 1431.,Solution en cours d'élaboration.,"Catégorie: Récupération de mot de passe
Priorité: Normale
Description: Problème de catégorie Récupération de mot de passe pour l'utilisateur 1431.
Solution: Solution en cours d'élaboration.
Statut: Résolu"
TICKET-1432,Demande d'information,Critique,Demande d'aide pour comprendre la fonctionnalité.,Fourniture de la documentation appropriée et explication détaillée.,"Catégorie: Demande d'information
Priorité: Critique
Description: Demande d'aide pour comprendre la fonctionnalité.
Solution: Fourniture de la documentation appropriée et explication détaillée.
Statut: Résolu"
TICKET-1433,Performance lente,Critique,Temps de réponse très élevé lors de la connexion - 30 secondes.,Optimisation des requêtes et vérification de la charge serveur.,"Catégorie: Performance lente
Priorité: Critique
Description: Temps de réponse très élevé lors de la connexion - 30 secondes.
Solution: Optimisation des requêtes et vérification de la charge serveur.
Statut: Résolu"
TICKET-1434,Accès refusé,Basse,Impossible d'accéder à l'application - Permissions insuffisantes.,Vérification des permissions utilisateur et mise à jour des droits d'accès.,"Catégorie: Accès refusé
Priorité: Basse
Description: Impossible d'accéder à l'application - Permissions insuffisantes.
Solution: Vérification des permissions utilisateur et mise à jour des droits d'accès.
Statut: Résolu"
TICKET-1435,Demande d'information,Critique,Demande d'aide pour utiliser l'application.,Fourniture de la documentation appropriée et explication détaillée.,"Catégorie: Demande d'information
Priorité: Critique
Description: Demande d'aide pour utiliser l'application.
Solution: Fourniture de la documentation appropriée et explication détaillée.
Statut: Résolu"
TICKET-1436,Bug logiciel,Basse,Erreur détectée lors de la sauvegarde - Code erreur: 230.,"Identification du bug, correction dans le code et déploiement du patch.","Catégorie: Bug logiciel
Priorité: Basse
Description: Erreur détectée lors de la sauvegarde - Code erreur: 230.
Solution: Identification du bug, correction dans le code et déploiement du patch.
Statut: Résolu"
TICKET-1437,Problème technique,Critique,L'utilisateur 1437 rencontre un dysfonctionnement avec le système.,Vérification des logs système et redémarrage du service concerné.,"Catégorie: Problème technique
Priorité: Critique
Description: L'utilisateur 1437 rencontre un dysfonctionnement avec le système.
Solution: Vérification des logs système et redémarrage du service concerné.
Statut: Résolu"
TICKET-1438,Erreur de connexion,Normale,Échec de connexion au serveur web - Timeout après 56 secondes.,Test de connectivité réseau et reconfiguration des paramètres.,"Catégorie: Erreur de connexion
Priorité: Normale
Description: Échec de connexion au serveur web - Timeout après 56 secondes.
Solution: Test de connectivité réseau et reconfiguration des paramètres.
Statut: Résolu"
TICKET-1439,Problème technique,Basse,L'utilisateur 1439 rencontre un dysfonctionnement avec l'interface.,Vérification des logs système et redémarrage du service concerné.,"Catégorie: Problème technique
Priorité: Basse
Description: L'utilisateur 1439 rencontre un dysfonctionnement avec l'interface.
Solution: Vérification des logs système et redémarrage du service concerné.
Statut: Résolu"
TICKET-1440,Problème technique,Basse,L'utilisateur 1440 rencontre un dysfonctionnement avec l'interface.,Vérification des logs système et redémarrage du service concerné.,"Catégorie: Problème technique
Priorité: Basse
Description: L'utilisateur 1440 rencontre un dysfonctionnement avec l'interface.
Solution: Vérification des logs système et redémarrage du service concerné.
Statut: Résolu"
TICKET-1441,Formation utilisateur,Basse,Problème de catégorie Formation utilisateur pour l'utilisateur 1441.,Organisation de session de formation et création de guides.,"Catégorie: Formation utilisateur
Priorité: Basse
Description: Problème de catégorie Formation utilisateur pour l'utilisateur 1441.
Solution: Organisation de session de formation et création de guides.
Statut: Résolu"
TICKET-1442,Erreur de connexion,Normale,Échec de connexion au serveur database - Timeout après 52 secondes.,Test de connectivité réseau et reconfiguration des paramètres.,"Catégorie: Erreur de connexion
Priorité: Normale
Description: Échec de connexion au serveur database - Timeout après 52 secondes.
Solution: Test de connectivité réseau et reconfiguration des paramètres.
Statut: Résolu"
TICKET-1443,Récupération de mot de passe,Normale,Problème de catégorie Récupération de mot de passe pour l'utilisateur 1443.,Solution en cours d'élaboration.,"Catégorie: Récupération de mot de passe
Priorité: Normale
Description: Problème de catégorie Récupération de mot de passe pour l'utilisateur 1443.
Solution: Solution en cours d'élaboration.
Statut: Résolu"
TICKET-1444,Performance lente,Haute,Temps de réponse très élevé lors de la recherche - 11 secondes.,Optimisation des requêtes et vérification de la charge serveur.,"Catégorie: Performance lente
Priorité: Haute
Description: Temps de réponse très élevé lors de la recherche - 11 secondes.
Solution: Optimisation des requêtes et vérification de la charge serveur.
Statut: Résolu"
TICKET-1445,Performance lente,Critique,Temps de réponse très élevé lors de la recherche - 13 secondes.,Optimisation des requêtes et vérification de la charge serveur.,"Catégorie: Performance lente
Priorité: Critique
Description: Temps de réponse très élevé lors de la recherche - 13 secondes.
Solution: Optimisation des requêtes et vérification de la charge serveur.
Statut: Résolu"
TICKET-1446,Récupération de mot de passe,Critique,Problème de catégorie Récupération de mot de passe pour l'utilisateur 1446.,Solution en cours d'élaboration.,"Catégorie: Récupération de mot de passe
Priorité: Critique
Description: Problème de catégorie Récupération de mot de passe pour l'utilisateur 1446.
Solution: Solution en cours d'élaboration.
Statut: Résolu"
TICKET-1447,Problème technique,Haute,L'utilisateur 1447 rencontre un dysfonctionnement avec le système.,Vérification des logs système et redémarrage du service concerné.,"Catégorie: Problème technique
Priorité: Haute
Description: L'utilisateur 1447 rencontre un dysfonctionnement avec le système.
Solution: Vérification des logs système et redémarrage du service concerné.
Statut: Résolu"
TICKET-1448,Mise à jour requise,Haute,Problème de catégorie Mise à jour requise pour l'utilisateur 1448.,Planification et exécution de la mise à jour système.,"Catégorie: Mise à jour requise
Priorité: Haute
Description: Problème de catégorie Mise à jour requise pour l'utilisateur 1448.
Solution: Planification et exécution de la mise à jour système.
Statut: Résolu"
TICKET-1449,Bug logiciel,Normale,Erreur détectée lors de la connexion - Code erreur: 951.,"Identification du bug, correction dans le code et déploiement du patch.","Catégorie: Bug logiciel
Priorité: Normale
Description: Erreur détectée lors de la connexion - Code erreur: 951.
Solution: Identification du bug, correction dans le code et déploiement du patch.
Statut: Résolu"
TICKET-1450,Mise à jour requise,Basse,Problème de catégorie Mise à jour requise pour l'utilisateur 1450.,Planification et exécution de la mise à jour système.,"Catégorie: Mise à jour requise
Priorité: Basse
Description: Problème de catégorie Mise à jour requise pour l'utilisateur 1450.
Solution: Planification et exécution de la mise à jour système.
Statut: Résolu"
TICKET-1451,Performance lente,Haute,Temps de réponse très élevé lors de la recherche - 12 secondes.,Optimisation des requêtes et vérification de la charge serveur.,"Catégorie: Performance lente
Priorité: Haute
Description: Temps de réponse très élevé lors de la recherche - 12 secondes.
Solution: Optimisation des requêtes et vérification de la charge serveur.
Statut: Résolu"
TICKET-1452,Problème technique,Critique,L'utilisateur 1452 rencontre un dysfonctionnement avec l'interface.,Vérification des logs système et redémarrage du service concerné.,"Catégorie: Problème technique
Priorité: Critique
Description: L'utilisateur 1452 rencontre un dysfonctionnement avec l'interface.
Solution: Vérification des logs système et redémarrage du service concerné.
Statut: Résolu"
TICKET-1453,Performance lente,Normale,Temps de réponse très élevé lors de l'affichage - 6 secondes.,Optimisation des requêtes et vérification de la charge serveur.,"Catégorie: Performance lente
Priorité: Normale
Description: Temps de réponse très élevé lors de l'affichage - 6 secondes.
Solution: Optimisation des requêtes et vérification de la charge serveur.
Statut: Résolu"
TICKET-1454,Demande d'information,Normale,Demande d'aide pour utiliser l'application.,Fourniture de la documentation appropriée et explication détaillée.,"Catégorie: Demande d'information
Priorité: Normale
Description: Demande d'aide pour utiliser l'application.
Solution: Fourniture de la documentation appropriée et explication détaillée.
Statut: Résolu"
TICKET-1455,Demande d'information,Haute,Demande d'aide pour comprendre l'application.,Fourniture de la documentation appropriée et explication détaillée.,"Catégorie: Demande d'information
Priorité: Haute
Description: Demande d'aide pour comprendre l'application.
Solution: Fourniture de la documentation appropriée et explication détaillée.
Statut: Résolu"
TICKET-1456,Formation utilisateur,Critique,Problème de catégorie Formation utilisateur pour l'utilisateur 1456.,Organisation de session de formation et création de guides.,"Catégorie: Formation utilisateur
Priorité: Critique
Description: Problème de catégorie Formation utilisateur pour l'utilisateur 1456.
Solution: Organisation de session de formation et création de guides.
Statut: Résolu"
TICKET-1457,Erreur de connexion,Critique,Échec de connexion au serveur web - Timeout après 85 secondes.,Test de connectivité réseau et reconfiguration des paramètres.,"Catégorie: Erreur de connexion
Priorité: Critique
Description: Échec de connexion au serveur web - Timeout après 85 secondes.
Solution: Test de connectivité réseau et reconfiguration des paramètres.
Statut: Résolu"
TICKET-1458,Mise à jour requise,Critique,Problème de catégorie Mise à jour requise pour l'utilisateur 1458.,Planification et exécution de la mise à jour système.,"Catégorie: Mise à jour requise
Priorité: Critique
Description: Problème de catégorie Mise à jour requise pour l'utilisateur 1458.
Solution: Planification et exécution de la mise à jour système.
Statut: Résolu"
TICKET-1459,Récupération de mot de passe,Normale,Problème de catégorie Récupération de mot de passe pour l'utilisateur 1459.,Solution en cours d'élaboration.,"Catégorie: Récupération de mot de passe
Priorité: Normale
Description: Problème de catégorie Récupération de mot de passe pour l'utilisateur 1459.
Solution: Solution en cours d'élaboration.
Statut: Résolu"
TICKET-1460,Problème technique,Haute,L'utilisateur 1460 rencontre un dysfonctionnement avec l'application.,Vérification des logs système et redémarrage du service concerné.,"Catégorie: Problème technique
Priorité: Haute
Description: L'utilisateur 1460 rencontre un dysfonctionnement avec l'application.
Solution: Vérification des logs système et redémarrage du service concerné.
Statut: Résolu"
TICKET-1461,Demande d'information,Basse,Demande d'aide pour comprendre le système.,Fourniture de la documentation appropriée et explication détaillée.,"Catégorie: Demande d'information
Priorité: Basse
Description: Demande d'aide pour comprendre le système.
Solution: Fourniture de la documentation appropriée et explication détaillée.
Statut: Résolu"
TICKET-1462,Demande d'information,Basse,Demande d'aide pour utiliser le système.,Fourniture de la documentation appropriée et explication détaillée.,"Catégorie: Demande d'information
Priorité: Basse
Description: Demande d'aide pour utiliser le système.
Solution: Fourniture de la documentation appropriée et explication détaillée.
Statut: Résolu"
TICKET-1463,Bug logiciel,Basse,Erreur détectée lors de l'utilisation - Code erreur: 473.,"Identification du bug, correction dans le code et déploiement du patch.","Catégorie: Bug logiciel
Priorité: Basse
Description: Erreur détectée lors de l'utilisation - Code erreur: 473.
Solution: Identification du bug, correction dans le code et déploiement du patch.
Statut: Résolu"
TICKET-1464,Récupération de mot de passe,Normale,Problème de catégorie Récupération de mot de passe pour l'utilisateur 1464.,Solution en cours d'élaboration.,"Catégorie: Récupération de mot de passe
Priorité: Normale
Description: Problème de catégorie Récupération de mot de passe pour l'utilisateur 1464.
Solution: Solution en cours d'élaboration.
Statut: Résolu"
TICKET-1465,Problème technique,Haute,L'utilisateur 1465 rencontre un dysfonctionnement avec l'application.,Vérification des logs système et redémarrage du service concerné.,"Catégorie: Problème technique
Priorité: Haute
Description: L'utilisateur 1465 rencontre un dysfonctionnement avec l'application.
Solution: Vérification des logs système et redémarrage du service concerné.
Statut: Résolu"
TICKET-1466,Erreur de connexion,Normale,Échec de connexion au serveur web - Timeout après 98 secondes.,Test de connectivité réseau et reconfiguration des paramètres.,"Catégorie: Erreur de connexion
Priorité: Normale
Description: Échec de connexion au serveur web - Timeout après 98 secondes.
Solution: Test de connectivité réseau et reconfiguration des paramètres.
Statut: Résolu"
TICKET-1467,Demande d'information,Critique,Demande d'aide pour comprendre le système.,Fourniture de la documentation appropriée et explication détaillée.,"Catégorie: Demande d'information
Priorité: Critique
Description: Demande d'aide pour comprendre le système.
Solution: Fourniture de la documentation appropriée et explication détaillée.
Statut: Résolu"
TICKET-1468,Problème technique,Normale,L'utilisateur 1468 rencontre un dysfonctionnement avec le système.,Vérification des logs système et redémarrage du service concerné.,"Catégorie: Problème technique
Priorité: Normale
Description: L'utilisateur 1468 rencontre un dysfonctionnement avec le système.
Solution: Vérification des logs système et redémarrage du service concerné.
Statut: Résolu"
TICKET-1469,Récupération de mot de passe,Haute,Problème de catégorie Récupération de mot de passe pour l'utilisateur 1469.,Solution en cours d'élaboration.,"Catégorie: Récupération de mot de passe
Priorité: Haute
Description: Problème de catégorie Récupération de mot de passe pour l'utilisateur 1469.
Solution: Solution en cours d'élaboration.
Statut: Résolu"
TICKET-1470,Erreur de connexion,Critique,Échec de connexion au serveur database - Timeout après 99 secondes.,Test de connectivité réseau et reconfiguration des paramètres.,"Catégorie: Erreur de connexion
Priorité: Critique
Description: Échec de connexion au serveur database - Timeout après 99 secondes.
Solution: Test de connectivité réseau et reconfiguration des paramètres.
Statut: Résolu"
TICKET-1471,Mise à jour requise,Haute,Problème de catégorie Mise à jour requise pour l'utilisateur 1471.,Planification et exécution de la mise à jour système.,"Catégorie: Mise à jour requise
Priorité: Haute
Description: Problème de catégorie Mise à jour requise pour l'utilisateur 1471.
Solution: Planification et exécution de la mise à jour système.
Statut: Résolu"
TICKET-1472,Demande d'information,Haute,Demande d'aide pour configurer le système.,Fourniture de la documentation appropriée et explication détaillée.,"Catégorie: Demande d'information
Priorité: Haute
Description: Demande d'aide pour configurer le système.
Solution: Fourniture de la documentation appropriée et explication détaillée.
Statut: Résolu"
TICKET-1473,Erreur de connexion,Normale,Échec de connexion au serveur web - Timeout après 51 secondes.,Test de connectivité réseau et reconfiguration des paramètres.,"Catégorie: Erreur de connexion
Priorité: Normale
Description: Échec de connexion au serveur web - Timeout après 51 secondes.
Solution: Test de connectivité réseau et reconfiguration des paramètres.
Statut: Résolu"
TICKET-1474,Récupération de mot de passe,Haute,Problème de catégorie Récupération de mot de passe pour l'utilisateur 1474.,Solution en cours d'élaboration.,"Catégorie: Récupération de mot de passe
Priorité: Haute
Description: Problème de catégorie Récupération de mot de passe pour l'utilisateur 1474.
Solution: Solution en cours d'élaboration.
Statut: Résolu"
TICKET-1475,Performance lente,Normale,Temps de réponse très élevé lors de la recherche - 23 secondes.,Optimisation des requêtes et vérification de la charge serveur.,"Catégorie: Performance lente
Priorité: Normale
Description: Temps de réponse très élevé lors de la recherche - 23 secondes.
Solution: Optimisation des requêtes et vérification de la charge serveur.
Statut: Résolu"
TICKET-1476,Formation utilisateur,Critique,Problème de catégorie Formation utilisateur pour l'utilisateur 1476.,Organisation de session de formation et création de guides.,"Catégorie: Formation utilisateur
Priorité: Critique
Description: Problème de catégorie Formation utilisateur pour l'utilisateur 1476.
Solution: Organisation de session de formation et création de guides.
Statut: Résolu"
TICKET-1477,Problème technique,Basse,L'utilisateur 1477 rencontre un dysfonctionnement avec le système.,Vérification des logs système et redémarrage du service concerné.,"Catégorie: Problème technique
Priorité: Basse
Description: L'utilisateur 1477 rencontre un dysfonctionnement avec le système.
Solution: Vérification des logs système et redémarrage du service concerné.
Statut: Résolu"
TICKET-1478,Problème technique,Basse,L'utilisateur 1478 rencontre un dysfonctionnement avec le système.,Vérification des logs système et redémarrage du service concerné.,"Catégorie: Problème technique
Priorité: Basse
Description: L'utilisateur 1478 rencontre un dysfonctionnement avec le système.
Solution: Vérification des logs système et redémarrage du service concerné.
Statut: Résolu"
TICKET-1479,Mise à jour requise,Haute,Problème de catégorie Mise à jour requise pour l'utilisateur 1479.,Planification et exécution de la mise à jour système.,"Catégorie: Mise à jour requise
Priorité: Haute
Description: Problème de catégorie Mise à jour requise pour l'utilisateur 1479.
Solution: Planification et exécution de la mise à jour système.
Statut: Résolu"
TICKET-1480,Erreur de connexion,Critique,Échec de connexion au serveur database - Timeout après 53 secondes.,Test de connectivité réseau et reconfiguration des paramètres.,"Catégorie: Erreur de connexion
Priorité: Critique
Description: Échec de connexion au serveur database - Timeout après 53 secondes.
Solution: Test de connectivité réseau et reconfiguration des paramètres.
Statut: Résolu"
TICKET-1481,Formation utilisateur,Critique,Problème de catégorie Formation utilisateur pour l'utilisateur 1481.,Organisation de session de formation et création de guides.,"Catégorie: Formation utilisateur
Priorité: Critique
Description: Problème de catégorie Formation utilisateur pour l'utilisateur 1481.
Solution: Organisation de session de formation et création de guides.
Statut: Résolu"
TICKET-1482,Problème technique,Basse,L'utilisateur 1482 rencontre un dysfonctionnement avec l'interface.,Vérification des logs système et redémarrage du service concerné.,"Catégorie: Problème technique
Priorité: Basse
Description: L'utilisateur 1482 rencontre un dysfonctionnement avec l'interface.
Solution: Vérification des logs système et redémarrage du service concerné.
Statut: Résolu"
TICKET-1483,Récupération de mot de passe,Basse,Problème de catégorie Récupération de mot de passe pour l'utilisateur 1483.,Solution en cours d'élaboration.,"Catégorie: Récupération de mot de passe
Priorité: Basse
Description: Problème de catégorie Récupération de mot de passe pour l'utilisateur 1483.
Solution: Solution en cours d'élaboration.
Statut: Résolu"
TICKET-1484,Bug logiciel,Basse,Erreur détectée lors de l'utilisation - Code erreur: 560.,"Identification du bug, correction dans le code et déploiement du patch.","Catégorie: Bug logiciel
Priorité: Basse
Description: Erreur détectée lors de l'utilisation - Code erreur: 560.
Solution: Identification du bug, correction dans le code et déploiement du patch.
Statut: Résolu"
TICKET-1485,Formation utilisateur,Basse,Problème de catégorie Formation utilisateur pour l'utilisateur 1485.,Organisation de session de formation et création de guides.,"Catégorie: Formation utilisateur
Priorité: Basse
Description: Problème de catégorie Formation utilisateur pour l'utilisateur 1485.
Solution: Organisation de session de formation et création de guides.
Statut: Résolu"
TICKET-1486,Accès refusé,Haute,Impossible d'accéder à l'application - Permissions insuffisantes.,Vérification des permissions utilisateur et mise à jour des droits d'accès.,"Catégorie: Accès refusé
Priorité: Haute
Description: Impossible d'accéder à l'application - Permissions insuffisantes.
Solution: Vérification des permissions utilisateur et mise à jour des droits d'accès.
Statut: Résolu"
TICKET-1487,Demande d'information,Normale,Demande d'aide pour utiliser l'application.,Fourniture de la documentation appropriée et explication détaillée.,"Catégorie: Demande d'information
Priorité: Normale
Description: Demande d'aide pour utiliser l'application.
Solution: Fourniture de la documentation appropriée et explication détaillée.
Statut: Résolu"
TICKET-1488,Problème technique,Haute,L'utilisateur 1488 rencontre un dysfonctionnement avec l'interface.,Vérification des logs système et redémarrage du service concerné.,"Catégorie: Problème technique
Priorité: Haute
Description: L'utilisateur 1488 rencontre un dysfonctionnement avec l'interface.
Solution: Vérification des logs système et redémarrage du service concerné.
Statut: Résolu"
TICKET-1489,Problème technique,Haute,L'utilisateur 1489 rencontre un dysfonctionnement avec l'application.,Vérification des logs système et redémarrage du service concerné.,"Catégorie: Problème technique
Priorité: Haute
Description: L'utilisateur 1489 rencontre un dysfonctionnement avec l'application.
Solution: Vérification des logs système et redémarrage du service concerné.
Statut: Résolu"
TICKET-1490,Problème technique,Haute,L'utilisateur 1490 rencontre un dysfonctionnement avec l'application.,Vérification des logs système et redémarrage du service concerné.,"Catégorie: Problème technique
Priorité: Haute
Description: L'utilisateur 1490 rencontre un dysfonctionnement avec l'application.
Solution: Vérification des logs système et redémarrage du service concerné.
Statut: Résolu"
TICKET-1491,Accès refusé,Normale,Impossible d'accéder à le serveur - Permissions insuffisantes.,Vérification des permissions utilisateur et mise à jour des droits d'accès.,"Catégorie: Accès refusé
Priorité: Normale
Description: Impossible d'accéder à le serveur - Permissions insuffisantes.
Solution: Vérification des permissions utilisateur et mise à jour des droits d'accès.
Statut: Résolu"
TICKET-1492,Demande d'information,Normale,Demande d'aide pour configurer l'application.,Fourniture de la documentation appropriée et explication détaillée.,"Catégorie: Demande d'information
Priorité: Normale
Description: Demande d'aide pour configurer l'application.
Solution: Fourniture de la documentation appropriée et explication détaillée.
Statut: Résolu"
TICKET-1493,Performance lente,Basse,Temps de réponse très élevé lors de la connexion - 26 secondes.,Optimisation des requêtes et vérification de la charge serveur.,"Catégorie: Performance lente
Priorité: Basse
Description: Temps de réponse très élevé lors de la connexion - 26 secondes.
Solution: Optimisation des requêtes et vérification de la charge serveur.
Statut: Résolu"
TICKET-1494,Erreur de connexion,Haute,Échec de connexion au serveur email - Timeout après 42 secondes.,Test de connectivité réseau et reconfiguration des paramètres.,"Catégorie: Erreur de connexion
Priorité: Haute
Description: Échec de connexion au serveur email - Timeout après 42 secondes.
Solution: Test de connectivité réseau et reconfiguration des paramètres.
Statut: Résolu"
TICKET-1495,Erreur de connexion,Haute,Échec de connexion au serveur email - Timeout après 36 secondes.,Test de connectivité réseau et reconfiguration des paramètres.,"Catégorie: Erreur de connexion
Priorité: Haute
Description: Échec de connexion au serveur email - Timeout après 36 secondes.
Solution: Test de connectivité réseau et reconfiguration des paramètres.
Statut: Résolu"
TICKET-1496,Problème technique,Critique,L'utilisateur 1496 rencontre un dysfonctionnement avec le système.,Vérification des logs système et redémarrage du service concerné.,"Catégorie: Problème technique
Priorité: Critique
Description: L'utilisateur 1496 rencontre un dysfonctionnement avec le système.
Solution: Vérification des logs système et redémarrage du service concerné.
Statut: Résolu"
TICKET-1497,Formation utilisateur,Basse,Problème de catégorie Formation utilisateur pour l'utilisateur 1497.,Organisation de session de formation et création de guides.,"Catégorie: Formation utilisateur
Priorité: Basse
Description: Problème de catégorie Formation utilisateur pour l'utilisateur 1497.
Solution: Organisation de session de formation et création de guides.
Statut: Résolu"
TICKET-1498,Mise à jour requise,Basse,Problème de catégorie Mise à jour requise pour l'utilisateur 1498.,Planification et exécution de la mise à jour système.,"Catégorie: Mise à jour requise
Priorité: Basse
Description: Problème de catégorie Mise à jour requise pour l'utilisateur 1498.
Solution: Planification et exécution de la mise à jour système.
Statut: Résolu"
TICKET-1499,Accès refusé,Normale,Impossible d'accéder à le serveur - Permissions insuffisantes.,Vérification des permissions utilisateur et mise à jour des droits d'accès.,"Catégorie: Accès refusé
Priorité: Normale
Description: Impossible d'accéder à le serveur - Permissions insuffisantes.
Solution: Vérification des permissions utilisateur et mise à jour des droits d'accès.
Statut: Résolu"
TICKET-1500,Bug logiciel,Critique,Erreur détectée lors de la connexion - Code erreur: 582.,"Identification du bug, correction dans le code et déploiement du patch.","Catégorie: Bug logiciel
Priorité: Critique
Description: Erreur détectée lors de la connexion - Code erreur: 582.
Solution: Identification du bug, correction dans le code et déploiement du patch.
Statut: Résolu"
TICKET-1501,Récupération de mot de passe,Normale,Problème de catégorie Récupération de mot de passe pour l'utilisateur 1501.,Solution en cours d'élaboration.,"Catégorie: Récupération de mot de passe
Priorité: Normale
Description: Problème de catégorie Récupération de mot de passe pour l'utilisateur 1501.
Solution: Solution en cours d'élaboration.
Statut: Résolu"
TICKET-1502,Formation utilisateur,Haute,Problème de catégorie Formation utilisateur pour l'utilisateur 1502.,Organisation de session de formation et création de guides.,"Catégorie: Formation utilisateur
Priorité: Haute
Description: Problème de catégorie Formation utilisateur pour l'utilisateur 1502.
Solution: Organisation de session de formation et création de guides.
Statut: Résolu"
TICKET-1503,Demande d'information,Normale,Demande d'aide pour comprendre le système.,Fourniture de la documentation appropriée et explication détaillée.,"Catégorie: Demande d'information
Priorité: Normale
Description: Demande d'aide pour comprendre le système.
Solution: Fourniture de la documentation appropriée et explication détaillée.
Statut: Résolu"
TICKET-1504,Mise à jour requise,Normale,Problème de catégorie Mise à jour requise pour l'utilisateur 1504.,Planification et exécution de la mise à jour système.,"Catégorie: Mise à jour requise
Priorité: Normale
Description: Problème de catégorie Mise à jour requise pour l'utilisateur 1504.
Solution: Planification et exécution de la mise à jour système.
Statut: Résolu"
TICKET-1505,Mise à jour requise,Basse,Problème de catégorie Mise à jour requise pour l'utilisateur 1505.,Planification et exécution de la mise à jour système.,"Catégorie: Mise à jour requise
Priorité: Basse
Description: Problème de catégorie Mise à jour requise pour l'utilisateur 1505.
Solution: Planification et exécution de la mise à jour système.
Statut: Résolu"
TICKET-1506,Demande d'information,Basse,Demande d'aide pour configurer le système.,Fourniture de la documentation appropriée et explication détaillée.,"Catégorie: Demande d'information
Priorité: Basse
Description: Demande d'aide pour configurer le système.
Solution: Fourniture de la documentation appropriée et explication détaillée.
Statut: Résolu"
TICKET-1507,Performance lente,Haute,Temps de réponse très élevé lors de la recherche - 27 secondes.,Optimisation des requêtes et vérification de la charge serveur.,"Catégorie: Performance lente
Priorité: Haute
Description: Temps de réponse très élevé lors de la recherche - 27 secondes.
Solution: Optimisation des requêtes et vérification de la charge serveur.
Statut: Résolu"
TICKET-1508,Mise à jour requise,Basse,Problème de catégorie Mise à jour requise pour l'utilisateur 1508.,Planification et exécution de la mise à jour système.,"Catégorie: Mise à jour requise
Priorité: Basse
Description: Problème de catégorie Mise à jour requise pour l'utilisateur 1508.
Solution: Planification et exécution de la mise à jour système.
Statut: Résolu"
TICKET-1509,Performance lente,Basse,Temps de réponse très élevé lors de la recherche - 17 secondes.,Optimisation des requêtes et vérification de la charge serveur.,"Catégorie: Performance lente
Priorité: Basse
Description: Temps de réponse très élevé lors de la recherche - 17 secondes.
Solution: Optimisation des requêtes et vérification de la charge serveur.
Statut: Résolu"
TICKET-1510,Problème technique,Normale,L'utilisateur 1510 rencontre un dysfonctionnement avec l'interface.,Vérification des logs système et redémarrage du service concerné.,"Catégorie: Problème technique
Priorité: Normale
Description: L'utilisateur 1510 rencontre un dysfonctionnement avec l'interface.
Solution: Vérification des logs système et redémarrage du service concerné.
Statut: Résolu"
TICKET-1511,Bug logiciel,Basse,Erreur détectée lors de la connexion - Code erreur: 542.,"Identification du bug, correction dans le code et déploiement du patch.","Catégorie: Bug logiciel
Priorité: Basse
Description: Erreur détectée lors de la connexion - Code erreur: 542.
Solution: Identification du bug, correction dans le code et déploiement du patch.
Statut: Résolu"
TICKET-1512,Erreur de connexion,Normale,Échec de connexion au serveur database - Timeout après 50 secondes.,Test de connectivité réseau et reconfiguration des paramètres.,"Catégorie: Erreur de connexion
Priorité: Normale
Description: Échec de connexion au serveur database - Timeout après 50 secondes.
Solution: Test de connectivité réseau et reconfiguration des paramètres.
Statut: Résolu"
TICKET-1513,Problème technique,Critique,L'utilisateur 1513 rencontre un dysfonctionnement avec l'application.,Vérification des logs système et redémarrage du service concerné.,"Catégorie: Problème technique
Priorité: Critique
Description: L'utilisateur 1513 rencontre un dysfonctionnement avec l'application.
Solution: Vérification des logs système et redémarrage du service concerné.
Statut: Résolu"
TICKET-1514,Erreur de connexion,Basse,Échec de connexion au serveur web - Timeout après 94 secondes.,Test de connectivité réseau et reconfiguration des paramètres.,"Catégorie: Erreur de connexion
Priorité: Basse
Description: Échec de connexion au serveur web - Timeout après 94 secondes.
Solution: Test de connectivité réseau et reconfiguration des paramètres.
Statut: Résolu"
TICKET-1515,Demande d'information,Basse,Demande d'aide pour configurer la fonctionnalité.,Fourniture de la documentation appropriée et explication détaillée.,"Catégorie: Demande d'information
Priorité: Basse
Description: Demande d'aide pour configurer la fonctionnalité.
Solution: Fourniture de la documentation appropriée et explication détaillée.
Statut: Résolu"
TICKET-1516,Accès refusé,Critique,Impossible d'accéder à l'application - Permissions insuffisantes.,Vérification des permissions utilisateur et mise à jour des droits d'accès.,"Catégorie: Accès refusé
Priorité: Critique
Description: Impossible d'accéder à l'application - Permissions insuffisantes.
Solution: Vérification des permissions utilisateur et mise à jour des droits d'accès.
Statut: Résolu"
TICKET-1517,Bug logiciel,Critique,Erreur détectée lors de l'utilisation - Code erreur: 477.,"Identification du bug, correction dans le code et déploiement du patch.","Catégorie: Bug logiciel
Priorité: Critique
Description: Erreur détectée lors de l'utilisation - Code erreur: 477.
Solution: Identification du bug, correction dans le code et déploiement du patch.
Statut: Résolu"
TICKET-1518,Formation utilisateur,Critique,Problème de catégorie Formation utilisateur pour l'utilisateur 1518.,Organisation de session de formation et création de guides.,"Catégorie: Formation utilisateur
Priorité: Critique
Description: Problème de catégorie Formation utilisateur pour l'utilisateur 1518.
Solution: Organisation de session de formation et création de guides.
Statut: Résolu"
TICKET-1519,Erreur de connexion,Critique,Échec de connexion au serveur web - Timeout après 102 secondes.,Test de connectivité réseau et reconfiguration des paramètres.,"Catégorie: Erreur de connexion
Priorité: Critique
Description: Échec de connexion au serveur web - Timeout après 102 secondes.
Solution: Test de connectivité réseau et reconfiguration des paramètres.
Statut: Résolu"
TICKET-1520,Récupération de mot de passe,Critique,Problème de catégorie Récupération de mot de passe pour l'utilisateur 1520.,Solution en cours d'élaboration.,"Catégorie: Récupération de mot de passe
Priorité: Critique
Description: Problème de catégorie Récupération de mot de passe pour l'utilisateur 1520.
Solution: Solution en cours d'élaboration.
Statut: Résolu"
TICKET-1521,Mise à jour requise,Basse,Problème de catégorie Mise à jour requise pour l'utilisateur 1521.,Planification et exécution de la mise à jour système.,"Catégorie: Mise à jour requise
Priorité: Basse
Description: Problème de catégorie Mise à jour requise pour l'utilisateur 1521.
Solution: Planification et exécution de la mise à jour système.
Statut: Résolu"
TICKET-1522,Erreur de connexion,Haute,Échec de connexion au serveur email - Timeout après 75 secondes.,Test de connectivité réseau et reconfiguration des paramètres.,"Catégorie: Erreur de connexion
Priorité: Haute
Description: Échec de connexion au serveur email - Timeout après 75 secondes.
Solution: Test de connectivité réseau et reconfiguration des paramètres.
Statut: Résolu"
TICKET-1523,Mise à jour requise,Normale,Problème de catégorie Mise à jour requise pour l'utilisateur 1523.,Planification et exécution de la mise à jour système.,"Catégorie: Mise à jour requise
Priorité: Normale
Description: Problème de catégorie Mise à jour requise pour l'utilisateur 1523.
Solution: Planification et exécution de la mise à jour système.
Statut: Résolu"
TICKET-1524,Performance lente,Critique,Temps de réponse très élevé lors de l'affichage - 10 secondes.,Optimisation des requêtes et vérification de la charge serveur.,"Catégorie: Performance lente
Priorité: Critique
Description: Temps de réponse très élevé lors de l'affichage - 10 secondes.
Solution: Optimisation des requêtes et vérification de la charge serveur.
Statut: Résolu"
TICKET-1525,Formation utilisateur,Normale,Problème de catégorie Formation utilisateur pour l'utilisateur 1525.,Organisation de session de formation et création de guides.,"Catégorie: Formation utilisateur
Priorité: Normale
Description: Problème de catégorie Formation utilisateur pour l'utilisateur 1525.
Solution: Organisation de session de formation et création de guides.
Statut: Résolu"
TICKET-1526,Bug logiciel,Haute,Erreur détectée lors de l'utilisation - Code erreur: 721.,"Identification du bug, correction dans le code et déploiement du patch.","Catégorie: Bug logiciel
Priorité: Haute
Description: Erreur détectée lors de l'utilisation - Code erreur: 721.
Solution: Identification du bug, correction dans le code et déploiement du patch.
Statut: Résolu"
TICKET-1527,Accès refusé,Normale,Impossible d'accéder à la base de données - Permissions insuffisantes.,Vérification des permissions utilisateur et mise à jour des droits d'accès.,"Catégorie: Accès refusé
Priorité: Normale
Description: Impossible d'accéder à la base de données - Permissions insuffisantes.
Solution: Vérification des permissions utilisateur et mise à jour des droits d'accès.
Statut: Résolu"
TICKET-1528,Mise à jour requise,Normale,Problème de catégorie Mise à jour requise pour l'utilisateur 1528.,Planification et exécution de la mise à jour système.,"Catégorie: Mise à jour requise
Priorité: Normale
Description: Problème de catégorie Mise à jour requise pour l'utilisateur 1528.
Solution: Planification et exécution de la mise à jour système.
Statut: Résolu"
TICKET-1529,Formation utilisateur,Critique,Problème de catégorie Formation utilisateur pour l'utilisateur 1529.,Organisation de session de formation et création de guides.,"Catégorie: Formation utilisateur
Priorité: Critique
Description: Problème de catégorie Formation utilisateur pour l'utilisateur 1529.
Solution: Organisation de session de formation et création de guides.
Statut: Résolu"
TICKET-1530,Récupération de mot de passe,Normale,Problème de catégorie Récupération de mot de passe pour l'utilisateur 1530.,Solution en cours d'élaboration.,"Catégorie: Récupération de mot de passe
Priorité: Normale
Description: Problème de catégorie Récupération de mot de passe pour l'utilisateur 1530.
Solution: Solution en cours d'élaboration.
Statut: Résolu"
TICKET-1531,Erreur de connexion,Normale,Échec de connexion au serveur email - Timeout après 85 secondes.,Test de connectivité réseau et reconfiguration des paramètres.,"Catégorie: Erreur de connexion
Priorité: Normale
Description: Échec de connexion au serveur email - Timeout après 85 secondes.
Solution: Test de connectivité réseau et reconfiguration des paramètres.
Statut: Résolu"
TICKET-1532,Bug logiciel,Normale,Erreur détectée lors de la sauvegarde - Code erreur: 813.,"Identification du bug, correction dans le code et déploiement du patch.","Catégorie: Bug logiciel
Priorité: Normale
Description: Erreur détectée lors de la sauvegarde - Code erreur: 813.
Solution: Identification du bug, correction dans le code et déploiement du patch.
Statut: Résolu"
TICKET-1533,Récupération de mot de passe,Basse,Problème de catégorie Récupération de mot de passe pour l'utilisateur 1533.,Solution en cours d'élaboration.,"Catégorie: Récupération de mot de passe
Priorité: Basse
Description: Problème de catégorie Récupération de mot de passe pour l'utilisateur 1533.
Solution: Solution en cours d'élaboration.
Statut: Résolu"
TICKET-1534,Récupération de mot de passe,Normale,Problème de catégorie Récupération de mot de passe pour l'utilisateur 1534.,Solution en cours d'élaboration.,"Catégorie: Récupération de mot de passe
Priorité: Normale
Description: Problème de catégorie Récupération de mot de passe pour l'utilisateur 1534.
Solution: Solution en cours d'élaboration.
Statut: Résolu"
TICKET-1535,Récupération de mot de passe,Haute,Problème de catégorie Récupération de mot de passe pour l'utilisateur 1535.,Solution en cours d'élaboration.,"Catégorie: Récupération de mot de passe
Priorité: Haute
Description: Problème de catégorie Récupération de mot de passe pour l'utilisateur 1535.
Solution: Solution en cours d'élaboration.
Statut: Résolu"
TICKET-1536,Erreur de connexion,Critique,Échec de connexion au serveur database - Timeout après 31 secondes.,Test de connectivité réseau et reconfiguration des paramètres.,"Catégorie: Erreur de connexion
Priorité: Critique
Description: Échec de connexion au serveur database - Timeout après 31 secondes.
Solution: Test de connectivité réseau et reconfiguration des paramètres.
Statut: Résolu"
TICKET-1537,Mise à jour requise,Critique,Problème de catégorie Mise à jour requise pour l'utilisateur 1537.,Planification et exécution de la mise à jour système.,"Catégorie: Mise à jour requise
Priorité: Critique
Description: Problème de catégorie Mise à jour requise pour l'utilisateur 1537.
Solution: Planification et exécution de la mise à jour système.
Statut: Résolu"
TICKET-1538,Accès refusé,Critique,Impossible d'accéder à le serveur - Permissions insuffisantes.,Vérification des permissions utilisateur et mise à jour des droits d'accès.,"Catégorie: Accès refusé
Priorité: Critique
Description: Impossible d'accéder à le serveur - Permissions insuffisantes.
Solution: Vérification des permissions utilisateur et mise à jour des droits d'accès.
Statut: Résolu"
TICKET-1539,Récupération de mot de passe,Critique,Problème de catégorie Récupération de mot de passe pour l'utilisateur 1539.,Solution en cours d'élaboration.,"Catégorie: Récupération de mot de passe
Priorité: Critique
Description: Problème de catégorie Récupération de mot de passe pour l'utilisateur 1539.
Solution: Solution en cours d'élaboration.
Statut: Résolu"
TICKET-1540,Accès refusé,Haute,Impossible d'accéder à le serveur - Permissions insuffisantes.,Vérification des permissions utilisateur et mise à jour des droits d'accès.,"Catégorie: Accès refusé
Priorité: Haute
Description: Impossible d'accéder à le serveur - Permissions insuffisantes.
Solution: Vérification des permissions utilisateur et mise à jour des droits d'accès.
Statut: Résolu"
TICKET-1541,Bug logiciel,Haute,Erreur détectée lors de la connexion - Code erreur: 502.,"Identification du bug, correction dans le code et déploiement du patch.","Catégorie: Bug logiciel
Priorité: Haute
Description: Erreur détectée lors de la connexion - Code erreur: 502.
Solution: Identification du bug, correction dans le code et déploiement du patch.
Statut: Résolu"
TICKET-1542,Récupération de mot de passe,Haute,Problème de catégorie Récupération de mot de passe pour l'utilisateur 1542.,Solution en cours d'élaboration.,"Catégorie: Récupération de mot de passe
Priorité: Haute
Description: Problème de catégorie Récupération de mot de passe pour l'utilisateur 1542.
Solution: Solution en cours d'élaboration.
Statut: Résolu"
TICKET-1543,Récupération de mot de passe,Basse,Problème de catégorie Récupération de mot de passe pour l'utilisateur 1543.,Solution en cours d'élaboration.,"Catégorie: Récupération de mot de passe
Priorité: Basse
Description: Problème de catégorie Récupération de mot de passe pour l'utilisateur 1543.
Solution: Solution en cours d'élaboration.
Statut: Résolu"
TICKET-1544,Accès refusé,Critique,Impossible d'accéder à l'application - Permissions insuffisantes.,Vérification des permissions utilisateur et mise à jour des droits d'accès.,"Catégorie: Accès refusé
Priorité: Critique
Description: Impossible d'accéder à l'application - Permissions insuffisantes.
Solution: Vérification des permissions utilisateur et mise à jour des droits d'accès.
Statut: Résolu"
TICKET-1545,Problème technique,Haute,L'utilisateur 1545 rencontre un dysfonctionnement avec l'application.,Vérification des logs système et redémarrage du service concerné.,"Catégorie: Problème technique
Priorité: Haute
Description: L'utilisateur 1545 rencontre un dysfonctionnement avec l'application.
Solution: Vérification des logs système et redémarrage du service concerné.
Statut: Résolu"
TICKET-1546,Accès refusé,Critique,Impossible d'accéder à le serveur - Permissions insuffisantes.,Vérification des permissions utilisateur et mise à jour des droits d'accès.,"Catégorie: Accès refusé
Priorité: Critique
Description: Impossible d'accéder à le serveur - Permissions insuffisantes.
Solution: Vérification des permissions utilisateur et mise à jour des droits d'accès.
Statut: Résolu"
TICKET-1547,Accès refusé,Basse,Impossible d'accéder à l'application - Permissions insuffisantes.,Vérification des permissions utilisateur et mise à jour des droits d'accès.,"Catégorie: Accès refusé
Priorité: Basse
Description: Impossible d'accéder à l'application - Permissions insuffisantes.
Solution: Vérification des permissions utilisateur et mise à jour des droits d'accès.
Statut: Résolu"
TICKET-1548,Accès refusé,Critique,Impossible d'accéder à le serveur - Permissions insuffisantes.,Vérification des permissions utilisateur et mise à jour des droits d'accès.,"Catégorie: Accès refusé
Priorité: Critique
Description: Impossible d'accéder à le serveur - Permissions insuffisantes.
Solution: Vérification des permissions utilisateur et mise à jour des droits d'accès.
Statut: Résolu"
TICKET-1549,Performance lente,Basse,Temps de réponse très élevé lors de la recherche - 29 secondes.,Optimisation des requêtes et vérification de la charge serveur.,"Catégorie: Performance lente
Priorité: Basse
Description: Temps de réponse très élevé lors de la recherche - 29 secondes.
Solution: Optimisation des requêtes et vérification de la charge serveur.
Statut: Résolu"
TICKET-1550,Accès refusé,Critique,Impossible d'accéder à le serveur - Permissions insuffisantes.,Vérification des permissions utilisateur et mise à jour des droits d'accès.,"Catégorie: Accès refusé
Priorité: Critique
Description: Impossible d'accéder à le serveur - Permissions insuffisantes.
Solution: Vérification des permissions utilisateur et mise à jour des droits d'accès.
Statut: Résolu"
TICKET-1551,Demande d'information,Normale,Demande d'aide pour comprendre la fonctionnalité.,Fourniture de la documentation appropriée et explication détaillée.,"Catégorie: Demande d'information
Priorité: Normale
Description: Demande d'aide pour comprendre la fonctionnalité.
Solution: Fourniture de la documentation appropriée et explication détaillée.
Statut: Résolu"
TICKET-1552,Problème technique,Normale,L'utilisateur 1552 rencontre un dysfonctionnement avec le système.,Vérification des logs système et redémarrage du service concerné.,"Catégorie: Problème technique
Priorité: Normale
Description: L'utilisateur 1552 rencontre un dysfonctionnement avec le système.
Solution: Vérification des logs système et redémarrage du service concerné.
Statut: Résolu"
TICKET-1553,Demande d'information,Haute,Demande d'aide pour configurer l'application.,Fourniture de la documentation appropriée et explication détaillée.,"Catégorie: Demande d'information
Priorité: Haute
Description: Demande d'aide pour configurer l'application.
Solution: Fourniture de la documentation appropriée et explication détaillée.
Statut: Résolu"
TICKET-1554,Mise à jour requise,Critique,Problème de catégorie Mise à jour requise pour l'utilisateur 1554.,Planification et exécution de la mise à jour système.,"Catégorie: Mise à jour requise
Priorité: Critique
Description: Problème de catégorie Mise à jour requise pour l'utilisateur 1554.
Solution: Planification et exécution de la mise à jour système.
Statut: Résolu"
TICKET-1555,Mise à jour requise,Critique,Problème de catégorie Mise à jour requise pour l'utilisateur 1555.,Planification et exécution de la mise à jour système.,"Catégorie: Mise à jour requise
Priorité: Critique
Description: Problème de catégorie Mise à jour requise pour l'utilisateur 1555.
Solution: Planification et exécution de la mise à jour système.
Statut: Résolu"
TICKET-1556,Accès refusé,Haute,Impossible d'accéder à l'application - Permissions insuffisantes.,Vérification des permissions utilisateur et mise à jour des droits d'accès.,"Catégorie: Accès refusé
Priorité: Haute
Description: Impossible d'accéder à l'application - Permissions insuffisantes.
Solution: Vérification des permissions utilisateur et mise à jour des droits d'accès.
Statut: Résolu"
TICKET-1557,Bug logiciel,Haute,Erreur détectée lors de la sauvegarde - Code erreur: 758.,"Identification du bug, correction dans le code et déploiement du patch.","Catégorie: Bug logiciel
Priorité: Haute
Description: Erreur détectée lors de la sauvegarde - Code erreur: 758.
Solution: Identification du bug, correction dans le code et déploiement du patch.
Statut: Résolu"
TICKET-1558,Performance lente,Critique,Temps de réponse très élevé lors de la connexion - 29 secondes.,Optimisation des requêtes et vérification de la charge serveur.,"Catégorie: Performance lente
Priorité: Critique
Description: Temps de réponse très élevé lors de la connexion - 29 secondes.
Solution: Optimisation des requêtes et vérification de la charge serveur.
Statut: Résolu"
TICKET-1559,Mise à jour requise,Basse,Problème de catégorie Mise à jour requise pour l'utilisateur 1559.,Planification et exécution de la mise à jour système.,"Catégorie: Mise à jour requise
Priorité: Basse
Description: Problème de catégorie Mise à jour requise pour l'utilisateur 1559.
Solution: Planification et exécution de la mise à jour système.
Statut: Résolu"
TICKET-1560,Récupération de mot de passe,Critique,Problème de catégorie Récupération de mot de passe pour l'utilisateur 1560.,Solution en cours d'élaboration.,"Catégorie: Récupération de mot de passe
Priorité: Critique
Description: Problème de catégorie Récupération de mot de passe pour l'utilisateur 1560.
Solution: Solution en cours d'élaboration.
Statut: Résolu"
TICKET-1561,Formation utilisateur,Basse,Problème de catégorie Formation utilisateur pour l'utilisateur 1561.,Organisation de session de formation et création de guides.,"Catégorie: Formation utilisateur
Priorité: Basse
Description: Problème de catégorie Formation utilisateur pour l'utilisateur 1561.
Solution: Organisation de session de formation et création de guides.
Statut: Résolu"
TICKET-1562,Demande d'information,Critique,Demande d'aide pour comprendre la fonctionnalité.,Fourniture de la documentation appropriée et explication détaillée.,"Catégorie: Demande d'information
Priorité: Critique
Description: Demande d'aide pour comprendre la fonctionnalité.
Solution: Fourniture de la documentation appropriée et explication détaillée.
Statut: Résolu"
TICKET-1563,Récupération de mot de passe,Basse,Problème de catégorie Récupération de mot de passe pour l'utilisateur 1563.,Solution en cours d'élaboration.,"Catégorie: Récupération de mot de passe
Priorité: Basse
Description: Problème de catégorie Récupération de mot de passe pour l'utilisateur 1563.
Solution: Solution en cours d'élaboration.
Statut: Résolu"
TICKET-1564,Problème technique,Basse,L'utilisateur 1564 rencontre un dysfonctionnement avec l'interface.,Vérification des logs système et redémarrage du service concerné.,"Catégorie: Problème technique
Priorité: Basse
Description: L'utilisateur 1564 rencontre un dysfonctionnement avec l'interface.
Solution: Vérification des logs système et redémarrage du service concerné.
Statut: Résolu"
TICKET-1565,Erreur de connexion,Basse,Échec de connexion au serveur email - Timeout après 115 secondes.,Test de connectivité réseau et reconfiguration des paramètres.,"Catégorie: Erreur de connexion
Priorité: Basse
Description: Échec de connexion au serveur email - Timeout après 115 secondes.
Solution: Test de connectivité réseau et reconfiguration des paramètres.
Statut: Résolu"
TICKET-1566,Problème technique,Haute,L'utilisateur 1566 rencontre un dysfonctionnement avec l'application.,Vérification des logs système et redémarrage du service concerné.,"Catégorie: Problème technique
Priorité: Haute
Description: L'utilisateur 1566 rencontre un dysfonctionnement avec l'application.
Solution: Vérification des logs système et redémarrage du service concerné.
Statut: Résolu"
TICKET-1567,Erreur de connexion,Critique,Échec de connexion au serveur email - Timeout après 60 secondes.,Test de connectivité réseau et reconfiguration des paramètres.,"Catégorie: Erreur de connexion
Priorité: Critique
Description: Échec de connexion au serveur email - Timeout après 60 secondes.
Solution: Test de connectivité réseau et reconfiguration des paramètres.
Statut: Résolu"
TICKET-1568,Erreur de connexion,Haute,Échec de connexion au serveur database - Timeout après 67 secondes.,Test de connectivité réseau et reconfiguration des paramètres.,"Catégorie: Erreur de connexion
Priorité: Haute
Description: Échec de connexion au serveur database - Timeout après 67 secondes.
Solution: Test de connectivité réseau et reconfiguration des paramètres.
Statut: Résolu"
TICKET-1569,Récupération de mot de passe,Critique,Problème de catégorie Récupération de mot de passe pour l'utilisateur 1569.,Solution en cours d'élaboration.,"Catégorie: Récupération de mot de passe
Priorité: Critique
Description: Problème de catégorie Récupération de mot de passe pour l'utilisateur 1569.
Solution: Solution en cours d'élaboration.
Statut: Résolu"
TICKET-1570,Bug logiciel,Critique,Erreur détectée lors de l'utilisation - Code erreur: 700.,"Identification du bug, correction dans le code et déploiement du patch.","Catégorie: Bug logiciel
Priorité: Critique
Description: Erreur détectée lors de l'utilisation - Code erreur: 700.
Solution: Identification du bug, correction dans le code et déploiement du patch.
Statut: Résolu"
TICKET-1571,Problème technique,Haute,L'utilisateur 1571 rencontre un dysfonctionnement avec le système.,Vérification des logs système et redémarrage du service concerné.,"Catégorie: Problème technique
Priorité: Haute
Description: L'utilisateur 1571 rencontre un dysfonctionnement avec le système.
Solution: Vérification des logs système et redémarrage du service concerné.
Statut: Résolu"
TICKET-1572,Demande d'information,Basse,Demande d'aide pour configurer le système.,Fourniture de la documentation appropriée et explication détaillée.,"Catégorie: Demande d'information
Priorité: Basse
Description: Demande d'aide pour configurer le système.
Solution: Fourniture de la documentation appropriée et explication détaillée.
Statut: Résolu"
TICKET-1573,Erreur de connexion,Critique,Échec de connexion au serveur email - Timeout après 67 secondes.,Test de connectivité réseau et reconfiguration des paramètres.,"Catégorie: Erreur de connexion
Priorité: Critique
Description: Échec de connexion au serveur email - Timeout après 67 secondes.
Solution: Test de connectivité réseau et reconfiguration des paramètres.
Statut: Résolu"
TICKET-1574,Erreur de connexion,Basse,Échec de connexion au serveur email - Timeout après 73 secondes.,Test de connectivité réseau et reconfiguration des paramètres.,"Catégorie: Erreur de connexion
Priorité: Basse
Description: Échec de connexion au serveur email - Timeout après 73 secondes.
Solution: Test de connectivité réseau et reconfiguration des paramètres.
Statut: Résolu"
TICKET-1575,Performance lente,Critique,Temps de réponse très élevé lors de l'affichage - 28 secondes.,Optimisation des requêtes et vérification de la charge serveur.,"Catégorie: Performance lente
Priorité: Critique
Description: Temps de réponse très élevé lors de l'affichage - 28 secondes.
Solution: Optimisation des requêtes et vérification de la charge serveur.
Statut: Résolu"
TICKET-1576,Formation utilisateur,Haute,Problème de catégorie Formation utilisateur pour l'utilisateur 1576.,Organisation de session de formation et création de guides.,"Catégorie: Formation utilisateur
Priorité: Haute
Description: Problème de catégorie Formation utilisateur pour l'utilisateur 1576.
Solution: Organisation de session de formation et création de guides.
Statut: Résolu"
TICKET-1577,Bug logiciel,Normale,Erreur détectée lors de l'utilisation - Code erreur: 779.,"Identification du bug, correction dans le code et déploiement du patch.","Catégorie: Bug logiciel
Priorité: Normale
Description: Erreur détectée lors de l'utilisation - Code erreur: 779.
Solution: Identification du bug, correction dans le code et déploiement du patch.
Statut: Résolu"
TICKET-1578,Erreur de connexion,Normale,Échec de connexion au serveur database - Timeout après 69 secondes.,Test de connectivité réseau et reconfiguration des paramètres.,"Catégorie: Erreur de connexion
Priorité: Normale
Description: Échec de connexion au serveur database - Timeout après 69 secondes.
Solution: Test de connectivité réseau et reconfiguration des paramètres.
Statut: Résolu"
TICKET-1579,Formation utilisateur,Basse,Problème de catégorie Formation utilisateur pour l'utilisateur 1579.,Organisation de session de formation et création de guides.,"Catégorie: Formation utilisateur
Priorité: Basse
Description: Problème de catégorie Formation utilisateur pour l'utilisateur 1579.
Solution: Organisation de session de formation et création de guides.
Statut: Résolu"
TICKET-1580,Demande d'information,Normale,Demande d'aide pour utiliser l'application.,Fourniture de la documentation appropriée et explication détaillée.,"Catégorie: Demande d'information
Priorité: Normale
Description: Demande d'aide pour utiliser l'application.
Solution: Fourniture de la documentation appropriée et explication détaillée.
Statut: Résolu"
TICKET-1581,Problème technique,Normale,L'utilisateur 1581 rencontre un dysfonctionnement avec l'application.,Vérification des logs système et redémarrage du service concerné.,"Catégorie: Problème technique
Priorité: Normale
Description: L'utilisateur 1581 rencontre un dysfonctionnement avec l'application.
Solution: Vérification des logs système et redémarrage du service concerné.
Statut: Résolu"
TICKET-1582,Demande d'information,Basse,Demande d'aide pour configurer le système.,Fourniture de la documentation appropriée et explication détaillée.,"Catégorie: Demande d'information
Priorité: Basse
Description: Demande d'aide pour configurer le système.
Solution: Fourniture de la documentation appropriée et explication détaillée.
Statut: Résolu"
TICKET-1583,Problème technique,Basse,L'utilisateur 1583 rencontre un dysfonctionnement avec l'interface.,Vérification des logs système et redémarrage du service concerné.,"Catégorie: Problème technique
Priorité: Basse
Description: L'utilisateur 1583 rencontre un dysfonctionnement avec l'interface.
Solution: Vérification des logs système et redémarrage du service concerné.
Statut: Résolu"
TICKET-1584,Formation utilisateur,Critique,Problème de catégorie Formation utilisateur pour l'utilisateur 1584.,Organisation de session de formation et création de guides.,"Catégorie: Formation utilisateur
Priorité: Critique
Description: Problème de catégorie Formation utilisateur pour l'utilisateur 1584.
Solution: Organisation de session de formation et création de guides.
Statut: Résolu"
TICKET-1585,Récupération de mot de passe,Haute,Problème de catégorie Récupération de mot de passe pour l'utilisateur 1585.,Solution en cours d'élaboration.,"Catégorie: Récupération de mot de passe
Priorité: Haute
Description: Problème de catégorie Récupération de mot de passe pour l'utilisateur 1585.
Solution: Solution en cours d'élaboration.
Statut: Résolu"
TICKET-1586,Demande d'information,Basse,Demande d'aide pour configurer l'application.,Fourniture de la documentation appropriée et explication détaillée.,"Catégorie: Demande d'information
Priorité: Basse
Description: Demande d'aide pour configurer l'application.
Solution: Fourniture de la documentation appropriée et explication détaillée.
Statut: Résolu"
TICKET-1587,Récupération de mot de passe,Haute,Problème de catégorie Récupération de mot de passe pour l'utilisateur 1587.,Solution en cours d'élaboration.,"Catégorie: Récupération de mot de passe
Priorité: Haute
Description: Problème de catégorie Récupération de mot de passe pour l'utilisateur 1587.
Solution: Solution en cours d'élaboration.
Statut: Résolu"
TICKET-1588,Bug logiciel,Normale,Erreur détectée lors de l'utilisation - Code erreur: 929.,"Identification du bug, correction dans le code et déploiement du patch.","Catégorie: Bug logiciel
Priorité: Normale
Description: Erreur détectée lors de l'utilisation - Code erreur: 929.
Solution: Identification du bug, correction dans le code et déploiement du patch.
Statut: Résolu"
TICKET-1589,Bug logiciel,Haute,Erreur détectée lors de la sauvegarde - Code erreur: 810.,"Identification du bug, correction dans le code et déploiement du patch.","Catégorie: Bug logiciel
Priorité: Haute
Description: Erreur détectée lors de la sauvegarde - Code erreur: 810.
Solution: Identification du bug, correction dans le code et déploiement du patch.
Statut: Résolu"
TICKET-1590,Récupération de mot de passe,Critique,Problème de catégorie Récupération de mot de passe pour l'utilisateur 1590.,Solution en cours d'élaboration.,"Catégorie: Récupération de mot de passe
Priorité: Critique
Description: Problème de catégorie Récupération de mot de passe pour l'utilisateur 1590.
Solution: Solution en cours d'élaboration.
Statut: Résolu"
TICKET-1591,Formation utilisateur,Normale,Problème de catégorie Formation utilisateur pour l'utilisateur 1591.,Organisation de session de formation et création de guides.,"Catégorie: Formation utilisateur
Priorité: Normale
Description: Problème de catégorie Formation utilisateur pour l'utilisateur 1591.
Solution: Organisation de session de formation et création de guides.
Statut: Résolu"
TICKET-1592,Performance lente,Normale,Temps de réponse très élevé lors de la recherche - 9 secondes.,Optimisation des requêtes et vérification de la charge serveur.,"Catégorie: Performance lente
Priorité: Normale
Description: Temps de réponse très élevé lors de la recherche - 9 secondes.
Solution: Optimisation des requêtes et vérification de la charge serveur.
Statut: Résolu"
TICKET-1593,Récupération de mot de passe,Normale,Problème de catégorie Récupération de mot de passe pour l'utilisateur 1593.,Solution en cours d'élaboration.,"Catégorie: Récupération de mot de passe
Priorité: Normale
Description: Problème de catégorie Récupération de mot de passe pour l'utilisateur 1593.
Solution: Solution en cours d'élaboration.
Statut: Résolu"
TICKET-1594,Problème technique,Critique,L'utilisateur 1594 rencontre un dysfonctionnement avec le système.,Vérification des logs système et redémarrage du service concerné.,"Catégorie: Problème technique
Priorité: Critique
Description: L'utilisateur 1594 rencontre un dysfonctionnement avec le système.
Solution: Vérification des logs système et redémarrage du service concerné.
Statut: Résolu"
TICKET-1595,Bug logiciel,Normale,Erreur détectée lors de la sauvegarde - Code erreur: 204.,"Identification du bug, correction dans le code et déploiement du patch.","Catégorie: Bug logiciel
Priorité: Normale
Description: Erreur détectée lors de la sauvegarde - Code erreur: 204.
Solution: Identification du bug, correction dans le code et déploiement du patch.
Statut: Résolu"
TICKET-1596,Formation utilisateur,Basse,Problème de catégorie Formation utilisateur pour l'utilisateur 1596.,Organisation de session de formation et création de guides.,"Catégorie: Formation utilisateur
Priorité: Basse
Description: Problème de catégorie Formation utilisateur pour l'utilisateur 1596.
Solution: Organisation de session de formation et création de guides.
Statut: Résolu"
TICKET-1597,Erreur de connexion,Normale,Échec de connexion au serveur database - Timeout après 65 secondes.,Test de connectivité réseau et reconfiguration des paramètres.,"Catégorie: Erreur de connexion
Priorité: Normale
Description: Échec de connexion au serveur database - Timeout après 65 secondes.
Solution: Test de connectivité réseau et reconfiguration des paramètres.
Statut: Résolu"
TICKET-1598,Bug logiciel,Critique,Erreur détectée lors de la sauvegarde - Code erreur: 745.,"Identification du bug, correction dans le code et déploiement du patch.","Catégorie: Bug logiciel
Priorité: Critique
Description: Erreur détectée lors de la sauvegarde - Code erreur: 745.
Solution: Identification du bug, correction dans le code et déploiement du patch.
Statut: Résolu"
TICKET-1599,Formation utilisateur,Critique,Problème de catégorie Formation utilisateur pour l'utilisateur 1599.,Organisation de session de formation et création de guides.,"Catégorie: Formation utilisateur
Priorité: Critique
Description: Problème de catégorie Formation utilisateur pour l'utilisateur 1599.
Solution: Organisation de session de formation et création de guides.
Statut: Résolu"
TICKET-1600,Bug logiciel,Haute,Erreur détectée lors de la connexion - Code erreur: 796.,"Identification du bug, correction dans le code et déploiement du patch.","Catégorie: Bug logiciel
Priorité: Haute
Description: Erreur détectée lors de la connexion - Code erreur: 796.
Solution: Identification du bug, correction dans le code et déploiement du patch.
Statut: Résolu"
TICKET-1601,Mise à jour requise,Haute,Problème de catégorie Mise à jour requise pour l'utilisateur 1601.,Planification et exécution de la mise à jour système.,"Catégorie: Mise à jour requise
Priorité: Haute
Description: Problème de catégorie Mise à jour requise pour l'utilisateur 1601.
Solution: Planification et exécution de la mise à jour système.
Statut: Résolu"
TICKET-1602,Bug logiciel,Basse,Erreur détectée lors de la sauvegarde - Code erreur: 259.,"Identification du bug, correction dans le code et déploiement du patch.","Catégorie: Bug logiciel
Priorité: Basse
Description: Erreur détectée lors de la sauvegarde - Code erreur: 259.
Solution: Identification du bug, correction dans le code et déploiement du patch.
Statut: Résolu"
TICKET-1603,Récupération de mot de passe,Critique,Problème de catégorie Récupération de mot de passe pour l'utilisateur 1603.,Solution en cours d'élaboration.,"Catégorie: Récupération de mot de passe
Priorité: Critique
Description: Problème de catégorie Récupération de mot de passe pour l'utilisateur 1603.
Solution: Solution en cours d'élaboration.
Statut: Résolu"
TICKET-1604,Récupération de mot de passe,Basse,Problème de catégorie Récupération de mot de passe pour l'utilisateur 1604.,Solution en cours d'élaboration.,"Catégorie: Récupération de mot de passe
Priorité: Basse
Description: Problème de catégorie Récupération de mot de passe pour l'utilisateur 1604.
Solution: Solution en cours d'élaboration.
Statut: Résolu"
TICKET-1605,Performance lente,Basse,Temps de réponse très élevé lors de la connexion - 16 secondes.,Optimisation des requêtes et vérification de la charge serveur.,"Catégorie: Performance lente
Priorité: Basse
Description: Temps de réponse très élevé lors de la connexion - 16 secondes.
Solution: Optimisation des requêtes et vérification de la charge serveur.
Statut: Résolu"
TICKET-1606,Mise à jour requise,Critique,Problème de catégorie Mise à jour requise pour l'utilisateur 1606.,Planification et exécution de la mise à jour système.,"Catégorie: Mise à jour requise
Priorité: Critique
Description: Problème de catégorie Mise à jour requise pour l'utilisateur 1606.
Solution: Planification et exécution de la mise à jour système.
Statut: Résolu"
TICKET-1607,Accès refusé,Critique,Impossible d'accéder à le serveur - Permissions insuffisantes.,Vérification des permissions utilisateur et mise à jour des droits d'accès.,"Catégorie: Accès refusé
Priorité: Critique
Description: Impossible d'accéder à le serveur - Permissions insuffisantes.
Solution: Vérification des permissions utilisateur et mise à jour des droits d'accès.
Statut: Résolu"
TICKET-1608,Problème technique,Basse,L'utilisateur 1608 rencontre un dysfonctionnement avec le système.,Vérification des logs système et redémarrage du service concerné.,"Catégorie: Problème technique
Priorité: Basse
Description: L'utilisateur 1608 rencontre un dysfonctionnement avec le système.
Solution: Vérification des logs système et redémarrage du service concerné.
Statut: Résolu"
TICKET-1609,Récupération de mot de passe,Haute,Problème de catégorie Récupération de mot de passe pour l'utilisateur 1609.,Solution en cours d'élaboration.,"Catégorie: Récupération de mot de passe
Priorité: Haute
Description: Problème de catégorie Récupération de mot de passe pour l'utilisateur 1609.
Solution: Solution en cours d'élaboration.
Statut: Résolu"
TICKET-1610,Erreur de connexion,Critique,Échec de connexion au serveur database - Timeout après 70 secondes.,Test de connectivité réseau et reconfiguration des paramètres.,"Catégorie: Erreur de connexion
Priorité: Critique
Description: Échec de connexion au serveur database - Timeout après 70 secondes.
Solution: Test de connectivité réseau et reconfiguration des paramètres.
Statut: Résolu"
TICKET-1611,Accès refusé,Critique,Impossible d'accéder à la base de données - Permissions insuffisantes.,Vérification des permissions utilisateur et mise à jour des droits d'accès.,"Catégorie: Accès refusé
Priorité: Critique
Description: Impossible d'accéder à la base de données - Permissions insuffisantes.
Solution: Vérification des permissions utilisateur et mise à jour des droits d'accès.
Statut: Résolu"
TICKET-1612,Bug logiciel,Normale,Erreur détectée lors de la connexion - Code erreur: 154.,"Identification du bug, correction dans le code et déploiement du patch.","Catégorie: Bug logiciel
Priorité: Normale
Description: Erreur détectée lors de la connexion - Code erreur: 154.
Solution: Identification du bug, correction dans le code et déploiement du patch.
Statut: Résolu"
TICKET-1613,Récupération de mot de passe,Normale,Problème de catégorie Récupération de mot de passe pour l'utilisateur 1613.,Solution en cours d'élaboration.,"Catégorie: Récupération de mot de passe
Priorité: Normale
Description: Problème de catégorie Récupération de mot de passe pour l'utilisateur 1613.
Solution: Solution en cours d'élaboration.
Statut: Résolu"
TICKET-1614,Erreur de connexion,Basse,Échec de connexion au serveur database - Timeout après 32 secondes.,Test de connectivité réseau et reconfiguration des paramètres.,"Catégorie: Erreur de connexion
Priorité: Basse
Description: Échec de connexion au serveur database - Timeout après 32 secondes.
Solution: Test de connectivité réseau et reconfiguration des paramètres.
Statut: Résolu"
TICKET-1615,Mise à jour requise,Normale,Problème de catégorie Mise à jour requise pour l'utilisateur 1615.,Planification et exécution de la mise à jour système.,"Catégorie: Mise à jour requise
Priorité: Normale
Description: Problème de catégorie Mise à jour requise pour l'utilisateur 1615.
Solution: Planification et exécution de la mise à jour système.
Statut: Résolu"
TICKET-1616,Performance lente,Normale,Temps de réponse très élevé lors de la recherche - 5 secondes.,Optimisation des requêtes et vérification de la charge serveur.,"Catégorie: Performance lente
Priorité: Normale
Description: Temps de réponse très élevé lors de la recherche - 5 secondes.
Solution: Optimisation des requêtes et vérification de la charge serveur.
Statut: Résolu"
TICKET-1617,Problème technique,Haute,L'utilisateur 1617 rencontre un dysfonctionnement avec l'application.,Vérification des logs système et redémarrage du service concerné.,"Catégorie: Problème technique
Priorité: Haute
Description: L'utilisateur 1617 rencontre un dysfonctionnement avec l'application.
Solution: Vérification des logs système et redémarrage du service concerné.
Statut: Résolu"
TICKET-1618,Mise à jour requise,Normale,Problème de catégorie Mise à jour requise pour l'utilisateur 1618.,Planification et exécution de la mise à jour système.,"Catégorie: Mise à jour requise
Priorité: Normale
Description: Problème de catégorie Mise à jour requise pour l'utilisateur 1618.
Solution: Planification et exécution de la mise à jour système.
Statut: Résolu"
TICKET-1619,Récupération de mot de passe,Haute,Problème de catégorie Récupération de mot de passe pour l'utilisateur 1619.,Solution en cours d'élaboration.,"Catégorie: Récupération de mot de passe
Priorité: Haute
Description: Problème de catégorie Récupération de mot de passe pour l'utilisateur 1619.
Solution: Solution en cours d'élaboration.
Statut: Résolu"
TICKET-1620,Bug logiciel,Critique,Erreur détectée lors de la sauvegarde - Code erreur: 105.,"Identification du bug, correction dans le code et déploiement du patch.","Catégorie: Bug logiciel
Priorité: Critique
Description: Erreur détectée lors de la sauvegarde - Code erreur: 105.
Solution: Identification du bug, correction dans le code et déploiement du patch.
Statut: Résolu"
TICKET-1621,Récupération de mot de passe,Critique,Problème de catégorie Récupération de mot de passe pour l'utilisateur 1621.,Solution en cours d'élaboration.,"Catégorie: Récupération de mot de passe
Priorité: Critique
Description: Problème de catégorie Récupération de mot de passe pour l'utilisateur 1621.
Solution: Solution en cours d'élaboration.
Statut: Résolu"
TICKET-1622,Erreur de connexion,Normale,Échec de connexion au serveur web - Timeout après 48 secondes.,Test de connectivité réseau et reconfiguration des paramètres.,"Catégorie: Erreur de connexion
Priorité: Normale
Description: Échec de connexion au serveur web - Timeout après 48 secondes.
Solution: Test de connectivité réseau et reconfiguration des paramètres.
Statut: Résolu"
TICKET-1623,Problème technique,Normale,L'utilisateur 1623 rencontre un dysfonctionnement avec l'interface.,Vérification des logs système et redémarrage du service concerné.,"Catégorie: Problème technique
Priorité: Normale
Description: L'utilisateur 1623 rencontre un dysfonctionnement avec l'interface.
Solution: Vérification des logs système et redémarrage du service concerné.
Statut: Résolu"
TICKET-1624,Bug logiciel,Critique,Erreur détectée lors de la connexion - Code erreur: 205.,"Identification du bug, correction dans le code et déploiement du patch.","Catégorie: Bug logiciel
Priorité: Critique
Description: Erreur détectée lors de la connexion - Code erreur: 205.
Solution: Identification du bug, correction dans le code et déploiement du patch.
Statut: Résolu"
TICKET-1625,Mise à jour requise,Basse,Problème de catégorie Mise à jour requise pour l'utilisateur 1625.,Planification et exécution de la mise à jour système.,"Catégorie: Mise à jour requise
Priorité: Basse
Description: Problème de catégorie Mise à jour requise pour l'utilisateur 1625.
Solution: Planification et exécution de la mise à jour système.
Statut: Résolu"
TICKET-1626,Mise à jour requise,Normale,Problème de catégorie Mise à jour requise pour l'utilisateur 1626.,Planification et exécution de la mise à jour système.,"Catégorie: Mise à jour requise
Priorité: Normale
Description: Problème de catégorie Mise à jour requise pour l'utilisateur 1626.
Solution: Planification et exécution de la mise à jour système.
Statut: Résolu"
TICKET-1627,Mise à jour requise,Critique,Problème de catégorie Mise à jour requise pour l'utilisateur 1627.,Planification et exécution de la mise à jour système.,"Catégorie: Mise à jour requise
Priorité: Critique
Description: Problème de catégorie Mise à jour requise pour l'utilisateur 1627.
Solution: Planification et exécution de la mise à jour système.
Statut: Résolu"
TICKET-1628,Formation utilisateur,Critique,Problème de catégorie Formation utilisateur pour l'utilisateur 1628.,Organisation de session de formation et création de guides.,"Catégorie: Formation utilisateur
Priorité: Critique
Description: Problème de catégorie Formation utilisateur pour l'utilisateur 1628.
Solution: Organisation de session de formation et création de guides.
Statut: Résolu"
TICKET-1629,Performance lente,Critique,Temps de réponse très élevé lors de l'affichage - 10 secondes.,Optimisation des requêtes et vérification de la charge serveur.,"Catégorie: Performance lente
Priorité: Critique
Description: Temps de réponse très élevé lors de l'affichage - 10 secondes.
Solution: Optimisation des requêtes et vérification de la charge serveur.
Statut: Résolu"
TICKET-1630,Accès refusé,Critique,Impossible d'accéder à l'application - Permissions insuffisantes.,Vérification des permissions utilisateur et mise à jour des droits d'accès.,"Catégorie: Accès refusé
Priorité: Critique
Description: Impossible d'accéder à l'application - Permissions insuffisantes.
Solution: Vérification des permissions utilisateur et mise à jour des droits d'accès.
Statut: Résolu"
TICKET-1631,Demande d'information,Critique,Demande d'aide pour comprendre la fonctionnalité.,Fourniture de la documentation appropriée et explication détaillée.,"Catégorie: Demande d'information
Priorité: Critique
Description: Demande d'aide pour comprendre la fonctionnalité.
Solution: Fourniture de la documentation appropriée et explication détaillée.
Statut: Résolu"
TICKET-1632,Bug logiciel,Critique,Erreur détectée lors de l'utilisation - Code erreur: 955.,"Identification du bug, correction dans le code et déploiement du patch.","Catégorie: Bug logiciel
Priorité: Critique
Description: Erreur détectée lors de l'utilisation - Code erreur: 955.
Solution: Identification du bug, correction dans le code et déploiement du patch.
Statut: Résolu"
TICKET-1633,Problème technique,Normale,L'utilisateur 1633 rencontre un dysfonctionnement avec le système.,Vérification des logs système et redémarrage du service concerné.,"Catégorie: Problème technique
Priorité: Normale
Description: L'utilisateur 1633 rencontre un dysfonctionnement avec le système.
Solution: Vérification des logs système et redémarrage du service concerné.
Statut: Résolu"
TICKET-1634,Mise à jour requise,Critique,Problème de catégorie Mise à jour requise pour l'utilisateur 1634.,Planification et exécution de la mise à jour système.,"Catégorie: Mise à jour requise
Priorité: Critique
Description: Problème de catégorie Mise à jour requise pour l'utilisateur 1634.
Solution: Planification et exécution de la mise à jour système.
Statut: Résolu"
TICKET-1635,Erreur de connexion,Haute,Échec de connexion au serveur email - Timeout après 116 secondes.,Test de connectivité réseau et reconfiguration des paramètres.,"Catégorie: Erreur de connexion
Priorité: Haute
Description: Échec de connexion au serveur email - Timeout après 116 secondes.
Solution: Test de connectivité réseau et reconfiguration des paramètres.
Statut: Résolu"
TICKET-1636,Demande d'information,Haute,Demande d'aide pour utiliser la fonctionnalité.,Fourniture de la documentation appropriée et explication détaillée.,"Catégorie: Demande d'information
Priorité: Haute
Description: Demande d'aide pour utiliser la fonctionnalité.
Solution: Fourniture de la documentation appropriée et explication détaillée.
Statut: Résolu"
TICKET-1637,Bug logiciel,Haute,Erreur détectée lors de la sauvegarde - Code erreur: 666.,"Identification du bug, correction dans le code et déploiement du patch.","Catégorie: Bug logiciel
Priorité: Haute
Description: Erreur détectée lors de la sauvegarde - Code erreur: 666.
Solution: Identification du bug, correction dans le code et déploiement du patch.
Statut: Résolu"
TICKET-1638,Problème technique,Critique,L'utilisateur 1638 rencontre un dysfonctionnement avec l'application.,Vérification des logs système et redémarrage du service concerné.,"Catégorie: Problème technique
Priorité: Critique
Description: L'utilisateur 1638 rencontre un dysfonctionnement avec l'application.
Solution: Vérification des logs système et redémarrage du service concerné.
Statut: Résolu"
TICKET-1639,Bug logiciel,Basse,Erreur détectée lors de l'utilisation - Code erreur: 196.,"Identification du bug, correction dans le code et déploiement du patch.","Catégorie: Bug logiciel
Priorité: Basse
Description: Erreur détectée lors de l'utilisation - Code erreur: 196.
Solution: Identification du bug, correction dans le code et déploiement du patch.
Statut: Résolu"
TICKET-1640,Bug logiciel,Haute,Erreur détectée lors de la sauvegarde - Code erreur: 953.,"Identification du bug, correction dans le code et déploiement du patch.","Catégorie: Bug logiciel
Priorité: Haute
Description: Erreur détectée lors de la sauvegarde - Code erreur: 953.
Solution: Identification du bug, correction dans le code et déploiement du patch.
Statut: Résolu"
TICKET-1641,Performance lente,Basse,Temps de réponse très élevé lors de l'affichage - 15 secondes.,Optimisation des requêtes et vérification de la charge serveur.,"Catégorie: Performance lente
Priorité: Basse
Description: Temps de réponse très élevé lors de l'affichage - 15 secondes.
Solution: Optimisation des requêtes et vérification de la charge serveur.
Statut: Résolu"
TICKET-1642,Accès refusé,Haute,Impossible d'accéder à la base de données - Permissions insuffisantes.,Vérification des permissions utilisateur et mise à jour des droits d'accès.,"Catégorie: Accès refusé
Priorité: Haute
Description: Impossible d'accéder à la base de données - Permissions insuffisantes.
Solution: Vérification des permissions utilisateur et mise à jour des droits d'accès.
Statut: Résolu"
TICKET-1643,Erreur de connexion,Critique,Échec de connexion au serveur database - Timeout après 114 secondes.,Test de connectivité réseau et reconfiguration des paramètres.,"Catégorie: Erreur de connexion
Priorité: Critique
Description: Échec de connexion au serveur database - Timeout après 114 secondes.
Solution: Test de connectivité réseau et reconfiguration des paramètres.
Statut: Résolu"
TICKET-1644,Récupération de mot de passe,Basse,Problème de catégorie Récupération de mot de passe pour l'utilisateur 1644.,Solution en cours d'élaboration.,"Catégorie: Récupération de mot de passe
Priorité: Basse
Description: Problème de catégorie Récupération de mot de passe pour l'utilisateur 1644.
Solution: Solution en cours d'élaboration.
Statut: Résolu"
TICKET-1645,Mise à jour requise,Haute,Problème de catégorie Mise à jour requise pour l'utilisateur 1645.,Planification et exécution de la mise à jour système.,"Catégorie: Mise à jour requise
Priorité: Haute
Description: Problème de catégorie Mise à jour requise pour l'utilisateur 1645.
Solution: Planification et exécution de la mise à jour système.
Statut: Résolu"
TICKET-1646,Erreur de connexion,Haute,Échec de connexion au serveur email - Timeout après 120 secondes.,Test de connectivité réseau et reconfiguration des paramètres.,"Catégorie: Erreur de connexion
Priorité: Haute
Description: Échec de connexion au serveur email - Timeout après 120 secondes.
Solution: Test de connectivité réseau et reconfiguration des paramètres.
Statut: Résolu"
TICKET-1647,Bug logiciel,Normale,Erreur détectée lors de la sauvegarde - Code erreur: 484.,"Identification du bug, correction dans le code et déploiement du patch.","Catégorie: Bug logiciel
Priorité: Normale
Description: Erreur détectée lors de la sauvegarde - Code erreur: 484.
Solution: Identification du bug, correction dans le code et déploiement du patch.
Statut: Résolu"
TICKET-1648,Demande d'information,Haute,Demande d'aide pour configurer la fonctionnalité.,Fourniture de la documentation appropriée et explication détaillée.,"Catégorie: Demande d'information
Priorité: Haute
Description: Demande d'aide pour configurer la fonctionnalité.
Solution: Fourniture de la documentation appropriée et explication détaillée.
Statut: Résolu"
TICKET-1649,Mise à jour requise,Basse,Problème de catégorie Mise à jour requise pour l'utilisateur 1649.,Planification et exécution de la mise à jour système.,"Catégorie: Mise à jour requise
Priorité: Basse
Description: Problème de catégorie Mise à jour requise pour l'utilisateur 1649.
Solution: Planification et exécution de la mise à jour système.
Statut: Résolu"
TICKET-1650,Problème technique,Basse,L'utilisateur 1650 rencontre un dysfonctionnement avec le système.,Vérification des logs système et redémarrage du service concerné.,"Catégorie: Problème technique
Priorité: Basse
Description: L'utilisateur 1650 rencontre un dysfonctionnement avec le système.
Solution: Vérification des logs système et redémarrage du service concerné.
Statut: Résolu"
TICKET-1651,Demande d'information,Basse,Demande d'aide pour utiliser le système.,Fourniture de la documentation appropriée et explication détaillée.,"Catégorie: Demande d'information
Priorité: Basse
Description: Demande d'aide pour utiliser le système.
Solution: Fourniture de la documentation appropriée et explication détaillée.
Statut: Résolu"
TICKET-1652,Récupération de mot de passe,Haute,Problème de catégorie Récupération de mot de passe pour l'utilisateur 1652.,Solution en cours d'élaboration.,"Catégorie: Récupération de mot de passe
Priorité: Haute
Description: Problème de catégorie Récupération de mot de passe pour l'utilisateur 1652.
Solution: Solution en cours d'élaboration.
Statut: Résolu"
TICKET-1653,Bug logiciel,Critique,Erreur détectée lors de la connexion - Code erreur: 930.,"Identification du bug, correction dans le code et déploiement du patch.","Catégorie: Bug logiciel
Priorité: Critique
Description: Erreur détectée lors de la connexion - Code erreur: 930.
Solution: Identification du bug, correction dans le code et déploiement du patch.
Statut: Résolu"
TICKET-1654,Bug logiciel,Haute,Erreur détectée lors de l'utilisation - Code erreur: 260.,"Identification du bug, correction dans le code et déploiement du patch.","Catégorie: Bug logiciel
Priorité: Haute
Description: Erreur détectée lors de l'utilisation - Code erreur: 260.
Solution: Identification du bug, correction dans le code et déploiement du patch.
Statut: Résolu"
TICKET-1655,Problème technique,Basse,L'utilisateur 1655 rencontre un dysfonctionnement avec l'application.,Vérification des logs système et redémarrage du service concerné.,"Catégorie: Problème technique
Priorité: Basse
Description: L'utilisateur 1655 rencontre un dysfonctionnement avec l'application.
Solution: Vérification des logs système et redémarrage du service concerné.
Statut: Résolu"
TICKET-1656,Mise à jour requise,Haute,Problème de catégorie Mise à jour requise pour l'utilisateur 1656.,Planification et exécution de la mise à jour système.,"Catégorie: Mise à jour requise
Priorité: Haute
Description: Problème de catégorie Mise à jour requise pour l'utilisateur 1656.
Solution: Planification et exécution de la mise à jour système.
Statut: Résolu"
TICKET-1657,Erreur de connexion,Normale,Échec de connexion au serveur web - Timeout après 109 secondes.,Test de connectivité réseau et reconfiguration des paramètres.,"Catégorie: Erreur de connexion
Priorité: Normale
Description: Échec de connexion au serveur web - Timeout après 109 secondes.
Solution: Test de connectivité réseau et reconfiguration des paramètres.
Statut: Résolu"
TICKET-1658,Formation utilisateur,Normale,Problème de catégorie Formation utilisateur pour l'utilisateur 1658.,Organisation de session de formation et création de guides.,"Catégorie: Formation utilisateur
Priorité: Normale
Description: Problème de catégorie Formation utilisateur pour l'utilisateur 1658.
Solution: Organisation de session de formation et création de guides.
Statut: Résolu"
TICKET-1659,Accès refusé,Critique,Impossible d'accéder à l'application - Permissions insuffisantes.,Vérification des permissions utilisateur et mise à jour des droits d'accès.,"Catégorie: Accès refusé
Priorité: Critique
Description: Impossible d'accéder à l'application - Permissions insuffisantes.
Solution: Vérification des permissions utilisateur et mise à jour des droits d'accès.
Statut: Résolu"
TICKET-1660,Problème technique,Critique,L'utilisateur 1660 rencontre un dysfonctionnement avec le système.,Vérification des logs système et redémarrage du service concerné.,"Catégorie: Problème technique
Priorité: Critique
Description: L'utilisateur 1660 rencontre un dysfonctionnement avec le système.
Solution: Vérification des logs système et redémarrage du service concerné.
Statut: Résolu"
TICKET-1661,Récupération de mot de passe,Normale,Problème de catégorie Récupération de mot de passe pour l'utilisateur 1661.,Solution en cours d'élaboration.,"Catégorie: Récupération de mot de passe
Priorité: Normale
Description: Problème de catégorie Récupération de mot de passe pour l'utilisateur 1661.
Solution: Solution en cours d'élaboration.
Statut: Résolu"
TICKET-1662,Problème technique,Haute,L'utilisateur 1662 rencontre un dysfonctionnement avec le système.,Vérification des logs système et redémarrage du service concerné.,"Catégorie: Problème technique
Priorité: Haute
Description: L'utilisateur 1662 rencontre un dysfonctionnement avec le système.
Solution: Vérification des logs système et redémarrage du service concerné.
Statut: Résolu"
TICKET-1663,Performance lente,Critique,Temps de réponse très élevé lors de l'affichage - 9 secondes.,Optimisation des requêtes et vérification de la charge serveur.,"Catégorie: Performance lente
Priorité: Critique
Description: Temps de réponse très élevé lors de l'affichage - 9 secondes.
Solution: Optimisation des requêtes et vérification de la charge serveur.
Statut: Résolu"
TICKET-1664,Formation utilisateur,Critique,Problème de catégorie Formation utilisateur pour l'utilisateur 1664.,Organisation de session de formation et création de guides.,"Catégorie: Formation utilisateur
Priorité: Critique
Description: Problème de catégorie Formation utilisateur pour l'utilisateur 1664.
Solution: Organisation de session de formation et création de guides.
Statut: Résolu"
TICKET-1665,Accès refusé,Normale,Impossible d'accéder à le serveur - Permissions insuffisantes.,Vérification des permissions utilisateur et mise à jour des droits d'accès.,"Catégorie: Accès refusé
Priorité: Normale
Description: Impossible d'accéder à le serveur - Permissions insuffisantes.
Solution: Vérification des permissions utilisateur et mise à jour des droits d'accès.
Statut: Résolu"
TICKET-1666,Récupération de mot de passe,Haute,Problème de catégorie Récupération de mot de passe pour l'utilisateur 1666.,Solution en cours d'élaboration.,"Catégorie: Récupération de mot de passe
Priorité: Haute
Description: Problème de catégorie Récupération de mot de passe pour l'utilisateur 1666.
Solution: Solution en cours d'élaboration.
Statut: Résolu"
TICKET-1667,Mise à jour requise,Critique,Problème de catégorie Mise à jour requise pour l'utilisateur 1667.,Planification et exécution de la mise à jour système.,"Catégorie: Mise à jour requise
Priorité: Critique
Description: Problème de catégorie Mise à jour requise pour l'utilisateur 1667.
Solution: Planification et exécution de la mise à jour système.
Statut: Résolu"
TICKET-1668,Demande d'information,Normale,Demande d'aide pour comprendre le système.,Fourniture de la documentation appropriée et explication détaillée.,"Catégorie: Demande d'information
Priorité: Normale
Description: Demande d'aide pour comprendre le système.
Solution: Fourniture de la documentation appropriée et explication détaillée.
Statut: Résolu"
TICKET-1669,Mise à jour requise,Critique,Problème de catégorie Mise à jour requise pour l'utilisateur 1669.,Planification et exécution de la mise à jour système.,"Catégorie: Mise à jour requise
Priorité: Critique
Description: Problème de catégorie Mise à jour requise pour l'utilisateur 1669.
Solution: Planification et exécution de la mise à jour système.
Statut: Résolu"
TICKET-1670,Accès refusé,Critique,Impossible d'accéder à l'application - Permissions insuffisantes.,Vérification des permissions utilisateur et mise à jour des droits d'accès.,"Catégorie: Accès refusé
Priorité: Critique
Description: Impossible d'accéder à l'application - Permissions insuffisantes.
Solution: Vérification des permissions utilisateur et mise à jour des droits d'accès.
Statut: Résolu"
TICKET-1671,Mise à jour requise,Basse,Problème de catégorie Mise à jour requise pour l'utilisateur 1671.,Planification et exécution de la mise à jour système.,"Catégorie: Mise à jour requise
Priorité: Basse
Description: Problème de catégorie Mise à jour requise pour l'utilisateur 1671.
Solution: Planification et exécution de la mise à jour système.
Statut: Résolu"
TICKET-1672,Erreur de connexion,Normale,Échec de connexion au serveur email - Timeout après 84 secondes.,Test de connectivité réseau et reconfiguration des paramètres.,"Catégorie: Erreur de connexion
Priorité: Normale
Description: Échec de connexion au serveur email - Timeout après 84 secondes.
Solution: Test de connectivité réseau et reconfiguration des paramètres.
Statut: Résolu"
TICKET-1673,Bug logiciel,Normale,Erreur détectée lors de la sauvegarde - Code erreur: 442.,"Identification du bug, correction dans le code et déploiement du patch.","Catégorie: Bug logiciel
Priorité: Normale
Description: Erreur détectée lors de la sauvegarde - Code erreur: 442.
Solution: Identification du bug, correction dans le code et déploiement du patch.
Statut: Résolu"
TICKET-1674,Formation utilisateur,Normale,Problème de catégorie Formation utilisateur pour l'utilisateur 1674.,Organisation de session de formation et création de guides.,"Catégorie: Formation utilisateur
Priorité: Normale
Description: Problème de catégorie Formation utilisateur pour l'utilisateur 1674.
Solution: Organisation de session de formation et création de guides.
Statut: Résolu"
TICKET-1675,Bug logiciel,Basse,Erreur détectée lors de l'utilisation - Code erreur: 149.,"Identification du bug, correction dans le code et déploiement du patch.","Catégorie: Bug logiciel
Priorité: Basse
Description: Erreur détectée lors de l'utilisation - Code erreur: 149.
Solution: Identification du bug, correction dans le code et déploiement du patch.
Statut: Résolu"
TICKET-1676,Mise à jour requise,Haute,Problème de catégorie Mise à jour requise pour l'utilisateur 1676.,Planification et exécution de la mise à jour système.,"Catégorie: Mise à jour requise
Priorité: Haute
Description: Problème de catégorie Mise à jour requise pour l'utilisateur 1676.
Solution: Planification et exécution de la mise à jour système.
Statut: Résolu"
TICKET-1677,Problème technique,Normale,L'utilisateur 1677 rencontre un dysfonctionnement avec l'application.,Vérification des logs système et redémarrage du service concerné.,"Catégorie: Problème technique
Priorité: Normale
Description: L'utilisateur 1677 rencontre un dysfonctionnement avec l'application.
Solution: Vérification des logs système et redémarrage du service concerné.
Statut: Résolu"
TICKET-1678,Bug logiciel,Critique,Erreur détectée lors de la connexion - Code erreur: 250.,"Identification du bug, correction dans le code et déploiement du patch.","Catégorie: Bug logiciel
Priorité: Critique
Description: Erreur détectée lors de la connexion - Code erreur: 250.
Solution: Identification du bug, correction dans le code et déploiement du patch.
Statut: Résolu"
TICKET-1679,Formation utilisateur,Basse,Problème de catégorie Formation utilisateur pour l'utilisateur 1679.,Organisation de session de formation et création de guides.,"Catégorie: Formation utilisateur
Priorité: Basse
Description: Problème de catégorie Formation utilisateur pour l'utilisateur 1679.
Solution: Organisation de session de formation et création de guides.
Statut: Résolu"
TICKET-1680,Demande d'information,Haute,Demande d'aide pour configurer la fonctionnalité.,Fourniture de la documentation appropriée et explication détaillée.,"Catégorie: Demande d'information
Priorité: Haute
Description: Demande d'aide pour configurer la fonctionnalité.
Solution: Fourniture de la documentation appropriée et explication détaillée.
Statut: Résolu"
TICKET-1681,Performance lente,Critique,Temps de réponse très élevé lors de l'affichage - 15 secondes.,Optimisation des requêtes et vérification de la charge serveur.,"Catégorie: Performance lente
Priorité: Critique
Description: Temps de réponse très élevé lors de l'affichage - 15 secondes.
Solution: Optimisation des requêtes et vérification de la charge serveur.
Statut: Résolu"
TICKET-1682,Demande d'information,Haute,Demande d'aide pour comprendre l'application.,Fourniture de la documentation appropriée et explication détaillée.,"Catégorie: Demande d'information
Priorité: Haute
Description: Demande d'aide pour comprendre l'application.
Solution: Fourniture de la documentation appropriée et explication détaillée.
Statut: Résolu"
TICKET-1683,Erreur de connexion,Normale,Échec de connexion au serveur database - Timeout après 101 secondes.,Test de connectivité réseau et reconfiguration des paramètres.,"Catégorie: Erreur de connexion
Priorité: Normale
Description: Échec de connexion au serveur database - Timeout après 101 secondes.
Solution: Test de connectivité réseau et reconfiguration des paramètres.
Statut: Résolu"
TICKET-1684,Bug logiciel,Haute,Erreur détectée lors de l'utilisation - Code erreur: 842.,"Identification du bug, correction dans le code et déploiement du patch.","Catégorie: Bug logiciel
Priorité: Haute
Description: Erreur détectée lors de l'utilisation - Code erreur: 842.
Solution: Identification du bug, correction dans le code et déploiement du patch.
Statut: Résolu"
TICKET-1685,Demande d'information,Critique,Demande d'aide pour utiliser la fonctionnalité.,Fourniture de la documentation appropriée et explication détaillée.,"Catégorie: Demande d'information
Priorité: Critique
Description: Demande d'aide pour utiliser la fonctionnalité.
Solution: Fourniture de la documentation appropriée et explication détaillée.
Statut: Résolu"
TICKET-1686,Mise à jour requise,Normale,Problème de catégorie Mise à jour requise pour l'utilisateur 1686.,Planification et exécution de la mise à jour système.,"Catégorie: Mise à jour requise
Priorité: Normale
Description: Problème de catégorie Mise à jour requise pour l'utilisateur 1686.
Solution: Planification et exécution de la mise à jour système.
Statut: Résolu"
TICKET-1687,Mise à jour requise,Critique,Problème de catégorie Mise à jour requise pour l'utilisateur 1687.,Planification et exécution de la mise à jour système.,"Catégorie: Mise à jour requise
Priorité: Critique
Description: Problème de catégorie Mise à jour requise pour l'utilisateur 1687.
Solution: Planification et exécution de la mise à jour système.
Statut: Résolu"
TICKET-1688,Formation utilisateur,Normale,Problème de catégorie Formation utilisateur pour l'utilisateur 1688.,Organisation de session de formation et création de guides.,"Catégorie: Formation utilisateur
Priorité: Normale
Description: Problème de catégorie Formation utilisateur pour l'utilisateur 1688.
Solution: Organisation de session de formation et création de guides.
Statut: Résolu"
TICKET-1689,Performance lente,Haute,Temps de réponse très élevé lors de la recherche - 28 secondes.,Optimisation des requêtes et vérification de la charge serveur.,"Catégorie: Performance lente
Priorité: Haute
Description: Temps de réponse très élevé lors de la recherche - 28 secondes.
Solution: Optimisation des requêtes et vérification de la charge serveur.
Statut: Résolu"
TICKET-1690,Récupération de mot de passe,Haute,Problème de catégorie Récupération de mot de passe pour l'utilisateur 1690.,Solution en cours d'élaboration.,"Catégorie: Récupération de mot de passe
Priorité: Haute
Description: Problème de catégorie Récupération de mot de passe pour l'utilisateur 1690.
Solution: Solution en cours d'élaboration.
Statut: Résolu"
TICKET-1691,Récupération de mot de passe,Normale,Problème de catégorie Récupération de mot de passe pour l'utilisateur 1691.,Solution en cours d'élaboration.,"Catégorie: Récupération de mot de passe
Priorité: Normale
Description: Problème de catégorie Récupération de mot de passe pour l'utilisateur 1691.
Solution: Solution en cours d'élaboration.
Statut: Résolu"
TICKET-1692,Récupération de mot de passe,Normale,Problème de catégorie Récupération de mot de passe pour l'utilisateur 1692.,Solution en cours d'élaboration.,"Catégorie: Récupération de mot de passe
Priorité: Normale
Description: Problème de catégorie Récupération de mot de passe pour l'utilisateur 1692.
Solution: Solution en cours d'élaboration.
Statut: Résolu"
TICKET-1693,Mise à jour requise,Haute,Problème de catégorie Mise à jour requise pour l'utilisateur 1693.,Planification et exécution de la mise à jour système.,"Catégorie: Mise à jour requise
Priorité: Haute
Description: Problème de catégorie Mise à jour requise pour l'utilisateur 1693.
Solution: Planification et exécution de la mise à jour système.
Statut: Résolu"
TICKET-1694,Formation utilisateur,Critique,Problème de catégorie Formation utilisateur pour l'utilisateur 1694.,Organisation de session de formation et création de guides.,"Catégorie: Formation utilisateur
Priorité: Critique
Description: Problème de catégorie Formation utilisateur pour l'utilisateur 1694.
Solution: Organisation de session de formation et création de guides.
Statut: Résolu"
TICKET-1695,Problème technique,Haute,L'utilisateur 1695 rencontre un dysfonctionnement avec l'interface.,Vérification des logs système et redémarrage du service concerné.,"Catégorie: Problème technique
Priorité: Haute
Description: L'utilisateur 1695 rencontre un dysfonctionnement avec l'interface.
Solution: Vérification des logs système et redémarrage du service concerné.
Statut: Résolu"
TICKET-1696,Erreur de connexion,Critique,Échec de connexion au serveur email - Timeout après 87 secondes.,Test de connectivité réseau et reconfiguration des paramètres.,"Catégorie: Erreur de connexion
Priorité: Critique
Description: Échec de connexion au serveur email - Timeout après 87 secondes.
Solution: Test de connectivité réseau et reconfiguration des paramètres.
Statut: Résolu"
TICKET-1697,Problème technique,Normale,L'utilisateur 1697 rencontre un dysfonctionnement avec le système.,Vérification des logs système et redémarrage du service concerné.,"Catégorie: Problème technique
Priorité: Normale
Description: L'utilisateur 1697 rencontre un dysfonctionnement avec le système.
Solution: Vérification des logs système et redémarrage du service concerné.
Statut: Résolu"
TICKET-1698,Formation utilisateur,Normale,Problème de catégorie Formation utilisateur pour l'utilisateur 1698.,Organisation de session de formation et création de guides.,"Catégorie: Formation utilisateur
Priorité: Normale
Description: Problème de catégorie Formation utilisateur pour l'utilisateur 1698.
Solution: Organisation de session de formation et création de guides.
Statut: Résolu"
TICKET-1699,Erreur de connexion,Haute,Échec de connexion au serveur email - Timeout après 111 secondes.,Test de connectivité réseau et reconfiguration des paramètres.,"Catégorie: Erreur de connexion
Priorité: Haute
Description: Échec de connexion au serveur email - Timeout après 111 secondes.
Solution: Test de connectivité réseau et reconfiguration des paramètres.
Statut: Résolu"
TICKET-1700,Mise à jour requise,Normale,Problème de catégorie Mise à jour requise pour l'utilisateur 1700.,Planification et exécution de la mise à jour système.,"Catégorie: Mise à jour requise
Priorité: Normale
Description: Problème de catégorie Mise à jour requise pour l'utilisateur 1700.
Solution: Planification et exécution de la mise à jour système.
Statut: Résolu"
TICKET-1701,Bug logiciel,Normale,Erreur détectée lors de l'utilisation - Code erreur: 821.,"Identification du bug, correction dans le code et déploiement du patch.","Catégorie: Bug logiciel
Priorité: Normale
Description: Erreur détectée lors de l'utilisation - Code erreur: 821.
Solution: Identification du bug, correction dans le code et déploiement du patch.
Statut: Résolu"
TICKET-1702,Récupération de mot de passe,Haute,Problème de catégorie Récupération de mot de passe pour l'utilisateur 1702.,Solution en cours d'élaboration.,"Catégorie: Récupération de mot de passe
Priorité: Haute
Description: Problème de catégorie Récupération de mot de passe pour l'utilisateur 1702.
Solution: Solution en cours d'élaboration.
Statut: Résolu"
TICKET-1703,Formation utilisateur,Haute,Problème de catégorie Formation utilisateur pour l'utilisateur 1703.,Organisation de session de formation et création de guides.,"Catégorie: Formation utilisateur
Priorité: Haute
Description: Problème de catégorie Formation utilisateur pour l'utilisateur 1703.
Solution: Organisation de session de formation et création de guides.
Statut: Résolu"
TICKET-1704,Demande d'information,Basse,Demande d'aide pour comprendre la fonctionnalité.,Fourniture de la documentation appropriée et explication détaillée.,"Catégorie: Demande d'information
Priorité: Basse
Description: Demande d'aide pour comprendre la fonctionnalité.
Solution: Fourniture de la documentation appropriée et explication détaillée.
Statut: Résolu"
TICKET-1705,Problème technique,Basse,L'utilisateur 1705 rencontre un dysfonctionnement avec le système.,Vérification des logs système et redémarrage du service concerné.,"Catégorie: Problème technique
Priorité: Basse
Description: L'utilisateur 1705 rencontre un dysfonctionnement avec le système.
Solution: Vérification des logs système et redémarrage du service concerné.
Statut: Résolu"
TICKET-1706,Erreur de connexion,Basse,Échec de connexion au serveur database - Timeout après 112 secondes.,Test de connectivité réseau et reconfiguration des paramètres.,"Catégorie: Erreur de connexion
Priorité: Basse
Description: Échec de connexion au serveur database - Timeout après 112 secondes.
Solution: Test de connectivité réseau et reconfiguration des paramètres.
Statut: Résolu"
TICKET-1707,Formation utilisateur,Normale,Problème de catégorie Formation utilisateur pour l'utilisateur 1707.,Organisation de session de formation et création de guides.,"Catégorie: Formation utilisateur
Priorité: Normale
Description: Problème de catégorie Formation utilisateur pour l'utilisateur 1707.
Solution: Organisation de session de formation et création de guides.
Statut: Résolu"
TICKET-1708,Formation utilisateur,Basse,Problème de catégorie Formation utilisateur pour l'utilisateur 1708.,Organisation de session de formation et création de guides.,"Catégorie: Formation utilisateur
Priorité: Basse
Description: Problème de catégorie Formation utilisateur pour l'utilisateur 1708.
Solution: Organisation de session de formation et création de guides.
Statut: Résolu"
TICKET-1709,Performance lente,Normale,Temps de réponse très élevé lors de la connexion - 12 secondes.,Optimisation des requêtes et vérification de la charge serveur.,"Catégorie: Performance lente
Priorité: Normale
Description: Temps de réponse très élevé lors de la connexion - 12 secondes.
Solution: Optimisation des requêtes et vérification de la charge serveur.
Statut: Résolu"
TICKET-1710,Performance lente,Critique,Temps de réponse très élevé lors de la recherche - 17 secondes.,Optimisation des requêtes et vérification de la charge serveur.,"Catégorie: Performance lente
Priorité: Critique
Description: Temps de réponse très élevé lors de la recherche - 17 secondes.
Solution: Optimisation des requêtes et vérification de la charge serveur.
Statut: Résolu"
TICKET-1711,Formation utilisateur,Basse,Problème de catégorie Formation utilisateur pour l'utilisateur 1711.,Organisation de session de formation et création de guides.,"Catégorie: Formation utilisateur
Priorité: Basse
Description: Problème de catégorie Formation utilisateur pour l'utilisateur 1711.
Solution: Organisation de session de formation et création de guides.
Statut: Résolu"
TICKET-1712,Bug logiciel,Basse,Erreur détectée lors de l'utilisation - Code erreur: 832.,"Identification du bug, correction dans le code et déploiement du patch.","Catégorie: Bug logiciel
Priorité: Basse
Description: Erreur détectée lors de l'utilisation - Code erreur: 832.
Solution: Identification du bug, correction dans le code et déploiement du patch.
Statut: Résolu"
TICKET-1713,Problème technique,Critique,L'utilisateur 1713 rencontre un dysfonctionnement avec l'application.,Vérification des logs système et redémarrage du service concerné.,"Catégorie: Problème technique
Priorité: Critique
Description: L'utilisateur 1713 rencontre un dysfonctionnement avec l'application.
Solution: Vérification des logs système et redémarrage du service concerné.
Statut: Résolu"
TICKET-1714,Récupération de mot de passe,Basse,Problème de catégorie Récupération de mot de passe pour l'utilisateur 1714.,Solution en cours d'élaboration.,"Catégorie: Récupération de mot de passe
Priorité: Basse
Description: Problème de catégorie Récupération de mot de passe pour l'utilisateur 1714.
Solution: Solution en cours d'élaboration.
Statut: Résolu"
TICKET-1715,Récupération de mot de passe,Critique,Problème de catégorie Récupération de mot de passe pour l'utilisateur 1715.,Solution en cours d'élaboration.,"Catégorie: Récupération de mot de passe
Priorité: Critique
Description: Problème de catégorie Récupération de mot de passe pour l'utilisateur 1715.
Solution: Solution en cours d'élaboration.
Statut: Résolu"
TICKET-1716,Erreur de connexion,Haute,Échec de connexion au serveur email - Timeout après 34 secondes.,Test de connectivité réseau et reconfiguration des paramètres.,"Catégorie: Erreur de connexion
Priorité: Haute
Description: Échec de connexion au serveur email - Timeout après 34 secondes.
Solution: Test de connectivité réseau et reconfiguration des paramètres.
Statut: Résolu"
TICKET-1717,Problème technique,Haute,L'utilisateur 1717 rencontre un dysfonctionnement avec l'application.,Vérification des logs système et redémarrage du service concerné.,"Catégorie: Problème technique
Priorité: Haute
Description: L'utilisateur 1717 rencontre un dysfonctionnement avec l'application.
Solution: Vérification des logs système et redémarrage du service concerné.
Statut: Résolu"
TICKET-1718,Accès refusé,Critique,Impossible d'accéder à le serveur - Permissions insuffisantes.,Vérification des permissions utilisateur et mise à jour des droits d'accès.,"Catégorie: Accès refusé
Priorité: Critique
Description: Impossible d'accéder à le serveur - Permissions insuffisantes.
Solution: Vérification des permissions utilisateur et mise à jour des droits d'accès.
Statut: Résolu"
TICKET-1719,Formation utilisateur,Basse,Problème de catégorie Formation utilisateur pour l'utilisateur 1719.,Organisation de session de formation et création de guides.,"Catégorie: Formation utilisateur
Priorité: Basse
Description: Problème de catégorie Formation utilisateur pour l'utilisateur 1719.
Solution: Organisation de session de formation et création de guides.
Statut: Résolu"
TICKET-1720,Accès refusé,Normale,Impossible d'accéder à l'application - Permissions insuffisantes.,Vérification des permissions utilisateur et mise à jour des droits d'accès.,"Catégorie: Accès refusé
Priorité: Normale
Description: Impossible d'accéder à l'application - Permissions insuffisantes.
Solution: Vérification des permissions utilisateur et mise à jour des droits d'accès.
Statut: Résolu"
TICKET-1721,Performance lente,Basse,Temps de réponse très élevé lors de la connexion - 8 secondes.,Optimisation des requêtes et vérification de la charge serveur.,"Catégorie: Performance lente
Priorité: Basse
Description: Temps de réponse très élevé lors de la connexion - 8 secondes.
Solution: Optimisation des requêtes et vérification de la charge serveur.
Statut: Résolu"
TICKET-1722,Accès refusé,Haute,Impossible d'accéder à la base de données - Permissions insuffisantes.,Vérification des permissions utilisateur et mise à jour des droits d'accès.,"Catégorie: Accès refusé
Priorité: Haute
Description: Impossible d'accéder à la base de données - Permissions insuffisantes.
Solution: Vérification des permissions utilisateur et mise à jour des droits d'accès.
Statut: Résolu"
TICKET-1723,Performance lente,Normale,Temps de réponse très élevé lors de l'affichage - 21 secondes.,Optimisation des requêtes et vérification de la charge serveur.,"Catégorie: Performance lente
Priorité: Normale
Description: Temps de réponse très élevé lors de l'affichage - 21 secondes.
Solution: Optimisation des requêtes et vérification de la charge serveur.
Statut: Résolu"
TICKET-1724,Mise à jour requise,Haute,Problème de catégorie Mise à jour requise pour l'utilisateur 1724.,Planification et exécution de la mise à jour système.,"Catégorie: Mise à jour requise
Priorité: Haute
Description: Problème de catégorie Mise à jour requise pour l'utilisateur 1724.
Solution: Planification et exécution de la mise à jour système.
Statut: Résolu"
TICKET-1725,Performance lente,Basse,Temps de réponse très élevé lors de la connexion - 18 secondes.,Optimisation des requêtes et vérification de la charge serveur.,"Catégorie: Performance lente
Priorité: Basse
Description: Temps de réponse très élevé lors de la connexion - 18 secondes.
Solution: Optimisation des requêtes et vérification de la charge serveur.
Statut: Résolu"
TICKET-1726,Erreur de connexion,Basse,Échec de connexion au serveur email - Timeout après 45 secondes.,Test de connectivité réseau et reconfiguration des paramètres.,"Catégorie: Erreur de connexion
Priorité: Basse
Description: Échec de connexion au serveur email - Timeout après 45 secondes.
Solution: Test de connectivité réseau et reconfiguration des paramètres.
Statut: Résolu"
TICKET-1727,Erreur de connexion,Basse,Échec de connexion au serveur web - Timeout après 100 secondes.,Test de connectivité réseau et reconfiguration des paramètres.,"Catégorie: Erreur de connexion
Priorité: Basse
Description: Échec de connexion au serveur web - Timeout après 100 secondes.
Solution: Test de connectivité réseau et reconfiguration des paramètres.
Statut: Résolu"
TICKET-1728,Mise à jour requise,Basse,Problème de catégorie Mise à jour requise pour l'utilisateur 1728.,Planification et exécution de la mise à jour système.,"Catégorie: Mise à jour requise
Priorité: Basse
Description: Problème de catégorie Mise à jour requise pour l'utilisateur 1728.
Solution: Planification et exécution de la mise à jour système.
Statut: Résolu"
TICKET-1729,Performance lente,Critique,Temps de réponse très élevé lors de la connexion - 24 secondes.,Optimisation des requêtes et vérification de la charge serveur.,"Catégorie: Performance lente
Priorité: Critique
Description: Temps de réponse très élevé lors de la connexion - 24 secondes.
Solution: Optimisation des requêtes et vérification de la charge serveur.
Statut: Résolu"
TICKET-1730,Mise à jour requise,Basse,Problème de catégorie Mise à jour requise pour l'utilisateur 1730.,Planification et exécution de la mise à jour système.,"Catégorie: Mise à jour requise
Priorité: Basse
Description: Problème de catégorie Mise à jour requise pour l'utilisateur 1730.
Solution: Planification et exécution de la mise à jour système.
Statut: Résolu"
TICKET-1731,Problème technique,Normale,L'utilisateur 1731 rencontre un dysfonctionnement avec l'interface.,Vérification des logs système et redémarrage du service concerné.,"Catégorie: Problème technique
Priorité: Normale
Description: L'utilisateur 1731 rencontre un dysfonctionnement avec l'interface.
Solution: Vérification des logs système et redémarrage du service concerné.
Statut: Résolu"
TICKET-1732,Problème technique,Normale,L'utilisateur 1732 rencontre un dysfonctionnement avec le système.,Vérification des logs système et redémarrage du service concerné.,"Catégorie: Problème technique
Priorité: Normale
Description: L'utilisateur 1732 rencontre un dysfonctionnement avec le système.
Solution: Vérification des logs système et redémarrage du service concerné.
Statut: Résolu"
TICKET-1733,Accès refusé,Haute,Impossible d'accéder à la base de données - Permissions insuffisantes.,Vérification des permissions utilisateur et mise à jour des droits d'accès.,"Catégorie: Accès refusé
Priorité: Haute
Description: Impossible d'accéder à la base de données - Permissions insuffisantes.
Solution: Vérification des permissions utilisateur et mise à jour des droits d'accès.
Statut: Résolu"
TICKET-1734,Bug logiciel,Normale,Erreur détectée lors de la sauvegarde - Code erreur: 146.,"Identification du bug, correction dans le code et déploiement du patch.","Catégorie: Bug logiciel
Priorité: Normale
Description: Erreur détectée lors de la sauvegarde - Code erreur: 146.
Solution: Identification du bug, correction dans le code et déploiement du patch.
Statut: Résolu"
TICKET-1735,Problème technique,Haute,L'utilisateur 1735 rencontre un dysfonctionnement avec le système.,Vérification des logs système et redémarrage du service concerné.,"Catégorie: Problème technique
Priorité: Haute
Description: L'utilisateur 1735 rencontre un dysfonctionnement avec le système.
Solution: Vérification des logs système et redémarrage du service concerné.
Statut: Résolu"
TICKET-1736,Erreur de connexion,Basse,Échec de connexion au serveur email - Timeout après 44 secondes.,Test de connectivité réseau et reconfiguration des paramètres.,"Catégorie: Erreur de connexion
Priorité: Basse
Description: Échec de connexion au serveur email - Timeout après 44 secondes.
Solution: Test de connectivité réseau et reconfiguration des paramètres.
Statut: Résolu"
TICKET-1737,Bug logiciel,Normale,Erreur détectée lors de la sauvegarde - Code erreur: 253.,"Identification du bug, correction dans le code et déploiement du patch.","Catégorie: Bug logiciel
Priorité: Normale
Description: Erreur détectée lors de la sauvegarde - Code erreur: 253.
Solution: Identification du bug, correction dans le code et déploiement du patch.
Statut: Résolu"
TICKET-1738,Demande d'information,Basse,Demande d'aide pour configurer le système.,Fourniture de la documentation appropriée et explication détaillée.,"Catégorie: Demande d'information
Priorité: Basse
Description: Demande d'aide pour configurer le système.
Solution: Fourniture de la documentation appropriée et explication détaillée.
Statut: Résolu"
TICKET-1739,Mise à jour requise,Haute,Problème de catégorie Mise à jour requise pour l'utilisateur 1739.,Planification et exécution de la mise à jour système.,"Catégorie: Mise à jour requise
Priorité: Haute
Description: Problème de catégorie Mise à jour requise pour l'utilisateur 1739.
Solution: Planification et exécution de la mise à jour système.
Statut: Résolu"
TICKET-1740,Erreur de connexion,Critique,Échec de connexion au serveur web - Timeout après 32 secondes.,Test de connectivité réseau et reconfiguration des paramètres.,"Catégorie: Erreur de connexion
Priorité: Critique
Description: Échec de connexion au serveur web - Timeout après 32 secondes.
Solution: Test de connectivité réseau et reconfiguration des paramètres.
Statut: Résolu"
TICKET-1741,Demande d'information,Basse,Demande d'aide pour configurer l'application.,Fourniture de la documentation appropriée et explication détaillée.,"Catégorie: Demande d'information
Priorité: Basse
Description: Demande d'aide pour configurer l'application.
Solution: Fourniture de la documentation appropriée et explication détaillée.
Statut: Résolu"
TICKET-1742,Formation utilisateur,Critique,Problème de catégorie Formation utilisateur pour l'utilisateur 1742.,Organisation de session de formation et création de guides.,"Catégorie: Formation utilisateur
Priorité: Critique
Description: Problème de catégorie Formation utilisateur pour l'utilisateur 1742.
Solution: Organisation de session de formation et création de guides.
Statut: Résolu"
TICKET-1743,Récupération de mot de passe,Basse,Problème de catégorie Récupération de mot de passe pour l'utilisateur 1743.,Solution en cours d'élaboration.,"Catégorie: Récupération de mot de passe
Priorité: Basse
Description: Problème de catégorie Récupération de mot de passe pour l'utilisateur 1743.
Solution: Solution en cours d'élaboration.
Statut: Résolu"
TICKET-1744,Accès refusé,Basse,Impossible d'accéder à la base de données - Permissions insuffisantes.,Vérification des permissions utilisateur et mise à jour des droits d'accès.,"Catégorie: Accès refusé
Priorité: Basse
Description: Impossible d'accéder à la base de données - Permissions insuffisantes.
Solution: Vérification des permissions utilisateur et mise à jour des droits d'accès.
Statut: Résolu"
TICKET-1745,Demande d'information,Haute,Demande d'aide pour comprendre l'application.,Fourniture de la documentation appropriée et explication détaillée.,"Catégorie: Demande d'information
Priorité: Haute
Description: Demande d'aide pour comprendre l'application.
Solution: Fourniture de la documentation appropriée et explication détaillée.
Statut: Résolu"
TICKET-1746,Bug logiciel,Normale,Erreur détectée lors de la sauvegarde - Code erreur: 284.,"Identification du bug, correction dans le code et déploiement du patch.","Catégorie: Bug logiciel
Priorité: Normale
Description: Erreur détectée lors de la sauvegarde - Code erreur: 284.
Solution: Identification du bug, correction dans le code et déploiement du patch.
Statut: Résolu"
TICKET-1747,Problème technique,Critique,L'utilisateur 1747 rencontre un dysfonctionnement avec le système.,Vérification des logs système et redémarrage du service concerné.,"Catégorie: Problème technique
Priorité: Critique
Description: L'utilisateur 1747 rencontre un dysfonctionnement avec le système.
Solution: Vérification des logs système et redémarrage du service concerné.
Statut: Résolu"
TICKET-1748,Récupération de mot de passe,Haute,Problème de catégorie Récupération de mot de passe pour l'utilisateur 1748.,Solution en cours d'élaboration.,"Catégorie: Récupération de mot de passe
Priorité: Haute
Description: Problème de catégorie Récupération de mot de passe pour l'utilisateur 1748.
Solution: Solution en cours d'élaboration.
Statut: Résolu"
TICKET-1749,Bug logiciel,Haute,Erreur détectée lors de l'utilisation - Code erreur: 446.,"Identification du bug, correction dans le code et déploiement du patch.","Catégorie: Bug logiciel
Priorité: Haute
Description: Erreur détectée lors de l'utilisation - Code erreur: 446.
Solution: Identification du bug, correction dans le code et déploiement du patch.
Statut: Résolu"
TICKET-1750,Accès refusé,Haute,Impossible d'accéder à la base de données - Permissions insuffisantes.,Vérification des permissions utilisateur et mise à jour des droits d'accès.,"Catégorie: Accès refusé
Priorité: Haute
Description: Impossible d'accéder à la base de données - Permissions insuffisantes.
Solution: Vérification des permissions utilisateur et mise à jour des droits d'accès.
Statut: Résolu"
TICKET-1751,Mise à jour requise,Haute,Problème de catégorie Mise à jour requise pour l'utilisateur 1751.,Planification et exécution de la mise à jour système.,"Catégorie: Mise à jour requise
Priorité: Haute
Description: Problème de catégorie Mise à jour requise pour l'utilisateur 1751.
Solution: Planification et exécution de la mise à jour système.
Statut: Résolu"
TICKET-1752,Erreur de connexion,Critique,Échec de connexion au serveur web - Timeout après 53 secondes.,Test de connectivité réseau et reconfiguration des paramètres.,"Catégorie: Erreur de connexion
Priorité: Critique
Description: Échec de connexion au serveur web - Timeout après 53 secondes.
Solution: Test de connectivité réseau et reconfiguration des paramètres.
Statut: Résolu"
TICKET-1753,Accès refusé,Normale,Impossible d'accéder à l'application - Permissions insuffisantes.,Vérification des permissions utilisateur et mise à jour des droits d'accès.,"Catégorie: Accès refusé
Priorité: Normale
Description: Impossible d'accéder à l'application - Permissions insuffisantes.
Solution: Vérification des permissions utilisateur et mise à jour des droits d'accès.
Statut: Résolu"
TICKET-1754,Problème technique,Critique,L'utilisateur 1754 rencontre un dysfonctionnement avec le système.,Vérification des logs système et redémarrage du service concerné.,"Catégorie: Problème technique
Priorité: Critique
Description: L'utilisateur 1754 rencontre un dysfonctionnement avec le système.
Solution: Vérification des logs système et redémarrage du service concerné.
Statut: Résolu"
TICKET-1755,Récupération de mot de passe,Haute,Problème de catégorie Récupération de mot de passe pour l'utilisateur 1755.,Solution en cours d'élaboration.,"Catégorie: Récupération de mot de passe
Priorité: Haute
Description: Problème de catégorie Récupération de mot de passe pour l'utilisateur 1755.
Solution: Solution en cours d'élaboration.
Statut: Résolu"
TICKET-1756,Récupération de mot de passe,Normale,Problème de catégorie Récupération de mot de passe pour l'utilisateur 1756.,Solution en cours d'élaboration.,"Catégorie: Récupération de mot de passe
Priorité: Normale
Description: Problème de catégorie Récupération de mot de passe pour l'utilisateur 1756.
Solution: Solution en cours d'élaboration.
Statut: Résolu"
TICKET-1757,Bug logiciel,Critique,Erreur détectée lors de l'utilisation - Code erreur: 742.,"Identification du bug, correction dans le code et déploiement du patch.","Catégorie: Bug logiciel
Priorité: Critique
Description: Erreur détectée lors de l'utilisation - Code erreur: 742.
Solution: Identification du bug, correction dans le code et déploiement du patch.
Statut: Résolu"
TICKET-1758,Mise à jour requise,Normale,Problème de catégorie Mise à jour requise pour l'utilisateur 1758.,Planification et exécution de la mise à jour système.,"Catégorie: Mise à jour requise
Priorité: Normale
Description: Problème de catégorie Mise à jour requise pour l'utilisateur 1758.
Solution: Planification et exécution de la mise à jour système.
Statut: Résolu"
TICKET-1759,Formation utilisateur,Normale,Problème de catégorie Formation utilisateur pour l'utilisateur 1759.,Organisation de session de formation et création de guides.,"Catégorie: Formation utilisateur
Priorité: Normale
Description: Problème de catégorie Formation utilisateur pour l'utilisateur 1759.
Solution: Organisation de session de formation et création de guides.
Statut: Résolu"
TICKET-1760,Mise à jour requise,Basse,Problème de catégorie Mise à jour requise pour l'utilisateur 1760.,Planification et exécution de la mise à jour système.,"Catégorie: Mise à jour requise
Priorité: Basse
Description: Problème de catégorie Mise à jour requise pour l'utilisateur 1760.
Solution: Planification et exécution de la mise à jour système.
Statut: Résolu"
TICKET-1761,Mise à jour requise,Critique,Problème de catégorie Mise à jour requise pour l'utilisateur 1761.,Planification et exécution de la mise à jour système.,"Catégorie: Mise à jour requise
Priorité: Critique
Description: Problème de catégorie Mise à jour requise pour l'utilisateur 1761.
Solution: Planification et exécution de la mise à jour système.
Statut: Résolu"
TICKET-1762,Demande d'information,Normale,Demande d'aide pour configurer la fonctionnalité.,Fourniture de la documentation appropriée et explication détaillée.,"Catégorie: Demande d'information
Priorité: Normale
Description: Demande d'aide pour configurer la fonctionnalité.
Solution: Fourniture de la documentation appropriée et explication détaillée.
Statut: Résolu"
TICKET-1763,Bug logiciel,Normale,Erreur détectée lors de la connexion - Code erreur: 804.,"Identification du bug, correction dans le code et déploiement du patch.","Catégorie: Bug logiciel
Priorité: Normale
Description: Erreur détectée lors de la connexion - Code erreur: 804.
Solution: Identification du bug, correction dans le code et déploiement du patch.
Statut: Résolu"
TICKET-1764,Accès refusé,Normale,Impossible d'accéder à le serveur - Permissions insuffisantes.,Vérification des permissions utilisateur et mise à jour des droits d'accès.,"Catégorie: Accès refusé
Priorité: Normale
Description: Impossible d'accéder à le serveur - Permissions insuffisantes.
Solution: Vérification des permissions utilisateur et mise à jour des droits d'accès.
Statut: Résolu"
TICKET-1765,Formation utilisateur,Basse,Problème de catégorie Formation utilisateur pour l'utilisateur 1765.,Organisation de session de formation et création de guides.,"Catégorie: Formation utilisateur
Priorité: Basse
Description: Problème de catégorie Formation utilisateur pour l'utilisateur 1765.
Solution: Organisation de session de formation et création de guides.
Statut: Résolu"
TICKET-1766,Mise à jour requise,Haute,Problème de catégorie Mise à jour requise pour l'utilisateur 1766.,Planification et exécution de la mise à jour système.,"Catégorie: Mise à jour requise
Priorité: Haute
Description: Problème de catégorie Mise à jour requise pour l'utilisateur 1766.
Solution: Planification et exécution de la mise à jour système.
Statut: Résolu"
TICKET-1767,Performance lente,Critique,Temps de réponse très élevé lors de la connexion - 8 secondes.,Optimisation des requêtes et vérification de la charge serveur.,"Catégorie: Performance lente
Priorité: Critique
Description: Temps de réponse très élevé lors de la connexion - 8 secondes.
Solution: Optimisation des requêtes et vérification de la charge serveur.
Statut: Résolu"
TICKET-1768,Erreur de connexion,Basse,Échec de connexion au serveur email - Timeout après 110 secondes.,Test de connectivité réseau et reconfiguration des paramètres.,"Catégorie: Erreur de connexion
Priorité: Basse
Description: Échec de connexion au serveur email - Timeout après 110 secondes.
Solution: Test de connectivité réseau et reconfiguration des paramètres.
Statut: Résolu"
TICKET-1769,Demande d'information,Basse,Demande d'aide pour comprendre la fonctionnalité.,Fourniture de la documentation appropriée et explication détaillée.,"Catégorie: Demande d'information
Priorité: Basse
Description: Demande d'aide pour comprendre la fonctionnalité.
Solution: Fourniture de la documentation appropriée et explication détaillée.
Statut: Résolu"
TICKET-1770,Récupération de mot de passe,Haute,Problème de catégorie Récupération de mot de passe pour l'utilisateur 1770.,Solution en cours d'élaboration.,"Catégorie: Récupération de mot de passe
Priorité: Haute
Description: Problème de catégorie Récupération de mot de passe pour l'utilisateur 1770.
Solution: Solution en cours d'élaboration.
Statut: Résolu"
TICKET-1771,Performance lente,Haute,Temps de réponse très élevé lors de l'affichage - 8 secondes.,Optimisation des requêtes et vérification de la charge serveur.,"Catégorie: Performance lente
Priorité: Haute
Description: Temps de réponse très élevé lors de l'affichage - 8 secondes.
Solution: Optimisation des requêtes et vérification de la charge serveur.
Statut: Résolu"
TICKET-1772,Demande d'information,Critique,Demande d'aide pour comprendre la fonctionnalité.,Fourniture de la documentation appropriée et explication détaillée.,"Catégorie: Demande d'information
Priorité: Critique
Description: Demande d'aide pour comprendre la fonctionnalité.
Solution: Fourniture de la documentation appropriée et explication détaillée.
Statut: Résolu"
TICKET-1773,Problème technique,Haute,L'utilisateur 1773 rencontre un dysfonctionnement avec l'application.,Vérification des logs système et redémarrage du service concerné.,"Catégorie: Problème technique
Priorité: Haute
Description: L'utilisateur 1773 rencontre un dysfonctionnement avec l'application.
Solution: Vérification des logs système et redémarrage du service concerné.
Statut: Résolu"
TICKET-1774,Récupération de mot de passe,Basse,Problème de catégorie Récupération de mot de passe pour l'utilisateur 1774.,Solution en cours d'élaboration.,"Catégorie: Récupération de mot de passe
Priorité: Basse
Description: Problème de catégorie Récupération de mot de passe pour l'utilisateur 1774.
Solution: Solution en cours d'élaboration.
Statut: Résolu"
TICKET-1775,Demande d'information,Haute,Demande d'aide pour comprendre la fonctionnalité.,Fourniture de la documentation appropriée et explication détaillée.,"Catégorie: Demande d'information
Priorité: Haute
Description: Demande d'aide pour comprendre la fonctionnalité.
Solution: Fourniture de la documentation appropriée et explication détaillée.
Statut: Résolu"
TICKET-1776,Erreur de connexion,Critique,Échec de connexion au serveur database - Timeout après 38 secondes.,Test de connectivité réseau et reconfiguration des paramètres.,"Catégorie: Erreur de connexion
Priorité: Critique
Description: Échec de connexion au serveur database - Timeout après 38 secondes.
Solution: Test de connectivité réseau et reconfiguration des paramètres.
Statut: Résolu"
TICKET-1777,Erreur de connexion,Basse,Échec de connexion au serveur database - Timeout après 109 secondes.,Test de connectivité réseau et reconfiguration des paramètres.,"Catégorie: Erreur de connexion
Priorité: Basse
Description: Échec de connexion au serveur database - Timeout après 109 secondes.
Solution: Test de connectivité réseau et reconfiguration des paramètres.
Statut: Résolu"
TICKET-1778,Problème technique,Critique,L'utilisateur 1778 rencontre un dysfonctionnement avec l'application.,Vérification des logs système et redémarrage du service concerné.,"Catégorie: Problème technique
Priorité: Critique
Description: L'utilisateur 1778 rencontre un dysfonctionnement avec l'application.
Solution: Vérification des logs système et redémarrage du service concerné.
Statut: Résolu"
TICKET-1779,Accès refusé,Critique,Impossible d'accéder à le serveur - Permissions insuffisantes.,Vérification des permissions utilisateur et mise à jour des droits d'accès.,"Catégorie: Accès refusé
Priorité: Critique
Description: Impossible d'accéder à le serveur - Permissions insuffisantes.
Solution: Vérification des permissions utilisateur et mise à jour des droits d'accès.
Statut: Résolu"
TICKET-1780,Problème technique,Critique,L'utilisateur 1780 rencontre un dysfonctionnement avec l'interface.,Vérification des logs système et redémarrage du service concerné.,"Catégorie: Problème technique
Priorité: Critique
Description: L'utilisateur 1780 rencontre un dysfonctionnement avec l'interface.
Solution: Vérification des logs système et redémarrage du service concerné.
Statut: Résolu"
TICKET-1781,Performance lente,Critique,Temps de réponse très élevé lors de l'affichage - 29 secondes.,Optimisation des requêtes et vérification de la charge serveur.,"Catégorie: Performance lente
Priorité: Critique
Description: Temps de réponse très élevé lors de l'affichage - 29 secondes.
Solution: Optimisation des requêtes et vérification de la charge serveur.
Statut: Résolu"
TICKET-1782,Erreur de connexion,Critique,Échec de connexion au serveur email - Timeout après 89 secondes.,Test de connectivité réseau et reconfiguration des paramètres.,"Catégorie: Erreur de connexion
Priorité: Critique
Description: Échec de connexion au serveur email - Timeout après 89 secondes.
Solution: Test de connectivité réseau et reconfiguration des paramètres.
Statut: Résolu"
TICKET-1783,Accès refusé,Haute,Impossible d'accéder à le serveur - Permissions insuffisantes.,Vérification des permissions utilisateur et mise à jour des droits d'accès.,"Catégorie: Accès refusé
Priorité: Haute
Description: Impossible d'accéder à le serveur - Permissions insuffisantes.
Solution: Vérification des permissions utilisateur et mise à jour des droits d'accès.
Statut: Résolu"
TICKET-1784,Demande d'information,Normale,Demande d'aide pour utiliser l'application.,Fourniture de la documentation appropriée et explication détaillée.,"Catégorie: Demande d'information
Priorité: Normale
Description: Demande d'aide pour utiliser l'application.
Solution: Fourniture de la documentation appropriée et explication détaillée.
Statut: Résolu"
TICKET-1785,Erreur de connexion,Normale,Échec de connexion au serveur web - Timeout après 83 secondes.,Test de connectivité réseau et reconfiguration des paramètres.,"Catégorie: Erreur de connexion
Priorité: Normale
Description: Échec de connexion au serveur web - Timeout après 83 secondes.
Solution: Test de connectivité réseau et reconfiguration des paramètres.
Statut: Résolu"
TICKET-1786,Formation utilisateur,Haute,Problème de catégorie Formation utilisateur pour l'utilisateur 1786.,Organisation de session de formation et création de guides.,"Catégorie: Formation utilisateur
Priorité: Haute
Description: Problème de catégorie Formation utilisateur pour l'utilisateur 1786.
Solution: Organisation de session de formation et création de guides.
Statut: Résolu"
TICKET-1787,Problème technique,Basse,L'utilisateur 1787 rencontre un dysfonctionnement avec l'interface.,Vérification des logs système et redémarrage du service concerné.,"Catégorie: Problème technique
Priorité: Basse
Description: L'utilisateur 1787 rencontre un dysfonctionnement avec l'interface.
Solution: Vérification des logs système et redémarrage du service concerné.
Statut: Résolu"
TICKET-1788,Problème technique,Normale,L'utilisateur 1788 rencontre un dysfonctionnement avec l'interface.,Vérification des logs système et redémarrage du service concerné.,"Catégorie: Problème technique
Priorité: Normale
Description: L'utilisateur 1788 rencontre un dysfonctionnement avec l'interface.
Solution: Vérification des logs système et redémarrage du service concerné.
Statut: Résolu"
TICKET-1789,Mise à jour requise,Normale,Problème de catégorie Mise à jour requise pour l'utilisateur 1789.,Planification et exécution de la mise à jour système.,"Catégorie: Mise à jour requise
Priorité: Normale
Description: Problème de catégorie Mise à jour requise pour l'utilisateur 1789.
Solution: Planification et exécution de la mise à jour système.
Statut: Résolu"
TICKET-1790,Formation utilisateur,Haute,Problème de catégorie Formation utilisateur pour l'utilisateur 1790.,Organisation de session de formation et création de guides.,"Catégorie: Formation utilisateur
Priorité: Haute
Description: Problème de catégorie Formation utilisateur pour l'utilisateur 1790.
Solution: Organisation de session de formation et création de guides.
Statut: Résolu"
TICKET-1791,Erreur de connexion,Basse,Échec de connexion au serveur web - Timeout après 82 secondes.,Test de connectivité réseau et reconfiguration des paramètres.,"Catégorie: Erreur de connexion
Priorité: Basse
Description: Échec de connexion au serveur web - Timeout après 82 secondes.
Solution: Test de connectivité réseau et reconfiguration des paramètres.
Statut: Résolu"
TICKET-1792,Bug logiciel,Basse,Erreur détectée lors de l'utilisation - Code erreur: 585.,"Identification du bug, correction dans le code et déploiement du patch.","Catégorie: Bug logiciel
Priorité: Basse
Description: Erreur détectée lors de l'utilisation - Code erreur: 585.
Solution: Identification du bug, correction dans le code et déploiement du patch.
Statut: Résolu"
TICKET-1793,Formation utilisateur,Basse,Problème de catégorie Formation utilisateur pour l'utilisateur 1793.,Organisation de session de formation et création de guides.,"Catégorie: Formation utilisateur
Priorité: Basse
Description: Problème de catégorie Formation utilisateur pour l'utilisateur 1793.
Solution: Organisation de session de formation et création de guides.
Statut: Résolu"
TICKET-1794,Mise à jour requise,Basse,Problème de catégorie Mise à jour requise pour l'utilisateur 1794.,Planification et exécution de la mise à jour système.,"Catégorie: Mise à jour requise
Priorité: Basse
Description: Problème de catégorie Mise à jour requise pour l'utilisateur 1794.
Solution: Planification et exécution de la mise à jour système.
Statut: Résolu"
TICKET-1795,Mise à jour requise,Basse,Problème de catégorie Mise à jour requise pour l'utilisateur 1795.,Planification et exécution de la mise à jour système.,"Catégorie: Mise à jour requise
Priorité: Basse
Description: Problème de catégorie Mise à jour requise pour l'utilisateur 1795.
Solution: Planification et exécution de la mise à jour système.
Statut: Résolu"
TICKET-1796,Bug logiciel,Normale,Erreur détectée lors de la connexion - Code erreur: 651.,"Identification du bug, correction dans le code et déploiement du patch.","Catégorie: Bug logiciel
Priorité: Normale
Description: Erreur détectée lors de la connexion - Code erreur: 651.
Solution: Identification du bug, correction dans le code et déploiement du patch.
Statut: Résolu"
TICKET-1797,Performance lente,Basse,Temps de réponse très élevé lors de la recherche - 28 secondes.,Optimisation des requêtes et vérification de la charge serveur.,"Catégorie: Performance lente
Priorité: Basse
Description: Temps de réponse très élevé lors de la recherche - 28 secondes.
Solution: Optimisation des requêtes et vérification de la charge serveur.
Statut: Résolu"
TICKET-1798,Récupération de mot de passe,Basse,Problème de catégorie Récupération de mot de passe pour l'utilisateur 1798.,Solution en cours d'élaboration.,"Catégorie: Récupération de mot de passe
Priorité: Basse
Description: Problème de catégorie Récupération de mot de passe pour l'utilisateur 1798.
Solution: Solution en cours d'élaboration.
Statut: Résolu"
TICKET-1799,Demande d'information,Haute,Demande d'aide pour configurer l'application.,Fourniture de la documentation appropriée et explication détaillée.,"Catégorie: Demande d'information
Priorité: Haute
Description: Demande d'aide pour configurer l'application.
Solution: Fourniture de la documentation appropriée et explication détaillée.
Statut: Résolu"
TICKET-1800,Bug logiciel,Normale,Erreur détectée lors de la connexion - Code erreur: 273.,"Identification du bug, correction dans le code et déploiement du patch.","Catégorie: Bug logiciel
Priorité: Normale
Description: Erreur détectée lors de la connexion - Code erreur: 273.
Solution: Identification du bug, correction dans le code et déploiement du patch.
Statut: Résolu"
TICKET-1801,Mise à jour requise,Haute,Problème de catégorie Mise à jour requise pour l'utilisateur 1801.,Planification et exécution de la mise à jour système.,"Catégorie: Mise à jour requise
Priorité: Haute
Description: Problème de catégorie Mise à jour requise pour l'utilisateur 1801.
Solution: Planification et exécution de la mise à jour système.
Statut: Résolu"
TICKET-1802,Accès refusé,Basse,Impossible d'accéder à le serveur - Permissions insuffisantes.,Vérification des permissions utilisateur et mise à jour des droits d'accès.,"Catégorie: Accès refusé
Priorité: Basse
Description: Impossible d'accéder à le serveur - Permissions insuffisantes.
Solution: Vérification des permissions utilisateur et mise à jour des droits d'accès.
Statut: Résolu"
TICKET-1803,Récupération de mot de passe,Critique,Problème de catégorie Récupération de mot de passe pour l'utilisateur 1803.,Solution en cours d'élaboration.,"Catégorie: Récupération de mot de passe
Priorité: Critique
Description: Problème de catégorie Récupération de mot de passe pour l'utilisateur 1803.
Solution: Solution en cours d'élaboration.
Statut: Résolu"
TICKET-1804,Performance lente,Basse,Temps de réponse très élevé lors de l'affichage - 10 secondes.,Optimisation des requêtes et vérification de la charge serveur.,"Catégorie: Performance lente
Priorité: Basse
Description: Temps de réponse très élevé lors de l'affichage - 10 secondes.
Solution: Optimisation des requêtes et vérification de la charge serveur.
Statut: Résolu"
TICKET-1805,Demande d'information,Critique,Demande d'aide pour utiliser le système.,Fourniture de la documentation appropriée et explication détaillée.,"Catégorie: Demande d'information
Priorité: Critique
Description: Demande d'aide pour utiliser le système.
Solution: Fourniture de la documentation appropriée et explication détaillée.
Statut: Résolu"
TICKET-1806,Accès refusé,Haute,Impossible d'accéder à le serveur - Permissions insuffisantes.,Vérification des permissions utilisateur et mise à jour des droits d'accès.,"Catégorie: Accès refusé
Priorité: Haute
Description: Impossible d'accéder à le serveur - Permissions insuffisantes.
Solution: Vérification des permissions utilisateur et mise à jour des droits d'accès.
Statut: Résolu"
TICKET-1807,Performance lente,Critique,Temps de réponse très élevé lors de la recherche - 9 secondes.,Optimisation des requêtes et vérification de la charge serveur.,"Catégorie: Performance lente
Priorité: Critique
Description: Temps de réponse très élevé lors de la recherche - 9 secondes.
Solution: Optimisation des requêtes et vérification de la charge serveur.
Statut: Résolu"
TICKET-1808,Mise à jour requise,Haute,Problème de catégorie Mise à jour requise pour l'utilisateur 1808.,Planification et exécution de la mise à jour système.,"Catégorie: Mise à jour requise
Priorité: Haute
Description: Problème de catégorie Mise à jour requise pour l'utilisateur 1808.
Solution: Planification et exécution de la mise à jour système.
Statut: Résolu"
TICKET-1809,Accès refusé,Normale,Impossible d'accéder à le serveur - Permissions insuffisantes.,Vérification des permissions utilisateur et mise à jour des droits d'accès.,"Catégorie: Accès refusé
Priorité: Normale
Description: Impossible d'accéder à le serveur - Permissions insuffisantes.
Solution: Vérification des permissions utilisateur et mise à jour des droits d'accès.
Statut: Résolu"
TICKET-1810,Formation utilisateur,Basse,Problème de catégorie Formation utilisateur pour l'utilisateur 1810.,Organisation de session de formation et création de guides.,"Catégorie: Formation utilisateur
Priorité: Basse
Description: Problème de catégorie Formation utilisateur pour l'utilisateur 1810.
Solution: Organisation de session de formation et création de guides.
Statut: Résolu"
TICKET-1811,Bug logiciel,Normale,Erreur détectée lors de l'utilisation - Code erreur: 685.,"Identification du bug, correction dans le code et déploiement du patch.","Catégorie: Bug logiciel
Priorité: Normale
Description: Erreur détectée lors de l'utilisation - Code erreur: 685.
Solution: Identification du bug, correction dans le code et déploiement du patch.
Statut: Résolu"
TICKET-1812,Formation utilisateur,Normale,Problème de catégorie Formation utilisateur pour l'utilisateur 1812.,Organisation de session de formation et création de guides.,"Catégorie: Formation utilisateur
Priorité: Normale
Description: Problème de catégorie Formation utilisateur pour l'utilisateur 1812.
Solution: Organisation de session de formation et création de guides.
Statut: Résolu"
TICKET-1813,Formation utilisateur,Critique,Problème de catégorie Formation utilisateur pour l'utilisateur 1813.,Organisation de session de formation et création de guides.,"Catégorie: Formation utilisateur
Priorité: Critique
Description: Problème de catégorie Formation utilisateur pour l'utilisateur 1813.
Solution: Organisation de session de formation et création de guides.
Statut: Résolu"
TICKET-1814,Accès refusé,Normale,Impossible d'accéder à le serveur - Permissions insuffisantes.,Vérification des permissions utilisateur et mise à jour des droits d'accès.,"Catégorie: Accès refusé
Priorité: Normale
Description: Impossible d'accéder à le serveur - Permissions insuffisantes.
Solution: Vérification des permissions utilisateur et mise à jour des droits d'accès.
Statut: Résolu"
TICKET-1815,Bug logiciel,Critique,Erreur détectée lors de la sauvegarde - Code erreur: 972.,"Identification du bug, correction dans le code et déploiement du patch.","Catégorie: Bug logiciel
Priorité: Critique
Description: Erreur détectée lors de la sauvegarde - Code erreur: 972.
Solution: Identification du bug, correction dans le code et déploiement du patch.
Statut: Résolu"
TICKET-1816,Mise à jour requise,Normale,Problème de catégorie Mise à jour requise pour l'utilisateur 1816.,Planification et exécution de la mise à jour système.,"Catégorie: Mise à jour requise
Priorité: Normale
Description: Problème de catégorie Mise à jour requise pour l'utilisateur 1816.
Solution: Planification et exécution de la mise à jour système.
Statut: Résolu"
TICKET-1817,Mise à jour requise,Basse,Problème de catégorie Mise à jour requise pour l'utilisateur 1817.,Planification et exécution de la mise à jour système.,"Catégorie: Mise à jour requise
Priorité: Basse
Description: Problème de catégorie Mise à jour requise pour l'utilisateur 1817.
Solution: Planification et exécution de la mise à jour système.
Statut: Résolu"
TICKET-1818,Performance lente,Haute,Temps de réponse très élevé lors de l'affichage - 30 secondes.,Optimisation des requêtes et vérification de la charge serveur.,"Catégorie: Performance lente
Priorité: Haute
Description: Temps de réponse très élevé lors de l'affichage - 30 secondes.
Solution: Optimisation des requêtes et vérification de la charge serveur.
Statut: Résolu"
TICKET-1819,Performance lente,Normale,Temps de réponse très élevé lors de la recherche - 11 secondes.,Optimisation des requêtes et vérification de la charge serveur.,"Catégorie: Performance lente
Priorité: Normale
Description: Temps de réponse très élevé lors de la recherche - 11 secondes.
Solution: Optimisation des requêtes et vérification de la charge serveur.
Statut: Résolu"
TICKET-1820,Mise à jour requise,Normale,Problème de catégorie Mise à jour requise pour l'utilisateur 1820.,Planification et exécution de la mise à jour système.,"Catégorie: Mise à jour requise
Priorité: Normale
Description: Problème de catégorie Mise à jour requise pour l'utilisateur 1820.
Solution: Planification et exécution de la mise à jour système.
Statut: Résolu"
TICKET-1821,Récupération de mot de passe,Basse,Problème de catégorie Récupération de mot de passe pour l'utilisateur 1821.,Solution en cours d'élaboration.,"Catégorie: Récupération de mot de passe
Priorité: Basse
Description: Problème de catégorie Récupération de mot de passe pour l'utilisateur 1821.
Solution: Solution en cours d'élaboration.
Statut: Résolu"
TICKET-1822,Mise à jour requise,Critique,Problème de catégorie Mise à jour requise pour l'utilisateur 1822.,Planification et exécution de la mise à jour système.,"Catégorie: Mise à jour requise
Priorité: Critique
Description: Problème de catégorie Mise à jour requise pour l'utilisateur 1822.
Solution: Planification et exécution de la mise à jour système.
Statut: Résolu"
TICKET-1823,Performance lente,Basse,Temps de réponse très élevé lors de l'affichage - 27 secondes.,Optimisation des requêtes et vérification de la charge serveur.,"Catégorie: Performance lente
Priorité: Basse
Description: Temps de réponse très élevé lors de l'affichage - 27 secondes.
Solution: Optimisation des requêtes et vérification de la charge serveur.
Statut: Résolu"
TICKET-1824,Problème technique,Critique,L'utilisateur 1824 rencontre un dysfonctionnement avec l'interface.,Vérification des logs système et redémarrage du service concerné.,"Catégorie: Problème technique
Priorité: Critique
Description: L'utilisateur 1824 rencontre un dysfonctionnement avec l'interface.
Solution: Vérification des logs système et redémarrage du service concerné.
Statut: Résolu"
TICKET-1825,Problème technique,Critique,L'utilisateur 1825 rencontre un dysfonctionnement avec l'interface.,Vérification des logs système et redémarrage du service concerné.,"Catégorie: Problème technique
Priorité: Critique
Description: L'utilisateur 1825 rencontre un dysfonctionnement avec l'interface.
Solution: Vérification des logs système et redémarrage du service concerné.
Statut: Résolu"
TICKET-1826,Problème technique,Haute,L'utilisateur 1826 rencontre un dysfonctionnement avec le système.,Vérification des logs système et redémarrage du service concerné.,"Catégorie: Problème technique
Priorité: Haute
Description: L'utilisateur 1826 rencontre un dysfonctionnement avec le système.
Solution: Vérification des logs système et redémarrage du service concerné.
Statut: Résolu"
TICKET-1827,Mise à jour requise,Critique,Problème de catégorie Mise à jour requise pour l'utilisateur 1827.,Planification et exécution de la mise à jour système.,"Catégorie: Mise à jour requise
Priorité: Critique
Description: Problème de catégorie Mise à jour requise pour l'utilisateur 1827.
Solution: Planification et exécution de la mise à jour système.
Statut: Résolu"
TICKET-1828,Demande d'information,Critique,Demande d'aide pour comprendre la fonctionnalité.,Fourniture de la documentation appropriée et explication détaillée.,"Catégorie: Demande d'information
Priorité: Critique
Description: Demande d'aide pour comprendre la fonctionnalité.
Solution: Fourniture de la documentation appropriée et explication détaillée.
Statut: Résolu"
TICKET-1829,Formation utilisateur,Basse,Problème de catégorie Formation utilisateur pour l'utilisateur 1829.,Organisation de session de formation et création de guides.,"Catégorie: Formation utilisateur
Priorité: Basse
Description: Problème de catégorie Formation utilisateur pour l'utilisateur 1829.
Solution: Organisation de session de formation et création de guides.
Statut: Résolu"
TICKET-1830,Mise à jour requise,Haute,Problème de catégorie Mise à jour requise pour l'utilisateur 1830.,Planification et exécution de la mise à jour système.,"Catégorie: Mise à jour requise
Priorité: Haute
Description: Problème de catégorie Mise à jour requise pour l'utilisateur 1830.
Solution: Planification et exécution de la mise à jour système.
Statut: Résolu"
TICKET-1831,Accès refusé,Critique,Impossible d'accéder à le serveur - Permissions insuffisantes.,Vérification des permissions utilisateur et mise à jour des droits d'accès.,"Catégorie: Accès refusé
Priorité: Critique
Description: Impossible d'accéder à le serveur - Permissions insuffisantes.
Solution: Vérification des permissions utilisateur et mise à jour des droits d'accès.
Statut: Résolu"
TICKET-1832,Erreur de connexion,Normale,Échec de connexion au serveur email - Timeout après 85 secondes.,Test de connectivité réseau et reconfiguration des paramètres.,"Catégorie: Erreur de connexion
Priorité: Normale
Description: Échec de connexion au serveur email - Timeout après 85 secondes.
Solution: Test de connectivité réseau et reconfiguration des paramètres.
Statut: Résolu"
TICKET-1833,Formation utilisateur,Basse,Problème de catégorie Formation utilisateur pour l'utilisateur 1833.,Organisation de session de formation et création de guides.,"Catégorie: Formation utilisateur
Priorité: Basse
Description: Problème de catégorie Formation utilisateur pour l'utilisateur 1833.
Solution: Organisation de session de formation et création de guides.
Statut: Résolu"
TICKET-1834,Mise à jour requise,Critique,Problème de catégorie Mise à jour requise pour l'utilisateur 1834.,Planification et exécution de la mise à jour système.,"Catégorie: Mise à jour requise
Priorité: Critique
Description: Problème de catégorie Mise à jour requise pour l'utilisateur 1834.
Solution: Planification et exécution de la mise à jour système.
Statut: Résolu"
TICKET-1835,Problème technique,Normale,L'utilisateur 1835 rencontre un dysfonctionnement avec l'interface.,Vérification des logs système et redémarrage du service concerné.,"Catégorie: Problème technique
Priorité: Normale
Description: L'utilisateur 1835 rencontre un dysfonctionnement avec l'interface.
Solution: Vérification des logs système et redémarrage du service concerné.
Statut: Résolu"
TICKET-1836,Récupération de mot de passe,Critique,Problème de catégorie Récupération de mot de passe pour l'utilisateur 1836.,Solution en cours d'élaboration.,"Catégorie: Récupération de mot de passe
Priorité: Critique
Description: Problème de catégorie Récupération de mot de passe pour l'utilisateur 1836.
Solution: Solution en cours d'élaboration.
Statut: Résolu"
TICKET-1837,Récupération de mot de passe,Haute,Problème de catégorie Récupération de mot de passe pour l'utilisateur 1837.,Solution en cours d'élaboration.,"Catégorie: Récupération de mot de passe
Priorité: Haute
Description: Problème de catégorie Récupération de mot de passe pour l'utilisateur 1837.
Solution: Solution en cours d'élaboration.
Statut: Résolu"
TICKET-1838,Bug logiciel,Normale,Erreur détectée lors de la sauvegarde - Code erreur: 971.,"Identification du bug, correction dans le code et déploiement du patch.","Catégorie: Bug logiciel
Priorité: Normale
Description: Erreur détectée lors de la sauvegarde - Code erreur: 971.
Solution: Identification du bug, correction dans le code et déploiement du patch.
Statut: Résolu"
TICKET-1839,Récupération de mot de passe,Normale,Problème de catégorie Récupération de mot de passe pour l'utilisateur 1839.,Solution en cours d'élaboration.,"Catégorie: Récupération de mot de passe
Priorité: Normale
Description: Problème de catégorie Récupération de mot de passe pour l'utilisateur 1839.
Solution: Solution en cours d'élaboration.
Statut: Résolu"
TICKET-1840,Récupération de mot de passe,Haute,Problème de catégorie Récupération de mot de passe pour l'utilisateur 1840.,Solution en cours d'élaboration.,"Catégorie: Récupération de mot de passe
Priorité: Haute
Description: Problème de catégorie Récupération de mot de passe pour l'utilisateur 1840.
Solution: Solution en cours d'élaboration.
Statut: Résolu"
TICKET-1841,Formation utilisateur,Haute,Problème de catégorie Formation utilisateur pour l'utilisateur 1841.,Organisation de session de formation et création de guides.,"Catégorie: Formation utilisateur
Priorité: Haute
Description: Problème de catégorie Formation utilisateur pour l'utilisateur 1841.
Solution: Organisation de session de formation et création de guides.
Statut: Résolu"
TICKET-1842,Demande d'information,Basse,Demande d'aide pour utiliser la fonctionnalité.,Fourniture de la documentation appropriée et explication détaillée.,"Catégorie: Demande d'information
Priorité: Basse
Description: Demande d'aide pour utiliser la fonctionnalité.
Solution: Fourniture de la documentation appropriée et explication détaillée.
Statut: Résolu"
TICKET-1843,Accès refusé,Haute,Impossible d'accéder à la base de données - Permissions insuffisantes.,Vérification des permissions utilisateur et mise à jour des droits d'accès.,"Catégorie: Accès refusé
Priorité: Haute
Description: Impossible d'accéder à la base de données - Permissions insuffisantes.
Solution: Vérification des permissions utilisateur et mise à jour des droits d'accès.
Statut: Résolu"
TICKET-1844,Erreur de connexion,Basse,Échec de connexion au serveur web - Timeout après 93 secondes.,Test de connectivité réseau et reconfiguration des paramètres.,"Catégorie: Erreur de connexion
Priorité: Basse
Description: Échec de connexion au serveur web - Timeout après 93 secondes.
Solution: Test de connectivité réseau et reconfiguration des paramètres.
Statut: Résolu"
TICKET-1845,Mise à jour requise,Haute,Problème de catégorie Mise à jour requise pour l'utilisateur 1845.,Planification et exécution de la mise à jour système.,"Catégorie: Mise à jour requise
Priorité: Haute
Description: Problème de catégorie Mise à jour requise pour l'utilisateur 1845.
Solution: Planification et exécution de la mise à jour système.
Statut: Résolu"
TICKET-1846,Récupération de mot de passe,Critique,Problème de catégorie Récupération de mot de passe pour l'utilisateur 1846.,Solution en cours d'élaboration.,"Catégorie: Récupération de mot de passe
Priorité: Critique
Description: Problème de catégorie Récupération de mot de passe pour l'utilisateur 1846.
Solution: Solution en cours d'élaboration.
Statut: Résolu"
TICKET-1847,Performance lente,Critique,Temps de réponse très élevé lors de l'affichage - 5 secondes.,Optimisation des requêtes et vérification de la charge serveur.,"Catégorie: Performance lente
Priorité: Critique
Description: Temps de réponse très élevé lors de l'affichage - 5 secondes.
Solution: Optimisation des requêtes et vérification de la charge serveur.
Statut: Résolu"
TICKET-1848,Performance lente,Normale,Temps de réponse très élevé lors de la recherche - 28 secondes.,Optimisation des requêtes et vérification de la charge serveur.,"Catégorie: Performance lente
Priorité: Normale
Description: Temps de réponse très élevé lors de la recherche - 28 secondes.
Solution: Optimisation des requêtes et vérification de la charge serveur.
Statut: Résolu"
TICKET-1849,Bug logiciel,Critique,Erreur détectée lors de l'utilisation - Code erreur: 678.,"Identification du bug, correction dans le code et déploiement du patch.","Catégorie: Bug logiciel
Priorité: Critique
Description: Erreur détectée lors de l'utilisation - Code erreur: 678.
Solution: Identification du bug, correction dans le code et déploiement du patch.
Statut: Résolu"
TICKET-1850,Accès refusé,Haute,Impossible d'accéder à la base de données - Permissions insuffisantes.,Vérification des permissions utilisateur et mise à jour des droits d'accès.,"Catégorie: Accès refusé
Priorité: Haute
Description: Impossible d'accéder à la base de données - Permissions insuffisantes.
Solution: Vérification des permissions utilisateur et mise à jour des droits d'accès.
Statut: Résolu"
TICKET-1851,Demande d'information,Critique,Demande d'aide pour comprendre le système.,Fourniture de la documentation appropriée et explication détaillée.,"Catégorie: Demande d'information
Priorité: Critique
Description: Demande d'aide pour comprendre le système.
Solution: Fourniture de la documentation appropriée et explication détaillée.
Statut: Résolu"
TICKET-1852,Formation utilisateur,Haute,Problème de catégorie Formation utilisateur pour l'utilisateur 1852.,Organisation de session de formation et création de guides.,"Catégorie: Formation utilisateur
Priorité: Haute
Description: Problème de catégorie Formation utilisateur pour l'utilisateur 1852.
Solution: Organisation de session de formation et création de guides.
Statut: Résolu"
TICKET-1853,Récupération de mot de passe,Normale,Problème de catégorie Récupération de mot de passe pour l'utilisateur 1853.,Solution en cours d'élaboration.,"Catégorie: Récupération de mot de passe
Priorité: Normale
Description: Problème de catégorie Récupération de mot de passe pour l'utilisateur 1853.
Solution: Solution en cours d'élaboration.
Statut: Résolu"
TICKET-1854,Accès refusé,Critique,Impossible d'accéder à la base de données - Permissions insuffisantes.,Vérification des permissions utilisateur et mise à jour des droits d'accès.,"Catégorie: Accès refusé
Priorité: Critique
Description: Impossible d'accéder à la base de données - Permissions insuffisantes.
Solution: Vérification des permissions utilisateur et mise à jour des droits d'accès.
Statut: Résolu"
TICKET-1855,Mise à jour requise,Normale,Problème de catégorie Mise à jour requise pour l'utilisateur 1855.,Planification et exécution de la mise à jour système.,"Catégorie: Mise à jour requise
Priorité: Normale
Description: Problème de catégorie Mise à jour requise pour l'utilisateur 1855.
Solution: Planification et exécution de la mise à jour système.
Statut: Résolu"
TICKET-1856,Bug logiciel,Normale,Erreur détectée lors de la connexion - Code erreur: 720.,"Identification du bug, correction dans le code et déploiement du patch.","Catégorie: Bug logiciel
Priorité: Normale
Description: Erreur détectée lors de la connexion - Code erreur: 720.
Solution: Identification du bug, correction dans le code et déploiement du patch.
Statut: Résolu"
TICKET-1857,Accès refusé,Haute,Impossible d'accéder à la base de données - Permissions insuffisantes.,Vérification des permissions utilisateur et mise à jour des droits d'accès.,"Catégorie: Accès refusé
Priorité: Haute
Description: Impossible d'accéder à la base de données - Permissions insuffisantes.
Solution: Vérification des permissions utilisateur et mise à jour des droits d'accès.
Statut: Résolu"
TICKET-1858,Récupération de mot de passe,Normale,Problème de catégorie Récupération de mot de passe pour l'utilisateur 1858.,Solution en cours d'élaboration.,"Catégorie: Récupération de mot de passe
Priorité: Normale
Description: Problème de catégorie Récupération de mot de passe pour l'utilisateur 1858.
Solution: Solution en cours d'élaboration.
Statut: Résolu"
TICKET-1859,Problème technique,Basse,L'utilisateur 1859 rencontre un dysfonctionnement avec l'interface.,Vérification des logs système et redémarrage du service concerné.,"Catégorie: Problème technique
Priorité: Basse
Description: L'utilisateur 1859 rencontre un dysfonctionnement avec l'interface.
Solution: Vérification des logs système et redémarrage du service concerné.
Statut: Résolu"
TICKET-1860,Mise à jour requise,Basse,Problème de catégorie Mise à jour requise pour l'utilisateur 1860.,Planification et exécution de la mise à jour système.,"Catégorie: Mise à jour requise
Priorité: Basse
Description: Problème de catégorie Mise à jour requise pour l'utilisateur 1860.
Solution: Planification et exécution de la mise à jour système.
Statut: Résolu"
TICKET-1861,Bug logiciel,Critique,Erreur détectée lors de l'utilisation - Code erreur: 594.,"Identification du bug, correction dans le code et déploiement du patch.","Catégorie: Bug logiciel
Priorité: Critique
Description: Erreur détectée lors de l'utilisation - Code erreur: 594.
Solution: Identification du bug, correction dans le code et déploiement du patch.
Statut: Résolu"
TICKET-1862,Bug logiciel,Basse,Erreur détectée lors de la sauvegarde - Code erreur: 422.,"Identification du bug, correction dans le code et déploiement du patch.","Catégorie: Bug logiciel
Priorité: Basse
Description: Erreur détectée lors de la sauvegarde - Code erreur: 422.
Solution: Identification du bug, correction dans le code et déploiement du patch.
Statut: Résolu"
TICKET-1863,Mise à jour requise,Critique,Problème de catégorie Mise à jour requise pour l'utilisateur 1863.,Planification et exécution de la mise à jour système.,"Catégorie: Mise à jour requise
Priorité: Critique
Description: Problème de catégorie Mise à jour requise pour l'utilisateur 1863.
Solution: Planification et exécution de la mise à jour système.
Statut: Résolu"
TICKET-1864,Récupération de mot de passe,Critique,Problème de catégorie Récupération de mot de passe pour l'utilisateur 1864.,Solution en cours d'élaboration.,"Catégorie: Récupération de mot de passe
Priorité: Critique
Description: Problème de catégorie Récupération de mot de passe pour l'utilisateur 1864.
Solution: Solution en cours d'élaboration.
Statut: Résolu"
TICKET-1865,Mise à jour requise,Basse,Problème de catégorie Mise à jour requise pour l'utilisateur 1865.,Planification et exécution de la mise à jour système.,"Catégorie: Mise à jour requise
Priorité: Basse
Description: Problème de catégorie Mise à jour requise pour l'utilisateur 1865.
Solution: Planification et exécution de la mise à jour système.
Statut: Résolu"
TICKET-1866,Récupération de mot de passe,Critique,Problème de catégorie Récupération de mot de passe pour l'utilisateur 1866.,Solution en cours d'élaboration.,"Catégorie: Récupération de mot de passe
Priorité: Critique
Description: Problème de catégorie Récupération de mot de passe pour l'utilisateur 1866.
Solution: Solution en cours d'élaboration.
Statut: Résolu"
TICKET-1867,Accès refusé,Critique,Impossible d'accéder à la base de données - Permissions insuffisantes.,Vérification des permissions utilisateur et mise à jour des droits d'accès.,"Catégorie: Accès refusé
Priorité: Critique
Description: Impossible d'accéder à la base de données - Permissions insuffisantes.
Solution: Vérification des permissions utilisateur et mise à jour des droits d'accès.
Statut: Résolu"
TICKET-1868,Erreur de connexion,Basse,Échec de connexion au serveur email - Timeout après 80 secondes.,Test de connectivité réseau et reconfiguration des paramètres.,"Catégorie: Erreur de connexion
Priorité: Basse
Description: Échec de connexion au serveur email - Timeout après 80 secondes.
Solution: Test de connectivité réseau et reconfiguration des paramètres.
Statut: Résolu"
TICKET-1869,Demande d'information,Normale,Demande d'aide pour comprendre l'application.,Fourniture de la documentation appropriée et explication détaillée.,"Catégorie: Demande d'information
Priorité: Normale
Description: Demande d'aide pour comprendre l'application.
Solution: Fourniture de la documentation appropriée et explication détaillée.
Statut: Résolu"
TICKET-1870,Bug logiciel,Haute,Erreur détectée lors de la connexion - Code erreur: 831.,"Identification du bug, correction dans le code et déploiement du patch.","Catégorie: Bug logiciel
Priorité: Haute
Description: Erreur détectée lors de la connexion - Code erreur: 831.
Solution: Identification du bug, correction dans le code et déploiement du patch.
Statut: Résolu"
TICKET-1871,Accès refusé,Haute,Impossible d'accéder à l'application - Permissions insuffisantes.,Vérification des permissions utilisateur et mise à jour des droits d'accès.,"Catégorie: Accès refusé
Priorité: Haute
Description: Impossible d'accéder à l'application - Permissions insuffisantes.
Solution: Vérification des permissions utilisateur et mise à jour des droits d'accès.
Statut: Résolu"
TICKET-1872,Formation utilisateur,Haute,Problème de catégorie Formation utilisateur pour l'utilisateur 1872.,Organisation de session de formation et création de guides.,"Catégorie: Formation utilisateur
Priorité: Haute
Description: Problème de catégorie Formation utilisateur pour l'utilisateur 1872.
Solution: Organisation de session de formation et création de guides.
Statut: Résolu"
TICKET-1873,Formation utilisateur,Basse,Problème de catégorie Formation utilisateur pour l'utilisateur 1873.,Organisation de session de formation et création de guides.,"Catégorie: Formation utilisateur
Priorité: Basse
Description: Problème de catégorie Formation utilisateur pour l'utilisateur 1873.
Solution: Organisation de session de formation et création de guides.
Statut: Résolu"
TICKET-1874,Erreur de connexion,Normale,Échec de connexion au serveur web - Timeout après 40 secondes.,Test de connectivité réseau et reconfiguration des paramètres.,"Catégorie: Erreur de connexion
Priorité: Normale
Description: Échec de connexion au serveur web - Timeout après 40 secondes.
Solution: Test de connectivité réseau et reconfiguration des paramètres.
Statut: Résolu"
TICKET-1875,Récupération de mot de passe,Basse,Problème de catégorie Récupération de mot de passe pour l'utilisateur 1875.,Solution en cours d'élaboration.,"Catégorie: Récupération de mot de passe
Priorité: Basse
Description: Problème de catégorie Récupération de mot de passe pour l'utilisateur 1875.
Solution: Solution en cours d'élaboration.
Statut: Résolu"
TICKET-1876,Problème technique,Normale,L'utilisateur 1876 rencontre un dysfonctionnement avec le système.,Vérification des logs système et redémarrage du service concerné.,"Catégorie: Problème technique
Priorité: Normale
Description: L'utilisateur 1876 rencontre un dysfonctionnement avec le système.
Solution: Vérification des logs système et redémarrage du service concerné.
Statut: Résolu"
TICKET-1877,Problème technique,Critique,L'utilisateur 1877 rencontre un dysfonctionnement avec le système.,Vérification des logs système et redémarrage du service concerné.,"Catégorie: Problème technique
Priorité: Critique
Description: L'utilisateur 1877 rencontre un dysfonctionnement avec le système.
Solution: Vérification des logs système et redémarrage du service concerné.
Statut: Résolu"
TICKET-1878,Accès refusé,Haute,Impossible d'accéder à le serveur - Permissions insuffisantes.,Vérification des permissions utilisateur et mise à jour des droits d'accès.,"Catégorie: Accès refusé
Priorité: Haute
Description: Impossible d'accéder à le serveur - Permissions insuffisantes.
Solution: Vérification des permissions utilisateur et mise à jour des droits d'accès.
Statut: Résolu"
TICKET-1879,Demande d'information,Critique,Demande d'aide pour configurer le système.,Fourniture de la documentation appropriée et explication détaillée.,"Catégorie: Demande d'information
Priorité: Critique
Description: Demande d'aide pour configurer le système.
Solution: Fourniture de la documentation appropriée et explication détaillée.
Statut: Résolu"
TICKET-1880,Erreur de connexion,Critique,Échec de connexion au serveur database - Timeout après 41 secondes.,Test de connectivité réseau et reconfiguration des paramètres.,"Catégorie: Erreur de connexion
Priorité: Critique
Description: Échec de connexion au serveur database - Timeout après 41 secondes.
Solution: Test de connectivité réseau et reconfiguration des paramètres.
Statut: Résolu"
TICKET-1881,Récupération de mot de passe,Critique,Problème de catégorie Récupération de mot de passe pour l'utilisateur 1881.,Solution en cours d'élaboration.,"Catégorie: Récupération de mot de passe
Priorité: Critique
Description: Problème de catégorie Récupération de mot de passe pour l'utilisateur 1881.
Solution: Solution en cours d'élaboration.
Statut: Résolu"
TICKET-1882,Performance lente,Basse,Temps de réponse très élevé lors de la connexion - 15 secondes.,Optimisation des requêtes et vérification de la charge serveur.,"Catégorie: Performance lente
Priorité: Basse
Description: Temps de réponse très élevé lors de la connexion - 15 secondes.
Solution: Optimisation des requêtes et vérification de la charge serveur.
Statut: Résolu"
TICKET-1883,Bug logiciel,Haute,Erreur détectée lors de l'utilisation - Code erreur: 551.,"Identification du bug, correction dans le code et déploiement du patch.","Catégorie: Bug logiciel
Priorité: Haute
Description: Erreur détectée lors de l'utilisation - Code erreur: 551.
Solution: Identification du bug, correction dans le code et déploiement du patch.
Statut: Résolu"
TICKET-1884,Formation utilisateur,Haute,Problème de catégorie Formation utilisateur pour l'utilisateur 1884.,Organisation de session de formation et création de guides.,"Catégorie: Formation utilisateur
Priorité: Haute
Description: Problème de catégorie Formation utilisateur pour l'utilisateur 1884.
Solution: Organisation de session de formation et création de guides.
Statut: Résolu"
TICKET-1885,Accès refusé,Critique,Impossible d'accéder à l'application - Permissions insuffisantes.,Vérification des permissions utilisateur et mise à jour des droits d'accès.,"Catégorie: Accès refusé
Priorité: Critique
Description: Impossible d'accéder à l'application - Permissions insuffisantes.
Solution: Vérification des permissions utilisateur et mise à jour des droits d'accès.
Statut: Résolu"
TICKET-1886,Formation utilisateur,Critique,Problème de catégorie Formation utilisateur pour l'utilisateur 1886.,Organisation de session de formation et création de guides.,"Catégorie: Formation utilisateur
Priorité: Critique
Description: Problème de catégorie Formation utilisateur pour l'utilisateur 1886.
Solution: Organisation de session de formation et création de guides.
Statut: Résolu"
TICKET-1887,Performance lente,Critique,Temps de réponse très élevé lors de la recherche - 29 secondes.,Optimisation des requêtes et vérification de la charge serveur.,"Catégorie: Performance lente
Priorité: Critique
Description: Temps de réponse très élevé lors de la recherche - 29 secondes.
Solution: Optimisation des requêtes et vérification de la charge serveur.
Statut: Résolu"
TICKET-1888,Erreur de connexion,Haute,Échec de connexion au serveur email - Timeout après 104 secondes.,Test de connectivité réseau et reconfiguration des paramètres.,"Catégorie: Erreur de connexion
Priorité: Haute
Description: Échec de connexion au serveur email - Timeout après 104 secondes.
Solution: Test de connectivité réseau et reconfiguration des paramètres.
Statut: Résolu"
TICKET-1889,Erreur de connexion,Normale,Échec de connexion au serveur email - Timeout après 48 secondes.,Test de connectivité réseau et reconfiguration des paramètres.,"Catégorie: Erreur de connexion
Priorité: Normale
Description: Échec de connexion au serveur email - Timeout après 48 secondes.
Solution: Test de connectivité réseau et reconfiguration des paramètres.
Statut: Résolu"
TICKET-1890,Performance lente,Critique,Temps de réponse très élevé lors de la connexion - 18 secondes.,Optimisation des requêtes et vérification de la charge serveur.,"Catégorie: Performance lente
Priorité: Critique
Description: Temps de réponse très élevé lors de la connexion - 18 secondes.
Solution: Optimisation des requêtes et vérification de la charge serveur.
Statut: Résolu"
TICKET-1891,Formation utilisateur,Critique,Problème de catégorie Formation utilisateur pour l'utilisateur 1891.,Organisation de session de formation et création de guides.,"Catégorie: Formation utilisateur
Priorité: Critique
Description: Problème de catégorie Formation utilisateur pour l'utilisateur 1891.
Solution: Organisation de session de formation et création de guides.
Statut: Résolu"
TICKET-1892,Demande d'information,Basse,Demande d'aide pour configurer le système.,Fourniture de la documentation appropriée et explication détaillée.,"Catégorie: Demande d'information
Priorité: Basse
Description: Demande d'aide pour configurer le système.
Solution: Fourniture de la documentation appropriée et explication détaillée.
Statut: Résolu"
TICKET-1893,Problème technique,Haute,L'utilisateur 1893 rencontre un dysfonctionnement avec le système.,Vérification des logs système et redémarrage du service concerné.,"Catégorie: Problème technique
Priorité: Haute
Description: L'utilisateur 1893 rencontre un dysfonctionnement avec le système.
Solution: Vérification des logs système et redémarrage du service concerné.
Statut: Résolu"
TICKET-1894,Formation utilisateur,Haute,Problème de catégorie Formation utilisateur pour l'utilisateur 1894.,Organisation de session de formation et création de guides.,"Catégorie: Formation utilisateur
Priorité: Haute
Description: Problème de catégorie Formation utilisateur pour l'utilisateur 1894.
Solution: Organisation de session de formation et création de guides.
Statut: Résolu"
TICKET-1895,Accès refusé,Basse,Impossible d'accéder à la base de données - Permissions insuffisantes.,Vérification des permissions utilisateur et mise à jour des droits d'accès.,"Catégorie: Accès refusé
Priorité: Basse
Description: Impossible d'accéder à la base de données - Permissions insuffisantes.
Solution: Vérification des permissions utilisateur et mise à jour des droits d'accès.
Statut: Résolu"
TICKET-1896,Problème technique,Critique,L'utilisateur 1896 rencontre un dysfonctionnement avec le système.,Vérification des logs système et redémarrage du service concerné.,"Catégorie: Problème technique
Priorité: Critique
Description: L'utilisateur 1896 rencontre un dysfonctionnement avec le système.
Solution: Vérification des logs système et redémarrage du service concerné.
Statut: Résolu"
TICKET-1897,Bug logiciel,Haute,Erreur détectée lors de la connexion - Code erreur: 432.,"Identification du bug, correction dans le code et déploiement du patch.","Catégorie: Bug logiciel
Priorité: Haute
Description: Erreur détectée lors de la connexion - Code erreur: 432.
Solution: Identification du bug, correction dans le code et déploiement du patch.
Statut: Résolu"
TICKET-1898,Problème technique,Normale,L'utilisateur 1898 rencontre un dysfonctionnement avec l'interface.,Vérification des logs système et redémarrage du service concerné.,"Catégorie: Problème technique
Priorité: Normale
Description: L'utilisateur 1898 rencontre un dysfonctionnement avec l'interface.
Solution: Vérification des logs système et redémarrage du service concerné.
Statut: Résolu"
TICKET-1899,Bug logiciel,Haute,Erreur détectée lors de la connexion - Code erreur: 568.,"Identification du bug, correction dans le code et déploiement du patch.","Catégorie: Bug logiciel
Priorité: Haute
Description: Erreur détectée lors de la connexion - Code erreur: 568.
Solution: Identification du bug, correction dans le code et déploiement du patch.
Statut: Résolu"
TICKET-1900,Mise à jour requise,Basse,Problème de catégorie Mise à jour requise pour l'utilisateur 1900.,Planification et exécution de la mise à jour système.,"Catégorie: Mise à jour requise
Priorité: Basse
Description: Problème de catégorie Mise à jour requise pour l'utilisateur 1900.
Solution: Planification et exécution de la mise à jour système.
Statut: Résolu"
TICKET-1901,Mise à jour requise,Critique,Problème de catégorie Mise à jour requise pour l'utilisateur 1901.,Planification et exécution de la mise à jour système.,"Catégorie: Mise à jour requise
Priorité: Critique
Description: Problème de catégorie Mise à jour requise pour l'utilisateur 1901.
Solution: Planification et exécution de la mise à jour système.
Statut: Résolu"
TICKET-1902,Récupération de mot de passe,Basse,Problème de catégorie Récupération de mot de passe pour l'utilisateur 1902.,Solution en cours d'élaboration.,"Catégorie: Récupération de mot de passe
Priorité: Basse
Description: Problème de catégorie Récupération de mot de passe pour l'utilisateur 1902.
Solution: Solution en cours d'élaboration.
Statut: Résolu"
TICKET-1903,Bug logiciel,Critique,Erreur détectée lors de la sauvegarde - Code erreur: 204.,"Identification du bug, correction dans le code et déploiement du patch.","Catégorie: Bug logiciel
Priorité: Critique
Description: Erreur détectée lors de la sauvegarde - Code erreur: 204.
Solution: Identification du bug, correction dans le code et déploiement du patch.
Statut: Résolu"
TICKET-1904,Récupération de mot de passe,Basse,Problème de catégorie Récupération de mot de passe pour l'utilisateur 1904.,Solution en cours d'élaboration.,"Catégorie: Récupération de mot de passe
Priorité: Basse
Description: Problème de catégorie Récupération de mot de passe pour l'utilisateur 1904.
Solution: Solution en cours d'élaboration.
Statut: Résolu"
TICKET-1905,Bug logiciel,Normale,Erreur détectée lors de la sauvegarde - Code erreur: 510.,"Identification du bug, correction dans le code et déploiement du patch.","Catégorie: Bug logiciel
Priorité: Normale
Description: Erreur détectée lors de la sauvegarde - Code erreur: 510.
Solution: Identification du bug, correction dans le code et déploiement du patch.
Statut: Résolu"
TICKET-1906,Demande d'information,Normale,Demande d'aide pour configurer l'application.,Fourniture de la documentation appropriée et explication détaillée.,"Catégorie: Demande d'information
Priorité: Normale
Description: Demande d'aide pour configurer l'application.
Solution: Fourniture de la documentation appropriée et explication détaillée.
Statut: Résolu"
TICKET-1907,Récupération de mot de passe,Basse,Problème de catégorie Récupération de mot de passe pour l'utilisateur 1907.,Solution en cours d'élaboration.,"Catégorie: Récupération de mot de passe
Priorité: Basse
Description: Problème de catégorie Récupération de mot de passe pour l'utilisateur 1907.
Solution: Solution en cours d'élaboration.
Statut: Résolu"
TICKET-1908,Erreur de connexion,Basse,Échec de connexion au serveur email - Timeout après 99 secondes.,Test de connectivité réseau et reconfiguration des paramètres.,"Catégorie: Erreur de connexion
Priorité: Basse
Description: Échec de connexion au serveur email - Timeout après 99 secondes.
Solution: Test de connectivité réseau et reconfiguration des paramètres.
Statut: Résolu"
TICKET-1909,Accès refusé,Critique,Impossible d'accéder à la base de données - Permissions insuffisantes.,Vérification des permissions utilisateur et mise à jour des droits d'accès.,"Catégorie: Accès refusé
Priorité: Critique
Description: Impossible d'accéder à la base de données - Permissions insuffisantes.
Solution: Vérification des permissions utilisateur et mise à jour des droits d'accès.
Statut: Résolu"
TICKET-1910,Demande d'information,Normale,Demande d'aide pour configurer le système.,Fourniture de la documentation appropriée et explication détaillée.,"Catégorie: Demande d'information
Priorité: Normale
Description: Demande d'aide pour configurer le système.
Solution: Fourniture de la documentation appropriée et explication détaillée.
Statut: Résolu"
TICKET-1911,Erreur de connexion,Haute,Échec de connexion au serveur database - Timeout après 62 secondes.,Test de connectivité réseau et reconfiguration des paramètres.,"Catégorie: Erreur de connexion
Priorité: Haute
Description: Échec de connexion au serveur database - Timeout après 62 secondes.
Solution: Test de connectivité réseau et reconfiguration des paramètres.
Statut: Résolu"
TICKET-1912,Performance lente,Critique,Temps de réponse très élevé lors de la connexion - 20 secondes.,Optimisation des requêtes et vérification de la charge serveur.,"Catégorie: Performance lente
Priorité: Critique
Description: Temps de réponse très élevé lors de la connexion - 20 secondes.
Solution: Optimisation des requêtes et vérification de la charge serveur.
Statut: Résolu"
TICKET-1913,Demande d'information,Basse,Demande d'aide pour configurer l'application.,Fourniture de la documentation appropriée et explication détaillée.,"Catégorie: Demande d'information
Priorité: Basse
Description: Demande d'aide pour configurer l'application.
Solution: Fourniture de la documentation appropriée et explication détaillée.
Statut: Résolu"
TICKET-1914,Formation utilisateur,Basse,Problème de catégorie Formation utilisateur pour l'utilisateur 1914.,Organisation de session de formation et création de guides.,"Catégorie: Formation utilisateur
Priorité: Basse
Description: Problème de catégorie Formation utilisateur pour l'utilisateur 1914.
Solution: Organisation de session de formation et création de guides.
Statut: Résolu"
TICKET-1915,Récupération de mot de passe,Basse,Problème de catégorie Récupération de mot de passe pour l'utilisateur 1915.,Solution en cours d'élaboration.,"Catégorie: Récupération de mot de passe
Priorité: Basse
Description: Problème de catégorie Récupération de mot de passe pour l'utilisateur 1915.
Solution: Solution en cours d'élaboration.
Statut: Résolu"
TICKET-1916,Bug logiciel,Normale,Erreur détectée lors de la connexion - Code erreur: 808.,"Identification du bug, correction dans le code et déploiement du patch.","Catégorie: Bug logiciel
Priorité: Normale
Description: Erreur détectée lors de la connexion - Code erreur: 808.
Solution: Identification du bug, correction dans le code et déploiement du patch.
Statut: Résolu"
TICKET-1917,Erreur de connexion,Normale,Échec de connexion au serveur web - Timeout après 35 secondes.,Test de connectivité réseau et reconfiguration des paramètres.,"Catégorie: Erreur de connexion
Priorité: Normale
Description: Échec de connexion au serveur web - Timeout après 35 secondes.
Solution: Test de connectivité réseau et reconfiguration des paramètres.
Statut: Résolu"
TICKET-1918,Récupération de mot de passe,Basse,Problème de catégorie Récupération de mot de passe pour l'utilisateur 1918.,Solution en cours d'élaboration.,"Catégorie: Récupération de mot de passe
Priorité: Basse
Description: Problème de catégorie Récupération de mot de passe pour l'utilisateur 1918.
Solution: Solution en cours d'élaboration.
Statut: Résolu"
TICKET-1919,Performance lente,Basse,Temps de réponse très élevé lors de la recherche - 15 secondes.,Optimisation des requêtes et vérification de la charge serveur.,"Catégorie: Performance lente
Priorité: Basse
Description: Temps de réponse très élevé lors de la recherche - 15 secondes.
Solution: Optimisation des requêtes et vérification de la charge serveur.
Statut: Résolu"
TICKET-1920,Bug logiciel,Basse,Erreur détectée lors de la connexion - Code erreur: 257.,"Identification du bug, correction dans le code et déploiement du patch.","Catégorie: Bug logiciel
Priorité: Basse
Description: Erreur détectée lors de la connexion - Code erreur: 257.
Solution: Identification du bug, correction dans le code et déploiement du patch.
Statut: Résolu"
TICKET-1921,Performance lente,Critique,Temps de réponse très élevé lors de la connexion - 10 secondes.,Optimisation des requêtes et vérification de la charge serveur.,"Catégorie: Performance lente
Priorité: Critique
Description: Temps de réponse très élevé lors de la connexion - 10 secondes.
Solution: Optimisation des requêtes et vérification de la charge serveur.
Statut: Résolu"
TICKET-1922,Récupération de mot de passe,Normale,Problème de catégorie Récupération de mot de passe pour l'utilisateur 1922.,Solution en cours d'élaboration.,"Catégorie: Récupération de mot de passe
Priorité: Normale
Description: Problème de catégorie Récupération de mot de passe pour l'utilisateur 1922.
Solution: Solution en cours d'élaboration.
Statut: Résolu"
TICKET-1923,Accès refusé,Basse,Impossible d'accéder à la base de données - Permissions insuffisantes.,Vérification des permissions utilisateur et mise à jour des droits d'accès.,"Catégorie: Accès refusé
Priorité: Basse
Description: Impossible d'accéder à la base de données - Permissions insuffisantes.
Solution: Vérification des permissions utilisateur et mise à jour des droits d'accès.
Statut: Résolu"
TICKET-1924,Erreur de connexion,Basse,Échec de connexion au serveur database - Timeout après 102 secondes.,Test de connectivité réseau et reconfiguration des paramètres.,"Catégorie: Erreur de connexion
Priorité: Basse
Description: Échec de connexion au serveur database - Timeout après 102 secondes.
Solution: Test de connectivité réseau et reconfiguration des paramètres.
Statut: Résolu"
TICKET-1925,Problème technique,Haute,L'utilisateur 1925 rencontre un dysfonctionnement avec le système.,Vérification des logs système et redémarrage du service concerné.,"Catégorie: Problème technique
Priorité: Haute
Description: L'utilisateur 1925 rencontre un dysfonctionnement avec le système.
Solution: Vérification des logs système et redémarrage du service concerné.
Statut: Résolu"
TICKET-1926,Performance lente,Critique,Temps de réponse très élevé lors de l'affichage - 12 secondes.,Optimisation des requêtes et vérification de la charge serveur.,"Catégorie: Performance lente
Priorité: Critique
Description: Temps de réponse très élevé lors de l'affichage - 12 secondes.
Solution: Optimisation des requêtes et vérification de la charge serveur.
Statut: Résolu"
TICKET-1927,Récupération de mot de passe,Haute,Problème de catégorie Récupération de mot de passe pour l'utilisateur 1927.,Solution en cours d'élaboration.,"Catégorie: Récupération de mot de passe
Priorité: Haute
Description: Problème de catégorie Récupération de mot de passe pour l'utilisateur 1927.
Solution: Solution en cours d'élaboration.
Statut: Résolu"
TICKET-1928,Bug logiciel,Basse,Erreur détectée lors de la connexion - Code erreur: 834.,"Identification du bug, correction dans le code et déploiement du patch.","Catégorie: Bug logiciel
Priorité: Basse
Description: Erreur détectée lors de la connexion - Code erreur: 834.
Solution: Identification du bug, correction dans le code et déploiement du patch.
Statut: Résolu"
TICKET-1929,Demande d'information,Normale,Demande d'aide pour utiliser le système.,Fourniture de la documentation appropriée et explication détaillée.,"Catégorie: Demande d'information
Priorité: Normale
Description: Demande d'aide pour utiliser le système.
Solution: Fourniture de la documentation appropriée et explication détaillée.
Statut: Résolu"
TICKET-1930,Problème technique,Basse,L'utilisateur 1930 rencontre un dysfonctionnement avec l'application.,Vérification des logs système et redémarrage du service concerné.,"Catégorie: Problème technique
Priorité: Basse
Description: L'utilisateur 1930 rencontre un dysfonctionnement avec l'application.
Solution: Vérification des logs système et redémarrage du service concerné.
Statut: Résolu"
TICKET-1931,Récupération de mot de passe,Critique,Problème de catégorie Récupération de mot de passe pour l'utilisateur 1931.,Solution en cours d'élaboration.,"Catégorie: Récupération de mot de passe
Priorité: Critique
Description: Problème de catégorie Récupération de mot de passe pour l'utilisateur 1931.
Solution: Solution en cours d'élaboration.
Statut: Résolu"
TICKET-1932,Bug logiciel,Critique,Erreur détectée lors de la sauvegarde - Code erreur: 116.,"Identification du bug, correction dans le code et déploiement du patch.","Catégorie: Bug logiciel
Priorité: Critique
Description: Erreur détectée lors de la sauvegarde - Code erreur: 116.
Solution: Identification du bug, correction dans le code et déploiement du patch.
Statut: Résolu"
TICKET-1933,Formation utilisateur,Critique,Problème de catégorie Formation utilisateur pour l'utilisateur 1933.,Organisation de session de formation et création de guides.,"Catégorie: Formation utilisateur
Priorité: Critique
Description: Problème de catégorie Formation utilisateur pour l'utilisateur 1933.
Solution: Organisation de session de formation et création de guides.
Statut: Résolu"
TICKET-1934,Erreur de connexion,Normale,Échec de connexion au serveur email - Timeout après 54 secondes.,Test de connectivité réseau et reconfiguration des paramètres.,"Catégorie: Erreur de connexion
Priorité: Normale
Description: Échec de connexion au serveur email - Timeout après 54 secondes.
Solution: Test de connectivité réseau et reconfiguration des paramètres.
Statut: Résolu"
TICKET-1935,Performance lente,Haute,Temps de réponse très élevé lors de la connexion - 6 secondes.,Optimisation des requêtes et vérification de la charge serveur.,"Catégorie: Performance lente
Priorité: Haute
Description: Temps de réponse très élevé lors de la connexion - 6 secondes.
Solution: Optimisation des requêtes et vérification de la charge serveur.
Statut: Résolu"
TICKET-1936,Bug logiciel,Basse,Erreur détectée lors de la connexion - Code erreur: 119.,"Identification du bug, correction dans le code et déploiement du patch.","Catégorie: Bug logiciel
Priorité: Basse
Description: Erreur détectée lors de la connexion - Code erreur: 119.
Solution: Identification du bug, correction dans le code et déploiement du patch.
Statut: Résolu"
TICKET-1937,Erreur de connexion,Normale,Échec de connexion au serveur database - Timeout après 45 secondes.,Test de connectivité réseau et reconfiguration des paramètres.,"Catégorie: Erreur de connexion
Priorité: Normale
Description: Échec de connexion au serveur database - Timeout après 45 secondes.
Solution: Test de connectivité réseau et reconfiguration des paramètres.
Statut: Résolu"
TICKET-1938,Problème technique,Normale,L'utilisateur 1938 rencontre un dysfonctionnement avec le système.,Vérification des logs système et redémarrage du service concerné.,"Catégorie: Problème technique
Priorité: Normale
Description: L'utilisateur 1938 rencontre un dysfonctionnement avec le système.
Solution: Vérification des logs système et redémarrage du service concerné.
Statut: Résolu"
TICKET-1939,Récupération de mot de passe,Basse,Problème de catégorie Récupération de mot de passe pour l'utilisateur 1939.,Solution en cours d'élaboration.,"Catégorie: Récupération de mot de passe
Priorité: Basse
Description: Problème de catégorie Récupération de mot de passe pour l'utilisateur 1939.
Solution: Solution en cours d'élaboration.
Statut: Résolu"
TICKET-1940,Demande d'information,Basse,Demande d'aide pour configurer le système.,Fourniture de la documentation appropriée et explication détaillée.,"Catégorie: Demande d'information
Priorité: Basse
Description: Demande d'aide pour configurer le système.
Solution: Fourniture de la documentation appropriée et explication détaillée.
Statut: Résolu"
TICKET-1941,Formation utilisateur,Haute,Problème de catégorie Formation utilisateur pour l'utilisateur 1941.,Organisation de session de formation et création de guides.,"Catégorie: Formation utilisateur
Priorité: Haute
Description: Problème de catégorie Formation utilisateur pour l'utilisateur 1941.
Solution: Organisation de session de formation et création de guides.
Statut: Résolu"
TICKET-1942,Accès refusé,Normale,Impossible d'accéder à l'application - Permissions insuffisantes.,Vérification des permissions utilisateur et mise à jour des droits d'accès.,"Catégorie: Accès refusé
Priorité: Normale
Description: Impossible d'accéder à l'application - Permissions insuffisantes.
Solution: Vérification des permissions utilisateur et mise à jour des droits d'accès.
Statut: Résolu"
TICKET-1943,Mise à jour requise,Basse,Problème de catégorie Mise à jour requise pour l'utilisateur 1943.,Planification et exécution de la mise à jour système.,"Catégorie: Mise à jour requise
Priorité: Basse
Description: Problème de catégorie Mise à jour requise pour l'utilisateur 1943.
Solution: Planification et exécution de la mise à jour système.
Statut: Résolu"
TICKET-1944,Mise à jour requise,Critique,Problème de catégorie Mise à jour requise pour l'utilisateur 1944.,Planification et exécution de la mise à jour système.,"Catégorie: Mise à jour requise
Priorité: Critique
Description: Problème de catégorie Mise à jour requise pour l'utilisateur 1944.
Solution: Planification et exécution de la mise à jour système.
Statut: Résolu"
TICKET-1945,Formation utilisateur,Basse,Problème de catégorie Formation utilisateur pour l'utilisateur 1945.,Organisation de session de formation et création de guides.,"Catégorie: Formation utilisateur
Priorité: Basse
Description: Problème de catégorie Formation utilisateur pour l'utilisateur 1945.
Solution: Organisation de session de formation et création de guides.
Statut: Résolu"
TICKET-1946,Récupération de mot de passe,Basse,Problème de catégorie Récupération de mot de passe pour l'utilisateur 1946.,Solution en cours d'élaboration.,"Catégorie: Récupération de mot de passe
Priorité: Basse
Description: Problème de catégorie Récupération de mot de passe pour l'utilisateur 1946.
Solution: Solution en cours d'élaboration.
Statut: Résolu"
TICKET-1947,Problème technique,Normale,L'utilisateur 1947 rencontre un dysfonctionnement avec l'application.,Vérification des logs système et redémarrage du service concerné.,"Catégorie: Problème technique
Priorité: Normale
Description: L'utilisateur 1947 rencontre un dysfonctionnement avec l'application.
Solution: Vérification des logs système et redémarrage du service concerné.
Statut: Résolu"
TICKET-1948,Performance lente,Haute,Temps de réponse très élevé lors de la recherche - 17 secondes.,Optimisation des requêtes et vérification de la charge serveur.,"Catégorie: Performance lente
Priorité: Haute
Description: Temps de réponse très élevé lors de la recherche - 17 secondes.
Solution: Optimisation des requêtes et vérification de la charge serveur.
Statut: Résolu"
TICKET-1949,Performance lente,Basse,Temps de réponse très élevé lors de l'affichage - 24 secondes.,Optimisation des requêtes et vérification de la charge serveur.,"Catégorie: Performance lente
Priorité: Basse
Description: Temps de réponse très élevé lors de l'affichage - 24 secondes.
Solution: Optimisation des requêtes et vérification de la charge serveur.
Statut: Résolu"
TICKET-1950,Problème technique,Critique,L'utilisateur 1950 rencontre un dysfonctionnement avec l'interface.,Vérification des logs système et redémarrage du service concerné.,"Catégorie: Problème technique
Priorité: Critique
Description: L'utilisateur 1950 rencontre un dysfonctionnement avec l'interface.
Solution: Vérification des logs système et redémarrage du service concerné.
Statut: Résolu"
TICKET-1951,Erreur de connexion,Basse,Échec de connexion au serveur web - Timeout après 66 secondes.,Test de connectivité réseau et reconfiguration des paramètres.,"Catégorie: Erreur de connexion
Priorité: Basse
Description: Échec de connexion au serveur web - Timeout après 66 secondes.
Solution: Test de connectivité réseau et reconfiguration des paramètres.
Statut: Résolu"
TICKET-1952,Performance lente,Haute,Temps de réponse très élevé lors de la connexion - 12 secondes.,Optimisation des requêtes et vérification de la charge serveur.,"Catégorie: Performance lente
Priorité: Haute
Description: Temps de réponse très élevé lors de la connexion - 12 secondes.
Solution: Optimisation des requêtes et vérification de la charge serveur.
Statut: Résolu"
TICKET-1953,Accès refusé,Normale,Impossible d'accéder à le serveur - Permissions insuffisantes.,Vérification des permissions utilisateur et mise à jour des droits d'accès.,"Catégorie: Accès refusé
Priorité: Normale
Description: Impossible d'accéder à le serveur - Permissions insuffisantes.
Solution: Vérification des permissions utilisateur et mise à jour des droits d'accès.
Statut: Résolu"
TICKET-1954,Récupération de mot de passe,Normale,Problème de catégorie Récupération de mot de passe pour l'utilisateur 1954.,Solution en cours d'élaboration.,"Catégorie: Récupération de mot de passe
Priorité: Normale
Description: Problème de catégorie Récupération de mot de passe pour l'utilisateur 1954.
Solution: Solution en cours d'élaboration.
Statut: Résolu"
TICKET-1955,Mise à jour requise,Normale,Problème de catégorie Mise à jour requise pour l'utilisateur 1955.,Planification et exécution de la mise à jour système.,"Catégorie: Mise à jour requise
Priorité: Normale
Description: Problème de catégorie Mise à jour requise pour l'utilisateur 1955.
Solution: Planification et exécution de la mise à jour système.
Statut: Résolu"
TICKET-1956,Accès refusé,Normale,Impossible d'accéder à la base de données - Permissions insuffisantes.,Vérification des permissions utilisateur et mise à jour des droits d'accès.,"Catégorie: Accès refusé
Priorité: Normale
Description: Impossible d'accéder à la base de données - Permissions insuffisantes.
Solution: Vérification des permissions utilisateur et mise à jour des droits d'accès.
Statut: Résolu"
TICKET-1957,Récupération de mot de passe,Critique,Problème de catégorie Récupération de mot de passe pour l'utilisateur 1957.,Solution en cours d'élaboration.,"Catégorie: Récupération de mot de passe
Priorité: Critique
Description: Problème de catégorie Récupération de mot de passe pour l'utilisateur 1957.
Solution: Solution en cours d'élaboration.
Statut: Résolu"
TICKET-1958,Bug logiciel,Basse,Erreur détectée lors de la sauvegarde - Code erreur: 993.,"Identification du bug, correction dans le code et déploiement du patch.","Catégorie: Bug logiciel
Priorité: Basse
Description: Erreur détectée lors de la sauvegarde - Code erreur: 993.
Solution: Identification du bug, correction dans le code et déploiement du patch.
Statut: Résolu"
TICKET-1959,Performance lente,Normale,Temps de réponse très élevé lors de la recherche - 19 secondes.,Optimisation des requêtes et vérification de la charge serveur.,"Catégorie: Performance lente
Priorité: Normale
Description: Temps de réponse très élevé lors de la recherche - 19 secondes.
Solution: Optimisation des requêtes et vérification de la charge serveur.
Statut: Résolu"
TICKET-1960,Formation utilisateur,Basse,Problème de catégorie Formation utilisateur pour l'utilisateur 1960.,Organisation de session de formation et création de guides.,"Catégorie: Formation utilisateur
Priorité: Basse
Description: Problème de catégorie Formation utilisateur pour l'utilisateur 1960.
Solution: Organisation de session de formation et création de guides.
Statut: Résolu"
TICKET-1961,Mise à jour requise,Basse,Problème de catégorie Mise à jour requise pour l'utilisateur 1961.,Planification et exécution de la mise à jour système.,"Catégorie: Mise à jour requise
Priorité: Basse
Description: Problème de catégorie Mise à jour requise pour l'utilisateur 1961.
Solution: Planification et exécution de la mise à jour système.
Statut: Résolu"
TICKET-1962,Demande d'information,Basse,Demande d'aide pour configurer le système.,Fourniture de la documentation appropriée et explication détaillée.,"Catégorie: Demande d'information
Priorité: Basse
Description: Demande d'aide pour configurer le système.
Solution: Fourniture de la documentation appropriée et explication détaillée.
Statut: Résolu"
TICKET-1963,Accès refusé,Haute,Impossible d'accéder à le serveur - Permissions insuffisantes.,Vérification des permissions utilisateur et mise à jour des droits d'accès.,"Catégorie: Accès refusé
Priorité: Haute
Description: Impossible d'accéder à le serveur - Permissions insuffisantes.
Solution: Vérification des permissions utilisateur et mise à jour des droits d'accès.
Statut: Résolu"
TICKET-1964,Formation utilisateur,Basse,Problème de catégorie Formation utilisateur pour l'utilisateur 1964.,Organisation de session de formation et création de guides.,"Catégorie: Formation utilisateur
Priorité: Basse
Description: Problème de catégorie Formation utilisateur pour l'utilisateur 1964.
Solution: Organisation de session de formation et création de guides.
Statut: Résolu"
TICKET-1965,Demande d'information,Basse,Demande d'aide pour configurer la fonctionnalité.,Fourniture de la documentation appropriée et explication détaillée.,"Catégorie: Demande d'information
Priorité: Basse
Description: Demande d'aide pour configurer la fonctionnalité.
Solution: Fourniture de la documentation appropriée et explication détaillée.
Statut: Résolu"
TICKET-1966,Formation utilisateur,Normale,Problème de catégorie Formation utilisateur pour l'utilisateur 1966.,Organisation de session de formation et création de guides.,"Catégorie: Formation utilisateur
Priorité: Normale
Description: Problème de catégorie Formation utilisateur pour l'utilisateur 1966.
Solution: Organisation de session de formation et création de guides.
Statut: Résolu"
TICKET-1967,Performance lente,Normale,Temps de réponse très élevé lors de la recherche - 29 secondes.,Optimisation des requêtes et vérification de la charge serveur.,"Catégorie: Performance lente
Priorité: Normale
Description: Temps de réponse très élevé lors de la recherche - 29 secondes.
Solution: Optimisation des requêtes et vérification de la charge serveur.
Statut: Résolu"
TICKET-1968,Performance lente,Haute,Temps de réponse très élevé lors de la connexion - 24 secondes.,Optimisation des requêtes et vérification de la charge serveur.,"Catégorie: Performance lente
Priorité: Haute
Description: Temps de réponse très élevé lors de la connexion - 24 secondes.
Solution: Optimisation des requêtes et vérification de la charge serveur.
Statut: Résolu"
TICKET-1969,Récupération de mot de passe,Normale,Problème de catégorie Récupération de mot de passe pour l'utilisateur 1969.,Solution en cours d'élaboration.,"Catégorie: Récupération de mot de passe
Priorité: Normale
Description: Problème de catégorie Récupération de mot de passe pour l'utilisateur 1969.
Solution: Solution en cours d'élaboration.
Statut: Résolu"
TICKET-1970,Récupération de mot de passe,Critique,Problème de catégorie Récupération de mot de passe pour l'utilisateur 1970.,Solution en cours d'élaboration.,"Catégorie: Récupération de mot de passe
Priorité: Critique
Description: Problème de catégorie Récupération de mot de passe pour l'utilisateur 1970.
Solution: Solution en cours d'élaboration.
Statut: Résolu"
TICKET-1971,Récupération de mot de passe,Normale,Problème de catégorie Récupération de mot de passe pour l'utilisateur 1971.,Solution en cours d'élaboration.,"Catégorie: Récupération de mot de passe
Priorité: Normale
Description: Problème de catégorie Récupération de mot de passe pour l'utilisateur 1971.
Solution: Solution en cours d'élaboration.
Statut: Résolu"
TICKET-1972,Problème technique,Haute,L'utilisateur 1972 rencontre un dysfonctionnement avec l'interface.,Vérification des logs système et redémarrage du service concerné.,"Catégorie: Problème technique
Priorité: Haute
Description: L'utilisateur 1972 rencontre un dysfonctionnement avec l'interface.
Solution: Vérification des logs système et redémarrage du service concerné.
Statut: Résolu"
TICKET-1973,Erreur de connexion,Haute,Échec de connexion au serveur database - Timeout après 117 secondes.,Test de connectivité réseau et reconfiguration des paramètres.,"Catégorie: Erreur de connexion
Priorité: Haute
Description: Échec de connexion au serveur database - Timeout après 117 secondes.
Solution: Test de connectivité réseau et reconfiguration des paramètres.
Statut: Résolu"
TICKET-1974,Mise à jour requise,Normale,Problème de catégorie Mise à jour requise pour l'utilisateur 1974.,Planification et exécution de la mise à jour système.,"Catégorie: Mise à jour requise
Priorité: Normale
Description: Problème de catégorie Mise à jour requise pour l'utilisateur 1974.
Solution: Planification et exécution de la mise à jour système.
Statut: Résolu"
TICKET-1975,Mise à jour requise,Haute,Problème de catégorie Mise à jour requise pour l'utilisateur 1975.,Planification et exécution de la mise à jour système.,"Catégorie: Mise à jour requise
Priorité: Haute
Description: Problème de catégorie Mise à jour requise pour l'utilisateur 1975.
Solution: Planification et exécution de la mise à jour système.
Statut: Résolu"
TICKET-1976,Accès refusé,Haute,Impossible d'accéder à la base de données - Permissions insuffisantes.,Vérification des permissions utilisateur et mise à jour des droits d'accès.,"Catégorie: Accès refusé
Priorité: Haute
Description: Impossible d'accéder à la base de données - Permissions insuffisantes.
Solution: Vérification des permissions utilisateur et mise à jour des droits d'accès.
Statut: Résolu"
TICKET-1977,Formation utilisateur,Haute,Problème de catégorie Formation utilisateur pour l'utilisateur 1977.,Organisation de session de formation et création de guides.,"Catégorie: Formation utilisateur
Priorité: Haute
Description: Problème de catégorie Formation utilisateur pour l'utilisateur 1977.
Solution: Organisation de session de formation et création de guides.
Statut: Résolu"
TICKET-1978,Bug logiciel,Haute,Erreur détectée lors de l'utilisation - Code erreur: 293.,"Identification du bug, correction dans le code et déploiement du patch.","Catégorie: Bug logiciel
Priorité: Haute
Description: Erreur détectée lors de l'utilisation - Code erreur: 293.
Solution: Identification du bug, correction dans le code et déploiement du patch.
Statut: Résolu"
TICKET-1979,Erreur de connexion,Basse,Échec de connexion au serveur email - Timeout après 119 secondes.,Test de connectivité réseau et reconfiguration des paramètres.,"Catégorie: Erreur de connexion
Priorité: Basse
Description: Échec de connexion au serveur email - Timeout après 119 secondes.
Solution: Test de connectivité réseau et reconfiguration des paramètres.
Statut: Résolu"
TICKET-1980,Problème technique,Critique,L'utilisateur 1980 rencontre un dysfonctionnement avec le système.,Vérification des logs système et redémarrage du service concerné.,"Catégorie: Problème technique
Priorité: Critique
Description: L'utilisateur 1980 rencontre un dysfonctionnement avec le système.
Solution: Vérification des logs système et redémarrage du service concerné.
Statut: Résolu"
TICKET-1981,Accès refusé,Critique,Impossible d'accéder à le serveur - Permissions insuffisantes.,Vérification des permissions utilisateur et mise à jour des droits d'accès.,"Catégorie: Accès refusé
Priorité: Critique
Description: Impossible d'accéder à le serveur - Permissions insuffisantes.
Solution: Vérification des permissions utilisateur et mise à jour des droits d'accès.
Statut: Résolu"
TICKET-1982,Mise à jour requise,Basse,Problème de catégorie Mise à jour requise pour l'utilisateur 1982.,Planification et exécution de la mise à jour système.,"Catégorie: Mise à jour requise
Priorité: Basse
Description: Problème de catégorie Mise à jour requise pour l'utilisateur 1982.
Solution: Planification et exécution de la mise à jour système.
Statut: Résolu"
TICKET-1983,Performance lente,Haute,Temps de réponse très élevé lors de la recherche - 30 secondes.,Optimisation des requêtes et vérification de la charge serveur.,"Catégorie: Performance lente
Priorité: Haute
Description: Temps de réponse très élevé lors de la recherche - 30 secondes.
Solution: Optimisation des requêtes et vérification de la charge serveur.
Statut: Résolu"
TICKET-1984,Erreur de connexion,Haute,Échec de connexion au serveur web - Timeout après 48 secondes.,Test de connectivité réseau et reconfiguration des paramètres.,"Catégorie: Erreur de connexion
Priorité: Haute
Description: Échec de connexion au serveur web - Timeout après 48 secondes.
Solution: Test de connectivité réseau et reconfiguration des paramètres.
Statut: Résolu"
TICKET-1985,Mise à jour requise,Haute,Problème de catégorie Mise à jour requise pour l'utilisateur 1985.,Planification et exécution de la mise à jour système.,"Catégorie: Mise à jour requise
Priorité: Haute
Description: Problème de catégorie Mise à jour requise pour l'utilisateur 1985.
Solution: Planification et exécution de la mise à jour système.
Statut: Résolu"
TICKET-1986,Mise à jour requise,Haute,Problème de catégorie Mise à jour requise pour l'utilisateur 1986.,Planification et exécution de la mise à jour système.,"Catégorie: Mise à jour requise
Priorité: Haute
Description: Problème de catégorie Mise à jour requise pour l'utilisateur 1986.
Solution: Planification et exécution de la mise à jour système.
Statut: Résolu"
TICKET-1987,Accès refusé,Critique,Impossible d'accéder à la base de données - Permissions insuffisantes.,Vérification des permissions utilisateur et mise à jour des droits d'accès.,"Catégorie: Accès refusé
Priorité: Critique
Description: Impossible d'accéder à la base de données - Permissions insuffisantes.
Solution: Vérification des permissions utilisateur et mise à jour des droits d'accès.
Statut: Résolu"
TICKET-1988,Demande d'information,Normale,Demande d'aide pour utiliser la fonctionnalité.,Fourniture de la documentation appropriée et explication détaillée.,"Catégorie: Demande d'information
Priorité: Normale
Description: Demande d'aide pour utiliser la fonctionnalité.
Solution: Fourniture de la documentation appropriée et explication détaillée.
Statut: Résolu"
TICKET-1989,Formation utilisateur,Critique,Problème de catégorie Formation utilisateur pour l'utilisateur 1989.,Organisation de session de formation et création de guides.,"Catégorie: Formation utilisateur
Priorité: Critique
Description: Problème de catégorie Formation utilisateur pour l'utilisateur 1989.
Solution: Organisation de session de formation et création de guides.
Statut: Résolu"
TICKET-1990,Erreur de connexion,Basse,Échec de connexion au serveur web - Timeout après 40 secondes.,Test de connectivité réseau et reconfiguration des paramètres.,"Catégorie: Erreur de connexion
Priorité: Basse
Description: Échec de connexion au serveur web - Timeout après 40 secondes.
Solution: Test de connectivité réseau et reconfiguration des paramètres.
Statut: Résolu"
TICKET-1991,Accès refusé,Critique,Impossible d'accéder à le serveur - Permissions insuffisantes.,Vérification des permissions utilisateur et mise à jour des droits d'accès.,"Catégorie: Accès refusé
Priorité: Critique
Description: Impossible d'accéder à le serveur - Permissions insuffisantes.
Solution: Vérification des permissions utilisateur et mise à jour des droits d'accès.
Statut: Résolu"
TICKET-1992,Mise à jour requise,Critique,Problème de catégorie Mise à jour requise pour l'utilisateur 1992.,Planification et exécution de la mise à jour système.,"Catégorie: Mise à jour requise
Priorité: Critique
Description: Problème de catégorie Mise à jour requise pour l'utilisateur 1992.
Solution: Planification et exécution de la mise à jour système.
Statut: Résolu"
TICKET-1993,Problème technique,Critique,L'utilisateur 1993 rencontre un dysfonctionnement avec l'interface.,Vérification des logs système et redémarrage du service concerné.,"Catégorie: Problème technique
Priorité: Critique
Description: L'utilisateur 1993 rencontre un dysfonctionnement avec l'interface.
Solution: Vérification des logs système et redémarrage du service concerné.
Statut: Résolu"
TICKET-1994,Récupération de mot de passe,Critique,Problème de catégorie Récupération de mot de passe pour l'utilisateur 1994.,Solution en cours d'élaboration.,"Catégorie: Récupération de mot de passe
Priorité: Critique
Description: Problème de catégorie Récupération de mot de passe pour l'utilisateur 1994.
Solution: Solution en cours d'élaboration.
Statut: Résolu"
TICKET-1995,Erreur de connexion,Basse,Échec de connexion au serveur email - Timeout après 111 secondes.,Test de connectivité réseau et reconfiguration des paramètres.,"Catégorie: Erreur de connexion
Priorité: Basse
Description: Échec de connexion au serveur email - Timeout après 111 secondes.
Solution: Test de connectivité réseau et reconfiguration des paramètres.
Statut: Résolu"
TICKET-1996,Performance lente,Normale,Temps de réponse très élevé lors de la connexion - 29 secondes.,Optimisation des requêtes et vérification de la charge serveur.,"Catégorie: Performance lente
Priorité: Normale
Description: Temps de réponse très élevé lors de la connexion - 29 secondes.
Solution: Optimisation des requêtes et vérification de la charge serveur.
Statut: Résolu"
TICKET-1997,Mise à jour requise,Basse,Problème de catégorie Mise à jour requise pour l'utilisateur 1997.,Planification et exécution de la mise à jour système.,"Catégorie: Mise à jour requise
Priorité: Basse
Description: Problème de catégorie Mise à jour requise pour l'utilisateur 1997.
Solution: Planification et exécution de la mise à jour système.
Statut: Résolu"
TICKET-1998,Mise à jour requise,Normale,Problème de catégorie Mise à jour requise pour l'utilisateur 1998.,Planification et exécution de la mise à jour système.,"Catégorie: Mise à jour requise
Priorité: Normale
Description: Problème de catégorie Mise à jour requise pour l'utilisateur 1998.
Solution: Planification et exécution de la mise à jour système.
Statut: Résolu"
TICKET-1999,Demande d'information,Critique,Demande d'aide pour comprendre la fonctionnalité.,Fourniture de la documentation appropriée et explication détaillée.,"Catégorie: Demande d'information
Priorité: Critique
Description: Demande d'aide pour comprendre la fonctionnalité.
Solution: Fourniture de la documentation appropriée et explication détaillée.
Statut: Résolu"
TICKET-2000,Accès refusé,Normale,Impossible d'accéder à le serveur - Permissions insuffisantes.,Vérification des permissions utilisateur et mise à jour des droits d'accès.,"Catégorie: Accès refusé
Priorité: Normale
Description: Impossible d'accéder à le serveur - Permissions insuffisantes.
Solution: Vérification des permissions utilisateur et mise à jour des droits d'accès.
Statut: Résolu"
